日期,產品,平均價(元/公斤)
111/01/01,459 草莓 進口 ,735.1
111/01/01,469 藍莓 進口 ,30.6
111/01/01,839 櫻桃 進口 ,418.2
111/01/01,919 其他 進口 ,253.4
111/01/01,C9 柑橘 進口 ,266.7
111/01/01,F9 雜柑 進口 ,324.4
111/01/01,G49 奇異果 進口 ,47.7
111/01/01,O9 梨 其他進口 ,80.3
111/01/01,S49 葡萄 無子進口 ,79.4
111/01/01,S9 葡萄 進口 ,287.5
111/01/01,X09 蘋果 其他進口 ,126.7
111/01/01,X59 蘋果 紅玉進口 ,213.3
111/01/01,X69 蘋果 富士進口 ,87.3
111/01/01,Z39 柿子 柿餅進口 ,106.3
111/01/02,459 草莓 進口 ,796.5
111/01/02,469 藍莓 進口 ,30.1
111/01/02,839 櫻桃 進口 ,380.1
111/01/02,919 其他 進口 ,74.7
111/01/02,C9 柑橘 進口 ,290.7
111/01/02,F9 雜柑 進口 ,391.0
111/01/02,G49 奇異果 進口 ,68.2
111/01/02,O9 梨 其他進口 ,72.5
111/01/02,S49 葡萄 無子進口 ,85.4
111/01/02,S9 葡萄 進口 ,163.4
111/01/02,X09 蘋果 其他進口 ,158.8
111/01/02,X69 蘋果 富士進口 ,95.8
111/01/02,Z39 柿子 柿餅進口 ,117.7
111/01/04,459 草莓 進口 ,106.7
111/01/04,469 藍莓 進口 ,94.4
111/01/04,839 櫻桃 進口 ,407.7
111/01/04,C9 柑橘 進口 ,266.7
111/01/04,F9 雜柑 進口 ,179.0
111/01/04,G49 奇異果 進口 ,49.6
111/01/04,O9 梨 其他進口 ,79.1
111/01/04,S49 葡萄 無子進口 ,102.4
111/01/04,S9 葡萄 進口 ,68.4
111/01/04,X09 蘋果 其他進口 ,154.6
111/01/04,X59 蘋果 紅玉進口 ,154.1
111/01/04,X69 蘋果 富士進口 ,69.7
111/01/04,Y39 桃子 甜桃進口 ,85.6
111/01/04,Z39 柿子 柿餅進口 ,110.7
111/01/05,459 草莓 進口 ,591.0
111/01/05,469 藍莓 進口 ,125.4
111/01/05,839 櫻桃 進口 ,368.7
111/01/05,C9 柑橘 進口 ,120.4
111/01/05,F9 雜柑 進口 ,311.1
111/01/05,G49 奇異果 進口 ,69.9
111/01/05,O9 梨 其他進口 ,66.1
111/01/05,O99 梨 西洋梨進口 ,33.3
111/01/05,S49 葡萄 無子進口 ,103.6
111/01/05,S9 葡萄 進口 ,265.7
111/01/05,X09 蘋果 其他進口 ,156.3
111/01/05,X69 蘋果 富士進口 ,90.2
111/01/05,Y39 桃子 甜桃進口 ,80.7
111/01/05,Z39 柿子 柿餅進口 ,111.0
111/01/06,459 草莓 進口 ,160.5
111/01/06,469 藍莓 進口 ,100.0
111/01/06,839 櫻桃 進口 ,322.4
111/01/06,C9 柑橘 進口 ,100.0
111/01/06,F9 雜柑 進口 ,301.5
111/01/06,G49 奇異果 進口 ,70.0
111/01/06,O9 梨 其他進口 ,68.0
111/01/06,O99 梨 西洋梨進口 ,26.7
111/01/06,S49 葡萄 無子進口 ,86.5
111/01/06,S9 葡萄 進口 ,414.2
111/01/06,X09 蘋果 其他進口 ,119.7
111/01/06,X69 蘋果 富士進口 ,116.7
111/01/06,Z39 柿子 柿餅進口 ,164.4
111/01/07,459 草莓 進口 ,712.6
111/01/07,469 藍莓 進口 ,100.0
111/01/07,839 櫻桃 進口 ,307.4
111/01/07,919 其他 進口 ,66.7
111/01/07,C9 柑橘 進口 ,205.8
111/01/07,F9 雜柑 進口 ,442.9
111/01/07,G49 奇異果 進口 ,131.4
111/01/07,O9 梨 其他進口 ,73.6
111/01/07,S49 葡萄 無子進口 ,109.9
111/01/07,S9 葡萄 進口 ,268.1
111/01/07,W9 洋香瓜 進口 ,320.0
111/01/07,X09 蘋果 其他進口 ,167.4
111/01/07,X69 蘋果 富士進口 ,90.6
111/01/07,Z39 柿子 柿餅進口 ,580.2
111/01/08,459 草莓 進口 ,647.1
111/01/08,469 藍莓 進口 ,111.1
111/01/08,839 櫻桃 進口 ,354.1
111/01/08,C9 柑橘 進口 ,212.9
111/01/08,F9 雜柑 進口 ,341.0
111/01/08,G39 酪梨 進口 ,114.2
111/01/08,G49 奇異果 進口 ,142.8
111/01/08,O9 梨 其他進口 ,94.8
111/01/08,O99 梨 西洋梨進口 ,31.1
111/01/08,S49 葡萄 無子進口 ,85.2
111/01/08,S9 葡萄 進口 ,269.6
111/01/08,W9 洋香瓜 進口 ,320.0
111/01/08,X09 蘋果 其他進口 ,159.2
111/01/08,X59 蘋果 紅玉進口 ,200.0
111/01/08,X69 蘋果 富士進口 ,95.5
111/01/08,Z39 柿子 柿餅進口 ,145.6
111/01/09,459 草莓 進口 ,592.6
111/01/09,469 藍莓 進口 ,100.0
111/01/09,839 櫻桃 進口 ,387.3
111/01/09,C9 柑橘 進口 ,229.6
111/01/09,F9 雜柑 進口 ,305.7
111/01/09,G39 酪梨 進口 ,106.7
111/01/09,G49 奇異果 進口 ,118.4
111/01/09,O9 梨 其他進口 ,82.2
111/01/09,S49 葡萄 無子進口 ,66.7
111/01/09,S9 葡萄 進口 ,234.8
111/01/09,X09 蘋果 其他進口 ,164.5
111/01/09,X59 蘋果 紅玉進口 ,208.4
111/01/09,X69 蘋果 富士進口 ,126.3
111/01/09,Z39 柿子 柿餅進口 ,160.8
111/01/11,459 草莓 進口 ,512.8
111/01/11,469 藍莓 進口 ,125.6
111/01/11,839 櫻桃 進口 ,299.0
111/01/11,919 其他 進口 ,66.7
111/01/11,C9 柑橘 進口 ,243.1
111/01/11,F9 雜柑 進口 ,357.0
111/01/11,G39 酪梨 進口 ,71.6
111/01/11,G49 奇異果 進口 ,49.1
111/01/11,O9 梨 其他進口 ,106.8
111/01/11,S49 葡萄 無子進口 ,87.4
111/01/11,S9 葡萄 進口 ,89.0
111/01/11,W9 洋香瓜 進口 ,293.4
111/01/11,X09 蘋果 其他進口 ,163.7
111/01/11,X69 蘋果 富士進口 ,114.7
111/01/11,Y39 桃子 甜桃進口 ,86.0
111/01/11,Z39 柿子 柿餅進口 ,183.8
111/01/12,459 草莓 進口 ,367.7
111/01/12,839 櫻桃 進口 ,263.5
111/01/12,C9 柑橘 進口 ,196.2
111/01/12,F9 雜柑 進口 ,531.2
111/01/12,G49 奇異果 進口 ,86.5
111/01/12,O9 梨 其他進口 ,73.8
111/01/12,S49 葡萄 無子進口 ,58.3
111/01/12,S9 葡萄 進口 ,94.1
111/01/12,W9 洋香瓜 進口 ,280.0
111/01/12,X09 蘋果 其他進口 ,174.3
111/01/12,X59 蘋果 紅玉進口 ,186.7
111/01/12,X69 蘋果 富士進口 ,110.2
111/01/12,Y39 桃子 甜桃進口 ,46.7
111/01/12,Z39 柿子 柿餅進口 ,126.5
111/01/14,459 草莓 進口 ,645.8
111/01/14,469 藍莓 進口 ,100.0
111/01/14,839 櫻桃 進口 ,297.6
111/01/14,919 其他 進口 ,253.3
111/01/14,C9 柑橘 進口 ,217.5
111/01/14,F9 雜柑 進口 ,389.8
111/01/14,G49 奇異果 進口 ,72.7
111/01/14,O9 梨 其他進口 ,80.4
111/01/14,O99 梨 西洋梨進口 ,20.0
111/01/14,S49 葡萄 無子進口 ,120.8
111/01/14,S9 葡萄 進口 ,480.4
111/01/14,W9 洋香瓜 進口 ,390.5
111/01/14,X09 蘋果 其他進口 ,163.7
111/01/14,X69 蘋果 富士進口 ,106.0
111/01/14,Y9 桃子 進口 ,162.7
111/01/14,Z39 柿子 柿餅進口 ,620.2
111/01/15,459 草莓 進口 ,565.6
111/01/15,469 藍莓 進口 ,100.0
111/01/15,839 櫻桃 進口 ,284.1
111/01/15,C9 柑橘 進口 ,238.4
111/01/15,F9 雜柑 進口 ,362.2
111/01/15,G39 酪梨 進口 ,106.7
111/01/15,G49 奇異果 進口 ,116.2
111/01/15,O9 梨 其他進口 ,68.1
111/01/15,S49 葡萄 無子進口 ,98.0
111/01/15,S9 葡萄 進口 ,100.2
111/01/15,W9 洋香瓜 進口 ,395.0
111/01/15,X09 蘋果 其他進口 ,169.7
111/01/15,X59 蘋果 紅玉進口 ,200.6
111/01/15,X69 蘋果 富士進口 ,130.0
111/01/15,Z39 柿子 柿餅進口 ,122.9
111/01/16,459 草莓 進口 ,497.2
111/01/16,469 藍莓 進口 ,110.0
111/01/16,839 櫻桃 進口 ,263.8
111/01/16,919 其他 進口 ,253.3
111/01/16,C9 柑橘 進口 ,272.3
111/01/16,F9 雜柑 進口 ,349.7
111/01/16,G39 酪梨 進口 ,106.7
111/01/16,G49 奇異果 進口 ,97.7
111/01/16,O9 梨 其他進口 ,84.7
111/01/16,S49 葡萄 無子進口 ,81.1
111/01/16,S9 葡萄 進口 ,198.1
111/01/16,X09 蘋果 其他進口 ,160.3
111/01/16,X69 蘋果 富士進口 ,107.7
111/01/16,Z39 柿子 柿餅進口 ,168.1
111/01/18,459 草莓 進口 ,144.1
111/01/18,469 藍莓 進口 ,100.0
111/01/18,839 櫻桃 進口 ,240.9
111/01/18,C9 柑橘 進口 ,296.3
111/01/18,F9 雜柑 進口 ,400.9
111/01/18,G49 奇異果 進口 ,73.0
111/01/18,O9 梨 其他進口 ,63.8
111/01/18,O99 梨 西洋梨進口 ,26.7
111/01/18,S49 葡萄 無子進口 ,90.2
111/01/18,S9 葡萄 進口 ,93.6
111/01/18,W9 洋香瓜 進口 ,278.5
111/01/18,X09 蘋果 其他進口 ,159.7
111/01/18,X69 蘋果 富士進口 ,118.4
111/01/18,Z39 柿子 柿餅進口 ,120.0
111/01/19,459 草莓 進口 ,221.4
111/01/19,469 藍莓 進口 ,100.0
111/01/19,839 櫻桃 進口 ,259.4
111/01/19,C9 柑橘 進口 ,266.7
111/01/19,E9 甜橙 進口 ,31.1
111/01/19,F9 雜柑 進口 ,237.3
111/01/19,G49 奇異果 進口 ,97.9
111/01/19,O9 梨 其他進口 ,77.7
111/01/19,S49 葡萄 無子進口 ,58.3
111/01/19,S9 葡萄 進口 ,603.9
111/01/19,X09 蘋果 其他進口 ,144.3
111/01/19,X69 蘋果 富士進口 ,100.2
111/01/19,Z39 柿子 柿餅進口 ,118.1
111/01/20,459 草莓 進口 ,628.4
111/01/20,469 藍莓 進口 ,111.6
111/01/20,839 櫻桃 進口 ,279.9
111/01/20,C9 柑橘 進口 ,224.3
111/01/20,F9 雜柑 進口 ,279.3
111/01/20,G39 酪梨 進口 ,104.4
111/01/20,G49 奇異果 進口 ,67.4
111/01/20,O9 梨 其他進口 ,95.7
111/01/20,S49 葡萄 無子進口 ,120.8
111/01/20,S9 葡萄 進口 ,261.2
111/01/20,W9 洋香瓜 進口 ,374.4
111/01/20,X09 蘋果 其他進口 ,158.2
111/01/20,X59 蘋果 紅玉進口 ,204.2
111/01/20,X69 蘋果 富士進口 ,128.2
111/01/20,Z39 柿子 柿餅進口 ,506.1
111/01/21,459 草莓 進口 ,281.9
111/01/21,469 藍莓 進口 ,100.0
111/01/21,839 櫻桃 進口 ,257.0
111/01/21,C9 柑橘 進口 ,382.2
111/01/21,F9 雜柑 進口 ,268.8
111/01/21,G49 奇異果 進口 ,132.0
111/01/21,O9 梨 其他進口 ,67.8
111/01/21,S49 葡萄 無子進口 ,111.1
111/01/21,S9 葡萄 進口 ,227.0
111/01/21,W9 洋香瓜 進口 ,504.8
111/01/21,X09 蘋果 其他進口 ,168.4
111/01/21,X39 蘋果 惠進口 ,46.7
111/01/21,X59 蘋果 紅玉進口 ,213.3
111/01/21,X69 蘋果 富士進口 ,131.3
111/01/21,Z39 柿子 柿餅進口 ,120.0
111/01/22,459 草莓 進口 ,253.6
111/01/22,469 藍莓 進口 ,88.6
111/01/22,839 櫻桃 進口 ,226.3
111/01/22,C9 柑橘 進口 ,347.8
111/01/22,F9 雜柑 進口 ,282.4
111/01/22,O9 梨 其他進口 ,69.5
111/01/22,S49 葡萄 無子進口 ,127.8
111/01/22,S9 葡萄 進口 ,81.0
111/01/22,X09 蘋果 其他進口 ,174.8
111/01/22,X59 蘋果 紅玉進口 ,206.8
111/01/22,X69 蘋果 富士進口 ,99.7
111/01/22,Z39 柿子 柿餅進口 ,149.3
111/01/23,459 草莓 進口 ,170.6
111/01/23,839 櫻桃 進口 ,228.7
111/01/23,C9 柑橘 進口 ,221.0
111/01/23,F9 雜柑 進口 ,283.6
111/01/23,G49 奇異果 進口 ,99.8
111/01/23,O9 梨 其他進口 ,85.1
111/01/23,S49 葡萄 無子進口 ,92.4
111/01/23,S9 葡萄 進口 ,293.8
111/01/23,W9 洋香瓜 進口 ,321.8
111/01/23,X09 蘋果 其他進口 ,152.2
111/01/23,X59 蘋果 紅玉進口 ,213.3
111/01/23,X69 蘋果 富士進口 ,109.6
111/01/23,Z39 柿子 柿餅進口 ,109.2
111/01/25,459 草莓 進口 ,176.8
111/01/25,469 藍莓 進口 ,100.0
111/01/25,839 櫻桃 進口 ,345.7
111/01/25,C9 柑橘 進口 ,232.3
111/01/25,F9 雜柑 進口 ,338.0
111/01/25,G49 奇異果 進口 ,73.5
111/01/25,O9 梨 其他進口 ,80.2
111/01/25,S49 葡萄 無子進口 ,91.7
111/01/25,S9 葡萄 進口 ,201.4
111/01/25,W9 洋香瓜 進口 ,300.9
111/01/25,X09 蘋果 其他進口 ,160.8
111/01/25,X39 蘋果 惠進口 ,40.0
111/01/25,X59 蘋果 紅玉進口 ,208.2
111/01/25,X69 蘋果 富士進口 ,107.3
111/01/25,Z39 柿子 柿餅進口 ,135.5
111/01/26,459 草莓 進口 ,591.8
111/01/26,469 藍莓 進口 ,100.0
111/01/26,839 櫻桃 進口 ,285.5
111/01/26,C9 柑橘 進口 ,409.9
111/01/26,F9 雜柑 進口 ,541.9
111/01/26,G49 奇異果 進口 ,78.6
111/01/26,O9 梨 其他進口 ,76.2
111/01/26,S9 葡萄 進口 ,228.0
111/01/26,W9 洋香瓜 進口 ,733.3
111/01/26,X09 蘋果 其他進口 ,147.0
111/01/26,X69 蘋果 富士進口 ,94.4
111/01/26,Z39 柿子 柿餅進口 ,500.5
111/01/27,459 草莓 進口 ,227.0
111/01/27,469 藍莓 進口 ,208.3
111/01/27,839 櫻桃 進口 ,155.6
111/01/27,C9 柑橘 進口 ,237.3
111/01/27,E9 甜橙 進口 ,33.3
111/01/27,F9 雜柑 進口 ,345.2
111/01/27,G49 奇異果 進口 ,64.0
111/01/27,O9 梨 其他進口 ,69.0
111/01/27,S9 葡萄 進口 ,242.8
111/01/27,X09 蘋果 其他進口 ,146.7
111/01/27,X59 蘋果 紅玉進口 ,171.6
111/01/27,X69 蘋果 富士進口 ,78.5
111/01/27,Y39 桃子 甜桃進口 ,75.2
111/01/27,Z39 柿子 柿餅進口 ,100.0
111/01/28,459 草莓 進口 ,169.2
111/01/28,469 藍莓 進口 ,101.7
111/01/28,839 櫻桃 進口 ,179.1
111/01/28,919 其他 進口 ,113.8
111/01/28,C9 柑橘 進口 ,335.2
111/01/28,F9 雜柑 進口 ,333.9
111/01/28,G49 奇異果 進口 ,83.3
111/01/28,O9 梨 其他進口 ,86.9
111/01/28,S9 葡萄 進口 ,73.2
111/01/28,W9 洋香瓜 進口 ,773.3
111/01/28,X09 蘋果 其他進口 ,156.2
111/01/28,X39 蘋果 惠進口 ,106.7
111/01/28,X59 蘋果 紅玉進口 ,160.0
111/01/28,X69 蘋果 富士進口 ,103.4
111/01/28,Y39 桃子 甜桃進口 ,115.0
111/01/28,Z39 柿子 柿餅進口 ,114.1
111/01/29,129 椰子 剝殼進口 ,17.0
111/01/29,459 草莓 進口 ,223.7
111/01/29,469 藍莓 進口 ,100.0
111/01/29,839 櫻桃 進口 ,241.7
111/01/29,919 其他 進口 ,120.0
111/01/29,C9 柑橘 進口 ,304.4
111/01/29,E9 甜橙 進口 ,27.6
111/01/29,F9 雜柑 進口 ,192.3
111/01/29,G49 奇異果 進口 ,97.5
111/01/29,O9 梨 其他進口 ,59.5
111/01/29,S49 葡萄 無子進口 ,83.3
111/01/29,S9 葡萄 進口 ,88.8
111/01/29,W9 洋香瓜 進口 ,1442.4
111/01/29,X09 蘋果 其他進口 ,146.7
111/01/29,X69 蘋果 富士進口 ,81.5
111/01/29,Z39 柿子 柿餅進口 ,175.6
111/01/30,459 草莓 進口 ,271.4
111/01/30,839 櫻桃 進口 ,159.1
111/01/30,919 其他 進口 ,240.0
111/01/30,C9 柑橘 進口 ,258.8
111/01/30,F9 雜柑 進口 ,324.3
111/01/30,G49 奇異果 進口 ,71.4
111/01/30,O9 梨 其他進口 ,70.6
111/01/30,S9 葡萄 進口 ,174.5
111/01/30,X69 蘋果 富士進口 ,88.5
111/01/30,Y39 桃子 甜桃進口 ,80.6
111/01/30,Z39 柿子 柿餅進口 ,120.0
111/01/31,459 草莓 進口 ,132.7
111/01/31,839 櫻桃 進口 ,85.8
111/01/31,C9 柑橘 進口 ,228.6
111/01/31,F9 雜柑 進口 ,254.4
111/01/31,G49 奇異果 進口 ,112.9
111/01/31,O9 梨 其他進口 ,96.6
111/01/31,S49 葡萄 無子進口 ,91.7
111/01/31,S9 葡萄 進口 ,82.6
111/01/31,X09 蘋果 其他進口 ,146.7
111/01/31,X69 蘋果 富士進口 ,99.0
111/01/31,Z39 柿子 柿餅進口 ,120.0
111/02/06,459 草莓 進口 ,148.0
111/02/06,469 藍莓 進口 ,66.7
111/02/06,839 櫻桃 進口 ,273.2
111/02/06,C9 柑橘 進口 ,304.7
111/02/06,F9 雜柑 進口 ,445.2
111/02/06,G49 奇異果 進口 ,64.7
111/02/06,O9 梨 其他進口 ,60.3
111/02/06,S49 葡萄 無子進口 ,74.6
111/02/06,S9 葡萄 進口 ,60.2
111/02/06,W9 洋香瓜 進口 ,489.0
111/02/06,X09 蘋果 其他進口 ,146.7
111/02/06,X69 蘋果 富士進口 ,59.8
111/02/06,Z39 柿子 柿餅進口 ,130.7
111/02/07,459 草莓 進口 ,227.7
111/02/07,839 櫻桃 進口 ,203.4
111/02/07,919 其他 進口 ,120.0
111/02/07,C9 柑橘 進口 ,256.0
111/02/07,F9 雜柑 進口 ,89.3
111/02/07,G39 酪梨 進口 ,133.3
111/02/07,G49 奇異果 進口 ,60.5
111/02/07,O9 梨 其他進口 ,60.5
111/02/07,S49 葡萄 無子進口 ,73.0
111/02/07,S9 葡萄 進口 ,159.3
111/02/07,W9 洋香瓜 進口 ,293.3
111/02/07,X39 蘋果 惠進口 ,40.0
111/02/07,X69 蘋果 富士進口 ,90.6
111/02/07,Z39 柿子 柿餅進口 ,120.0
111/02/08,459 草莓 進口 ,316.1
111/02/08,839 櫻桃 進口 ,257.5
111/02/08,919 其他 進口 ,193.4
111/02/08,C9 柑橘 進口 ,200.0
111/02/08,E9 甜橙 進口 ,30.0
111/02/08,F9 雜柑 進口 ,102.0
111/02/08,G49 奇異果 進口 ,78.8
111/02/08,H49 葡萄柚 紅肉進口 ,23.3
111/02/08,O9 梨 其他進口 ,58.4
111/02/08,S49 葡萄 無子進口 ,101.8
111/02/08,S9 葡萄 進口 ,150.1
111/02/08,X59 蘋果 紅玉進口 ,66.7
111/02/08,X69 蘋果 富士進口 ,66.8
111/02/11,459 草莓 進口 ,240.6
111/02/11,469 藍莓 進口 ,83.3
111/02/11,839 櫻桃 進口 ,178.6
111/02/11,C9 柑橘 進口 ,266.6
111/02/11,F9 雜柑 進口 ,305.2
111/02/11,G49 奇異果 進口 ,82.9
111/02/11,N9 李 進口 ,33.3
111/02/11,O9 梨 其他進口 ,57.8
111/02/11,S49 葡萄 無子進口 ,110.5
111/02/11,S9 葡萄 進口 ,63.7
111/02/11,X69 蘋果 富士進口 ,50.3
111/02/11,Y39 桃子 甜桃進口 ,77.1
111/02/11,Z39 柿子 柿餅進口 ,120.0
111/02/12,459 草莓 進口 ,683.9
111/02/12,469 藍莓 進口 ,100.0
111/02/12,839 櫻桃 進口 ,212.5
111/02/12,C9 柑橘 進口 ,161.9
111/02/12,F9 雜柑 進口 ,416.7
111/02/12,G49 奇異果 進口 ,67.1
111/02/12,O9 梨 其他進口 ,63.0
111/02/12,S49 葡萄 無子進口 ,66.7
111/02/12,S9 葡萄 進口 ,65.6
111/02/12,X69 蘋果 富士進口 ,65.8
111/02/12,Y39 桃子 甜桃進口 ,73.2
111/02/12,Z39 柿子 柿餅進口 ,600.0
111/02/13,459 草莓 進口 ,588.8
111/02/13,469 藍莓 進口 ,98.2
111/02/13,839 櫻桃 進口 ,203.2
111/02/13,C9 柑橘 進口 ,268.4
111/02/13,F9 雜柑 進口 ,267.6
111/02/13,G49 奇異果 進口 ,58.6
111/02/13,O9 梨 其他進口 ,66.7
111/02/13,S49 葡萄 無子進口 ,113.2
111/02/13,S9 葡萄 進口 ,66.3
111/02/13,W9 洋香瓜 進口 ,266.7
111/02/13,X69 蘋果 富士進口 ,50.4
111/02/13,Y39 桃子 甜桃進口 ,66.7
111/02/13,Z39 柿子 柿餅進口 ,600.0
111/02/14,459 草莓 進口 ,170.4
111/02/14,469 藍莓 進口 ,100.0
111/02/14,839 櫻桃 進口 ,168.2
111/02/14,C9 柑橘 進口 ,257.8
111/02/14,F9 雜柑 進口 ,253.4
111/02/14,G49 奇異果 進口 ,71.2
111/02/14,O9 梨 其他進口 ,60.2
111/02/14,S49 葡萄 無子進口 ,88.9
111/02/14,S9 葡萄 進口 ,79.2
111/02/14,X69 蘋果 富士進口 ,40.7
111/02/14,Y39 桃子 甜桃進口 ,56.0
111/02/14,Z39 柿子 柿餅進口 ,120.0
111/02/15,459 草莓 進口 ,333.3
111/02/15,839 櫻桃 進口 ,109.8
111/02/15,919 其他 進口 ,66.7
111/02/15,F9 雜柑 進口 ,333.3
111/02/15,G49 奇異果 進口 ,60.2
111/02/15,O9 梨 其他進口 ,52.4
111/02/15,S49 葡萄 無子進口 ,87.3
111/02/15,S9 葡萄 進口 ,87.9
111/02/15,X69 蘋果 富士進口 ,51.8
111/02/15,Y39 桃子 甜桃進口 ,60.8
111/02/18,459 草莓 進口 ,267.7
111/02/18,469 藍莓 進口 ,106.9
111/02/18,839 櫻桃 進口 ,196.3
111/02/18,919 其他 進口 ,253.4
111/02/18,E9 甜橙 進口 ,30.0
111/02/18,F9 雜柑 進口 ,274.6
111/02/18,G49 奇異果 進口 ,82.6
111/02/18,O9 梨 其他進口 ,62.1
111/02/18,O99 梨 西洋梨進口 ,73.9
111/02/18,S49 葡萄 無子進口 ,108.3
111/02/18,S9 葡萄 進口 ,86.3
111/02/18,X69 蘋果 富士進口 ,62.5
111/02/18,Y39 桃子 甜桃進口 ,50.1
111/02/19,459 草莓 進口 ,154.6
111/02/19,469 藍莓 進口 ,103.0
111/02/19,839 櫻桃 進口 ,101.3
111/02/19,919 其他 進口 ,253.3
111/02/19,C9 柑橘 進口 ,204.4
111/02/19,F9 雜柑 進口 ,240.0
111/02/19,G49 奇異果 進口 ,51.8
111/02/19,N9 李 進口 ,186.7
111/02/19,O9 梨 其他進口 ,63.4
111/02/19,S49 葡萄 無子進口 ,119.7
111/02/19,S9 葡萄 進口 ,71.7
111/02/19,W9 洋香瓜 進口 ,240.0
111/02/19,X69 蘋果 富士進口 ,57.9
111/02/19,Y39 桃子 甜桃進口 ,51.3
111/02/19,Z39 柿子 柿餅進口 ,101.0
111/02/20,459 草莓 進口 ,165.8
111/02/20,839 櫻桃 進口 ,133.9
111/02/20,919 其他 進口 ,130.2
111/02/20,C9 柑橘 進口 ,209.5
111/02/20,F9 雜柑 進口 ,193.8
111/02/20,G49 奇異果 進口 ,76.5
111/02/20,N9 李 進口 ,160.0
111/02/20,S49 葡萄 無子進口 ,60.0
111/02/20,S9 葡萄 進口 ,151.1
111/02/20,W9 洋香瓜 進口 ,213.3
111/02/20,X69 蘋果 富士進口 ,61.4
111/02/20,Z39 柿子 柿餅進口 ,120.0
111/02/22,459 草莓 進口 ,120.4
111/02/22,469 藍莓 進口 ,92.9
111/02/22,839 櫻桃 進口 ,130.5
111/02/22,C9 柑橘 進口 ,236.6
111/02/22,E9 甜橙 進口 ,30.8
111/02/22,F9 雜柑 進口 ,186.7
111/02/22,G49 奇異果 進口 ,145.8
111/02/22,N9 李 進口 ,46.2
111/02/22,O9 梨 其他進口 ,61.6
111/02/22,S49 葡萄 無子進口 ,116.7
111/02/22,S9 葡萄 進口 ,140.0
111/02/22,W9 洋香瓜 進口 ,233.4
111/02/22,X69 蘋果 富士進口 ,57.4
111/02/22,Y39 桃子 甜桃進口 ,51.2
111/02/23,459 草莓 進口 ,115.3
111/02/23,839 櫻桃 進口 ,163.0
111/02/23,919 其他 進口 ,154.2
111/02/23,C9 柑橘 進口 ,168.9
111/02/23,F9 雜柑 進口 ,271.3
111/02/23,G49 奇異果 進口 ,48.6
111/02/23,N9 李 進口 ,186.7
111/02/23,O9 梨 其他進口 ,60.0
111/02/23,S49 葡萄 無子進口 ,88.7
111/02/23,S9 葡萄 進口 ,135.2
111/02/23,X69 蘋果 富士進口 ,68.1
111/02/23,Y39 桃子 甜桃進口 ,57.1
111/02/23,Z39 柿子 柿餅進口 ,120.0
111/02/24,459 草莓 進口 ,405.9
111/02/24,469 藍莓 進口 ,100.0
111/02/24,839 櫻桃 進口 ,93.3
111/02/24,C9 柑橘 進口 ,258.0
111/02/24,F9 雜柑 進口 ,201.9
111/02/24,G49 奇異果 進口 ,153.4
111/02/24,S49 葡萄 無子進口 ,90.3
111/02/24,S9 葡萄 進口 ,56.2
111/02/24,W9 洋香瓜 進口 ,240.0
111/02/24,X09 蘋果 其他進口 ,24.9
111/02/24,X69 蘋果 富士進口 ,61.2
111/02/24,Y39 桃子 甜桃進口 ,38.0
111/02/24,Z39 柿子 柿餅進口 ,513.4
111/02/25,459 草莓 進口 ,430.7
111/02/25,839 櫻桃 進口 ,86.8
111/02/25,919 其他 進口 ,29.9
111/02/25,C9 柑橘 進口 ,172.8
111/02/25,F9 雜柑 進口 ,280.0
111/02/25,G49 奇異果 進口 ,59.5
111/02/25,O9 梨 其他進口 ,52.9
111/02/25,S49 葡萄 無子進口 ,68.5
111/02/25,S9 葡萄 進口 ,62.6
111/02/25,X69 蘋果 富士進口 ,63.5
111/02/25,Y39 桃子 甜桃進口 ,56.1
111/02/25,Z39 柿子 柿餅進口 ,533.3
111/02/26,459 草莓 進口 ,270.2
111/02/26,469 藍莓 進口 ,83.3
111/02/26,839 櫻桃 進口 ,127.7
111/02/26,919 其他 進口 ,200.0
111/02/26,C9 柑橘 進口 ,146.1
111/02/26,F9 雜柑 進口 ,249.3
111/02/26,G49 奇異果 進口 ,53.8
111/02/26,N9 李 進口 ,50.0
111/02/26,S49 葡萄 無子進口 ,93.7
111/02/26,S9 葡萄 進口 ,119.4
111/02/26,X69 蘋果 富士進口 ,49.3
111/02/26,Y39 桃子 甜桃進口 ,44.5
111/02/26,Z39 柿子 柿餅進口 ,106.7
111/02/27,459 草莓 進口 ,445.1
111/02/27,469 藍莓 進口 ,66.7
111/02/27,839 櫻桃 進口 ,72.0
111/02/27,919 其他 進口 ,120.0
111/02/27,C9 柑橘 進口 ,255.1
111/02/27,F9 雜柑 進口 ,274.5
111/02/27,G49 奇異果 進口 ,61.8
111/02/27,O9 梨 其他進口 ,63.0
111/02/27,S49 葡萄 無子進口 ,100.9
111/02/27,S9 葡萄 進口 ,84.5
111/02/27,X69 蘋果 富士進口 ,47.2
111/02/27,Y39 桃子 甜桃進口 ,42.4
111/02/27,Z39 柿子 柿餅進口 ,166.7
111/03/01,459 草莓 進口 ,541.2
111/03/01,839 櫻桃 進口 ,83.9
111/03/01,919 其他 進口 ,46.7
111/03/01,C9 柑橘 進口 ,330.6
111/03/01,E9 甜橙 進口 ,26.7
111/03/01,F9 雜柑 進口 ,340.7
111/03/01,G49 奇異果 進口 ,87.5
111/03/01,H49 葡萄柚 紅肉進口 ,33.3
111/03/01,O9 梨 其他進口 ,170.0
111/03/01,S49 葡萄 無子進口 ,79.5
111/03/01,S9 葡萄 進口 ,59.1
111/03/01,W9 洋香瓜 進口 ,240.0
111/03/01,X69 蘋果 富士進口 ,60.3
111/03/01,Y39 桃子 甜桃進口 ,40.5
111/03/01,Z39 柿子 柿餅進口 ,400.0
111/03/02,459 草莓 進口 ,213.5
111/03/02,839 櫻桃 進口 ,80.0
111/03/02,919 其他 進口 ,77.8
111/03/02,C9 柑橘 進口 ,256.0
111/03/02,E9 甜橙 進口 ,35.0
111/03/02,F9 雜柑 進口 ,199.0
111/03/02,G49 奇異果 進口 ,41.3
111/03/02,O9 梨 其他進口 ,56.5
111/03/02,S49 葡萄 無子進口 ,70.9
111/03/02,S9 葡萄 進口 ,55.7
111/03/02,X69 蘋果 富士進口 ,52.8
111/03/02,Y39 桃子 甜桃進口 ,39.6
111/03/03,459 草莓 進口 ,474.5
111/03/03,839 櫻桃 進口 ,66.7
111/03/03,919 其他 進口 ,253.4
111/03/03,C9 柑橘 進口 ,260.3
111/03/03,F9 雜柑 進口 ,354.6
111/03/03,G49 奇異果 進口 ,90.3
111/03/03,O9 梨 其他進口 ,56.7
111/03/03,O99 梨 西洋梨進口 ,62.2
111/03/03,S49 葡萄 無子進口 ,94.5
111/03/03,S9 葡萄 進口 ,84.1
111/03/03,W9 洋香瓜 進口 ,58.3
111/03/03,X69 蘋果 富士進口 ,52.3
111/03/03,Y39 桃子 甜桃進口 ,51.2
111/03/03,Z39 柿子 柿餅進口 ,533.4
111/03/04,459 草莓 進口 ,316.8
111/03/04,839 櫻桃 進口 ,106.7
111/03/04,919 其他 進口 ,53.3
111/03/04,C9 柑橘 進口 ,213.3
111/03/04,E9 甜橙 進口 ,82.0
111/03/04,F9 雜柑 進口 ,300.0
111/03/04,G39 酪梨 進口 ,213.3
111/03/04,G49 奇異果 進口 ,61.6
111/03/04,H49 葡萄柚 紅肉進口 ,33.3
111/03/04,O9 梨 其他進口 ,57.0
111/03/04,O99 梨 西洋梨進口 ,72.9
111/03/04,S49 葡萄 無子進口 ,25.0
111/03/04,S9 葡萄 進口 ,132.3
111/03/04,W9 洋香瓜 進口 ,46.7
111/03/04,X69 蘋果 富士進口 ,60.9
111/03/04,Y39 桃子 甜桃進口 ,44.2
111/03/04,Z39 柿子 柿餅進口 ,106.7
111/03/05,459 草莓 進口 ,108.7
111/03/05,919 其他 進口 ,70.0
111/03/05,C9 柑橘 進口 ,143.7
111/03/05,E9 甜橙 進口 ,47.4
111/03/05,F9 雜柑 進口 ,252.5
111/03/05,G49 奇異果 進口 ,95.5
111/03/05,O9 梨 其他進口 ,57.8
111/03/05,S49 葡萄 無子進口 ,35.6
111/03/05,S9 葡萄 進口 ,99.1
111/03/05,X69 蘋果 富士進口 ,53.4
111/03/05,Y39 桃子 甜桃進口 ,45.1
111/03/05,Z39 柿子 柿餅進口 ,106.7
111/03/06,459 草莓 進口 ,168.9
111/03/06,839 櫻桃 進口 ,166.4
111/03/06,919 其他 進口 ,253.3
111/03/06,C9 柑橘 進口 ,409.5
111/03/06,E9 甜橙 進口 ,61.7
111/03/06,F9 雜柑 進口 ,240.2
111/03/06,G39 酪梨 進口 ,216.2
111/03/06,G49 奇異果 進口 ,50.5
111/03/06,O9 梨 其他進口 ,58.9
111/03/06,O99 梨 西洋梨進口 ,60.0
111/03/06,S49 葡萄 無子進口 ,80.6
111/03/06,S9 葡萄 進口 ,72.1
111/03/06,X69 蘋果 富士進口 ,62.7
111/03/06,Y39 桃子 甜桃進口 ,40.7
111/03/06,Z39 柿子 柿餅進口 ,93.3
111/03/08,459 草莓 進口 ,138.1
111/03/08,839 櫻桃 進口 ,133.3
111/03/08,919 其他 進口 ,46.7
111/03/08,C9 柑橘 進口 ,506.6
111/03/08,E9 甜橙 進口 ,120.0
111/03/08,G49 奇異果 進口 ,106.2
111/03/08,O9 梨 其他進口 ,58.0
111/03/08,S49 葡萄 無子進口 ,105.2
111/03/08,S9 葡萄 進口 ,65.8
111/03/08,W9 洋香瓜 進口 ,33.3
111/03/08,X69 蘋果 富士進口 ,62.7
111/03/08,Y39 桃子 甜桃進口 ,38.9
111/03/08,Z39 柿子 柿餅進口 ,93.3
111/03/09,459 草莓 進口 ,261.0
111/03/09,839 櫻桃 進口 ,93.3
111/03/09,919 其他 進口 ,93.3
111/03/09,C9 柑橘 進口 ,57.5
111/03/09,E9 甜橙 進口 ,120.0
111/03/09,F9 雜柑 進口 ,98.0
111/03/09,G49 奇異果 進口 ,83.6
111/03/09,O9 梨 其他進口 ,63.5
111/03/09,S49 葡萄 無子進口 ,50.0
111/03/09,S9 葡萄 進口 ,96.2
111/03/09,W9 洋香瓜 進口 ,280.0
111/03/09,X09 蘋果 其他進口 ,130.1
111/03/09,X39 蘋果 惠進口 ,43.3
111/03/09,X69 蘋果 富士進口 ,65.2
111/03/09,Y39 桃子 甜桃進口 ,37.8
111/03/09,Z39 柿子 柿餅進口 ,93.3
111/03/11,459 草莓 進口 ,145.2
111/03/11,839 櫻桃 進口 ,133.3
111/03/11,919 其他 進口 ,66.7
111/03/11,C9 柑橘 進口 ,151.1
111/03/11,E9 甜橙 進口 ,42.9
111/03/11,F9 雜柑 進口 ,160.0
111/03/11,G49 奇異果 進口 ,68.1
111/03/11,N9 李 進口 ,39.9
111/03/11,O9 梨 其他進口 ,96.4
111/03/11,S49 葡萄 無子進口 ,60.9
111/03/11,S9 葡萄 進口 ,118.4
111/03/11,X69 蘋果 富士進口 ,63.0
111/03/11,Y39 桃子 甜桃進口 ,39.4
111/03/11,Z39 柿子 柿餅進口 ,93.3
111/03/12,459 草莓 進口 ,101.9
111/03/12,469 藍莓 進口 ,116.6
111/03/12,919 其他 進口 ,200.0
111/03/12,C9 柑橘 進口 ,126.6
111/03/12,E9 甜橙 進口 ,36.7
111/03/12,F9 雜柑 進口 ,160.0
111/03/12,G49 奇異果 進口 ,125.3
111/03/12,O9 梨 其他進口 ,72.2
111/03/12,S49 葡萄 無子進口 ,95.2
111/03/12,S9 葡萄 進口 ,58.1
111/03/12,X69 蘋果 富士進口 ,50.2
111/03/12,Y39 桃子 甜桃進口 ,43.0
111/03/12,Z39 柿子 柿餅進口 ,93.3
111/03/13,459 草莓 進口 ,132.4
111/03/13,C9 柑橘 進口 ,172.1
111/03/13,F9 雜柑 進口 ,248.0
111/03/13,G39 酪梨 進口 ,220.0
111/03/13,G49 奇異果 進口 ,92.2
111/03/13,O9 梨 其他進口 ,73.5
111/03/13,S9 葡萄 進口 ,69.1
111/03/13,W9 洋香瓜 進口 ,280.0
111/03/13,X09 蘋果 其他進口 ,93.3
111/03/13,X69 蘋果 富士進口 ,62.4
111/03/13,Y39 桃子 甜桃進口 ,43.5
111/03/13,Z39 柿子 柿餅進口 ,93.3
111/03/15,459 草莓 進口 ,142.2
111/03/15,839 櫻桃 進口 ,40.0
111/03/15,C9 柑橘 進口 ,208.4
111/03/15,E9 甜橙 進口 ,33.7
111/03/15,F9 雜柑 進口 ,300.0
111/03/15,G49 奇異果 進口 ,67.1
111/03/15,O9 梨 其他進口 ,66.5
111/03/15,O99 梨 西洋梨進口 ,60.6
111/03/15,S49 葡萄 無子進口 ,98.9
111/03/15,S9 葡萄 進口 ,57.1
111/03/15,X49 蘋果 金冠進口 ,40.0
111/03/15,X69 蘋果 富士進口 ,52.0
111/03/15,Y39 桃子 甜桃進口 ,45.8
111/03/15,Z39 柿子 柿餅進口 ,93.3
111/03/16,459 草莓 進口 ,84.6
111/03/16,919 其他 進口 ,58.3
111/03/16,C9 柑橘 進口 ,103.5
111/03/16,E9 甜橙 進口 ,37.5
111/03/16,F9 雜柑 進口 ,161.1
111/03/16,G49 奇異果 進口 ,59.8
111/03/16,O9 梨 其他進口 ,69.2
111/03/16,S49 葡萄 無子進口 ,123.0
111/03/16,S9 葡萄 進口 ,58.4
111/03/16,W9 洋香瓜 進口 ,280.0
111/03/16,X69 蘋果 富士進口 ,85.1
111/03/16,Y39 桃子 甜桃進口 ,49.6
111/03/17,459 草莓 進口 ,602.0
111/03/17,C9 柑橘 進口 ,156.8
111/03/17,E9 甜橙 進口 ,33.3
111/03/17,F9 雜柑 進口 ,93.0
111/03/17,G49 奇異果 進口 ,58.5
111/03/17,O9 梨 其他進口 ,60.8
111/03/17,S49 葡萄 無子進口 ,40.0
111/03/17,S9 葡萄 進口 ,60.7
111/03/17,X69 蘋果 富士進口 ,64.2
111/03/17,Y39 桃子 甜桃進口 ,53.5
111/03/18,459 草莓 進口 ,112.2
111/03/18,469 藍莓 進口 ,153.3
111/03/18,C9 柑橘 進口 ,200.0
111/03/18,E9 甜橙 進口 ,33.3
111/03/18,F9 雜柑 進口 ,246.6
111/03/18,G39 酪梨 進口 ,208.2
111/03/18,G49 奇異果 進口 ,52.4
111/03/18,O9 梨 其他進口 ,203.2
111/03/18,S49 葡萄 無子進口 ,115.9
111/03/18,S9 葡萄 進口 ,186.7
111/03/18,W9 洋香瓜 進口 ,690.5
111/03/18,X69 蘋果 富士進口 ,59.0
111/03/18,Y39 桃子 甜桃進口 ,61.7
111/03/19,459 草莓 進口 ,113.4
111/03/19,829 蜜棗 進口 ,80.4
111/03/19,C9 柑橘 進口 ,368.2
111/03/19,F9 雜柑 進口 ,230.8
111/03/19,G49 奇異果 進口 ,48.1
111/03/19,N9 李 進口 ,74.3
111/03/19,O9 梨 其他進口 ,63.9
111/03/19,S49 葡萄 無子進口 ,92.6
111/03/19,S9 葡萄 進口 ,94.7
111/03/19,X69 蘋果 富士進口 ,53.9
111/03/19,Y39 桃子 甜桃進口 ,63.3
111/03/19,Z39 柿子 柿餅進口 ,93.3
111/03/20,229 棗子 進口 ,105.0
111/03/20,459 草莓 進口 ,90.6
111/03/20,829 蜜棗 進口 ,186.7
111/03/20,919 其他 進口 ,48.8
111/03/20,C9 柑橘 進口 ,212.6
111/03/20,E9 甜橙 進口 ,37.1
111/03/20,F9 雜柑 進口 ,191.2
111/03/20,N9 李 進口 ,86.8
111/03/20,O9 梨 其他進口 ,104.4
111/03/20,S49 葡萄 無子進口 ,114.1
111/03/20,S9 葡萄 進口 ,81.2
111/03/20,W9 洋香瓜 進口 ,404.2
111/03/20,X49 蘋果 金冠進口 ,133.3
111/03/20,X69 蘋果 富士進口 ,78.3
111/03/20,Y39 桃子 甜桃進口 ,54.9
111/03/20,Z39 柿子 柿餅進口 ,93.3
111/03/22,459 草莓 進口 ,111.9
111/03/22,469 藍莓 進口 ,133.3
111/03/22,829 蜜棗 進口 ,74.1
111/03/22,C9 柑橘 進口 ,126.7
111/03/22,F9 雜柑 進口 ,208.9
111/03/22,G39 酪梨 進口 ,220.0
111/03/22,G49 奇異果 進口 ,58.1
111/03/22,N9 李 進口 ,86.1
111/03/22,O9 梨 其他進口 ,78.9
111/03/22,S49 葡萄 無子進口 ,113.7
111/03/22,S9 葡萄 進口 ,60.1
111/03/22,W9 洋香瓜 進口 ,600.0
111/03/22,X69 蘋果 富士進口 ,57.4
111/03/22,Y39 桃子 甜桃進口 ,63.6
111/03/23,459 草莓 進口 ,99.4
111/03/23,469 藍莓 進口 ,166.7
111/03/23,829 蜜棗 進口 ,113.7
111/03/23,919 其他 進口 ,253.4
111/03/23,C9 柑橘 進口 ,134.8
111/03/23,E9 甜橙 進口 ,33.5
111/03/23,F9 雜柑 進口 ,365.9
111/03/23,G49 奇異果 進口 ,51.2
111/03/23,L9 枇杷 進口 ,173.3
111/03/23,N9 李 進口 ,74.1
111/03/23,O9 梨 其他進口 ,76.2
111/03/23,S49 葡萄 無子進口 ,79.4
111/03/23,S9 葡萄 進口 ,61.4
111/03/23,W9 洋香瓜 進口 ,280.0
111/03/23,X69 蘋果 富士進口 ,64.2
111/03/23,Y39 桃子 甜桃進口 ,41.7
111/03/24,459 草莓 進口 ,487.4
111/03/24,829 蜜棗 進口 ,99.0
111/03/24,919 其他 進口 ,226.6
111/03/24,C9 柑橘 進口 ,88.1
111/03/24,E9 甜橙 進口 ,36.7
111/03/24,F9 雜柑 進口 ,348.7
111/03/24,G39 酪梨 進口 ,218.0
111/03/24,G49 奇異果 進口 ,59.4
111/03/24,L9 枇杷 進口 ,866.7
111/03/24,N9 李 進口 ,66.4
111/03/24,O9 梨 其他進口 ,75.6
111/03/24,S49 葡萄 無子進口 ,100.2
111/03/24,S9 葡萄 進口 ,106.5
111/03/24,W9 洋香瓜 進口 ,25.0
111/03/24,X69 蘋果 富士進口 ,56.4
111/03/24,Y39 桃子 甜桃進口 ,55.7
111/03/25,459 草莓 進口 ,153.7
111/03/25,829 蜜棗 進口 ,112.2
111/03/25,919 其他 進口 ,109.1
111/03/25,C9 柑橘 進口 ,140.7
111/03/25,E9 甜橙 進口 ,61.0
111/03/25,F9 雜柑 進口 ,99.1
111/03/25,G49 奇異果 進口 ,58.1
111/03/25,L9 枇杷 進口 ,666.7
111/03/25,O9 梨 其他進口 ,80.2
111/03/25,O99 梨 西洋梨進口 ,57.2
111/03/25,S49 葡萄 無子進口 ,111.9
111/03/25,S9 葡萄 進口 ,84.3
111/03/25,X69 蘋果 富士進口 ,50.6
111/03/25,Y39 桃子 甜桃進口 ,56.6
111/03/26,459 草莓 進口 ,137.0
111/03/26,919 其他 進口 ,253.4
111/03/26,C9 柑橘 進口 ,355.1
111/03/26,E9 甜橙 進口 ,37.9
111/03/26,F9 雜柑 進口 ,167.6
111/03/26,G49 奇異果 進口 ,62.6
111/03/26,L9 枇杷 進口 ,330.0
111/03/26,N9 李 進口 ,85.5
111/03/26,O9 梨 其他進口 ,88.1
111/03/26,O99 梨 西洋梨進口 ,63.4
111/03/26,S49 葡萄 無子進口 ,71.7
111/03/26,S9 葡萄 進口 ,164.0
111/03/26,W9 洋香瓜 進口 ,318.6
111/03/26,X69 蘋果 富士進口 ,66.0
111/03/26,Y39 桃子 甜桃進口 ,60.0
111/03/27,459 草莓 進口 ,176.4
111/03/27,469 藍莓 進口 ,166.7
111/03/27,919 其他 進口 ,200.0
111/03/27,C9 柑橘 進口 ,277.8
111/03/27,E9 甜橙 進口 ,41.1
111/03/27,F9 雜柑 進口 ,241.2
111/03/27,G49 奇異果 進口 ,47.8
111/03/27,O9 梨 其他進口 ,190.0
111/03/27,O99 梨 西洋梨進口 ,104.4
111/03/27,S49 葡萄 無子進口 ,86.3
111/03/27,S9 葡萄 進口 ,96.1
111/03/27,W9 洋香瓜 進口 ,363.2
111/03/27,X69 蘋果 富士進口 ,55.9
111/03/27,Y39 桃子 甜桃進口 ,40.5
111/03/29,459 草莓 進口 ,93.9
111/03/29,C9 柑橘 進口 ,106.7
111/03/29,E9 甜橙 進口 ,150.0
111/03/29,G39 酪梨 進口 ,198.4
111/03/29,G49 奇異果 進口 ,57.3
111/03/29,L9 枇杷 進口 ,173.3
111/03/29,N9 李 進口 ,66.7
111/03/29,O9 梨 其他進口 ,76.3
111/03/29,O99 梨 西洋梨進口 ,64.4
111/03/29,S49 葡萄 無子進口 ,101.7
111/03/29,S9 葡萄 進口 ,166.8
111/03/29,W9 洋香瓜 進口 ,37.1
111/03/29,X39 蘋果 惠進口 ,33.3
111/03/29,X69 蘋果 富士進口 ,54.1
111/03/29,Y39 桃子 甜桃進口 ,40.0
111/03/30,459 草莓 進口 ,160.3
111/03/30,829 蜜棗 進口 ,66.4
111/03/30,919 其他 進口 ,77.7
111/03/30,C9 柑橘 進口 ,262.2
111/03/30,E9 甜橙 進口 ,135.7
111/03/30,G49 奇異果 進口 ,58.0
111/03/30,O9 梨 其他進口 ,178.0
111/03/30,O99 梨 西洋梨進口 ,95.0
111/03/30,S49 葡萄 無子進口 ,99.9
111/03/30,S9 葡萄 進口 ,132.7
111/03/30,W9 洋香瓜 進口 ,280.0
111/03/30,X69 蘋果 富士進口 ,82.4
111/03/30,Y39 桃子 甜桃進口 ,41.0
111/03/31,459 草莓 進口 ,700.0
111/03/31,919 其他 進口 ,120.0
111/03/31,C9 柑橘 進口 ,521.2
111/03/31,E9 甜橙 進口 ,53.8
111/03/31,F9 雜柑 進口 ,256.3
111/03/31,G49 奇異果 進口 ,60.3
111/03/31,L9 枇杷 進口 ,333.0
111/03/31,N9 李 進口 ,111.1
111/03/31,O9 梨 其他進口 ,91.4
111/03/31,O99 梨 西洋梨進口 ,62.7
111/03/31,S49 葡萄 無子進口 ,77.1
111/03/31,S9 葡萄 進口 ,75.1
111/03/31,W9 洋香瓜 進口 ,67.6
111/03/31,X69 蘋果 富士進口 ,52.7
111/04/01,459 草莓 進口 ,385.9
111/04/01,469 藍莓 進口 ,133.3
111/04/01,829 蜜棗 進口 ,69.6
111/04/01,C9 柑橘 進口 ,123.2
111/04/01,E9 甜橙 進口 ,143.0
111/04/01,F9 雜柑 進口 ,66.7
111/04/01,G39 酪梨 進口 ,200.0
111/04/01,G49 奇異果 進口 ,57.3
111/04/01,L9 枇杷 進口 ,743.6
111/04/01,O9 梨 其他進口 ,187.7
111/04/01,S49 葡萄 無子進口 ,87.5
111/04/01,S9 葡萄 進口 ,174.7
111/04/01,W9 洋香瓜 進口 ,290.9
111/04/01,X69 蘋果 富士進口 ,54.4
111/04/02,459 草莓 進口 ,129.0
111/04/02,469 藍莓 進口 ,133.3
111/04/02,829 蜜棗 進口 ,71.8
111/04/02,919 其他 進口 ,73.2
111/04/02,C9 柑橘 進口 ,104.0
111/04/02,E9 甜橙 進口 ,49.2
111/04/02,F9 雜柑 進口 ,369.2
111/04/02,G49 奇異果 進口 ,86.6
111/04/02,L9 枇杷 進口 ,733.5
111/04/02,N9 李 進口 ,47.5
111/04/02,O9 梨 其他進口 ,188.7
111/04/02,O99 梨 西洋梨進口 ,93.0
111/04/02,S49 葡萄 無子進口 ,93.4
111/04/02,S9 葡萄 進口 ,129.8
111/04/02,W9 洋香瓜 進口 ,343.6
111/04/02,X69 蘋果 富士進口 ,55.6
111/04/02,Y39 桃子 甜桃進口 ,56.6
111/04/03,459 草莓 進口 ,141.4
111/04/03,829 蜜棗 進口 ,96.5
111/04/03,859 榴槤 進口 ,120.0
111/04/03,919 其他 進口 ,84.0
111/04/03,C9 柑橘 進口 ,88.6
111/04/03,E9 甜橙 進口 ,44.3
111/04/03,F9 雜柑 進口 ,400.0
111/04/03,G49 奇異果 進口 ,57.4
111/04/03,L9 枇杷 進口 ,220.7
111/04/03,O9 梨 其他進口 ,65.7
111/04/03,S49 葡萄 無子進口 ,88.6
111/04/03,S9 葡萄 進口 ,110.3
111/04/03,W9 洋香瓜 進口 ,240.0
111/04/03,X69 蘋果 富士進口 ,52.1
111/04/03,Y39 桃子 甜桃進口 ,21.0
111/04/04,459 草莓 進口 ,194.7
111/04/04,C9 柑橘 進口 ,106.7
111/04/04,E9 甜橙 進口 ,48.7
111/04/04,F9 雜柑 進口 ,404.2
111/04/04,G49 奇異果 進口 ,61.2
111/04/04,L9 枇杷 進口 ,271.1
111/04/04,O9 梨 其他進口 ,187.0
111/04/04,S9 葡萄 進口 ,100.0
111/04/04,X69 蘋果 富士進口 ,101.0
111/04/07,459 草莓 進口 ,232.6
111/04/07,469 藍莓 進口 ,133.3
111/04/07,859 榴槤 進口 ,113.3
111/04/07,E9 甜橙 進口 ,38.4
111/04/07,F9 雜柑 進口 ,383.3
111/04/07,G39 酪梨 進口 ,200.0
111/04/07,G49 奇異果 進口 ,47.1
111/04/07,N9 李 進口 ,61.7
111/04/07,O9 梨 其他進口 ,187.0
111/04/07,O99 梨 西洋梨進口 ,60.5
111/04/07,S49 葡萄 無子進口 ,101.5
111/04/07,S9 葡萄 進口 ,182.9
111/04/07,X69 蘋果 富士進口 ,59.0
111/04/07,Y39 桃子 甜桃進口 ,60.2
111/04/08,459 草莓 進口 ,262.8
111/04/08,469 藍莓 進口 ,166.7
111/04/08,829 蜜棗 進口 ,93.3
111/04/08,919 其他 進口 ,103.6
111/04/08,C9 柑橘 進口 ,442.4
111/04/08,E9 甜橙 進口 ,70.7
111/04/08,G39 酪梨 進口 ,186.7
111/04/08,G49 奇異果 進口 ,52.5
111/04/08,L9 枇杷 進口 ,154.8
111/04/08,O99 梨 西洋梨進口 ,65.7
111/04/08,S49 葡萄 無子進口 ,66.7
111/04/08,S9 葡萄 進口 ,80.0
111/04/08,W9 洋香瓜 進口 ,300.0
111/04/08,X69 蘋果 富士進口 ,78.8
111/04/08,Y39 桃子 甜桃進口 ,39.2
111/04/09,459 草莓 進口 ,146.7
111/04/09,469 藍莓 進口 ,84.4
111/04/09,919 其他 進口 ,115.2
111/04/09,C9 柑橘 進口 ,107.2
111/04/09,E9 甜橙 進口 ,58.8
111/04/09,F9 雜柑 進口 ,316.7
111/04/09,G39 酪梨 進口 ,186.7
111/04/09,G49 奇異果 進口 ,58.8
111/04/09,L9 枇杷 進口 ,135.2
111/04/09,N9 李 進口 ,56.1
111/04/09,O9 梨 其他進口 ,61.2
111/04/09,O99 梨 西洋梨進口 ,57.4
111/04/09,S49 葡萄 無子進口 ,100.8
111/04/09,S9 葡萄 進口 ,31.0
111/04/09,W9 洋香瓜 進口 ,313.1
111/04/09,X39 蘋果 惠進口 ,43.3
111/04/09,X69 蘋果 富士進口 ,62.6
111/04/09,Y39 桃子 甜桃進口 ,53.0
111/04/10,459 草莓 進口 ,69.4
111/04/10,469 藍莓 進口 ,166.7
111/04/10,919 其他 進口 ,177.8
111/04/10,C9 柑橘 進口 ,169.5
111/04/10,E9 甜橙 進口 ,78.3
111/04/10,F9 雜柑 進口 ,400.0
111/04/10,G39 酪梨 進口 ,203.0
111/04/10,G49 奇異果 進口 ,61.3
111/04/10,L9 枇杷 進口 ,171.4
111/04/10,N9 李 進口 ,89.3
111/04/10,O99 梨 西洋梨進口 ,99.6
111/04/10,S49 葡萄 無子進口 ,129.4
111/04/10,S9 葡萄 進口 ,146.7
111/04/10,W9 洋香瓜 進口 ,304.6
111/04/10,X69 蘋果 富士進口 ,52.8
111/04/10,Y39 桃子 甜桃進口 ,60.4
111/04/12,459 草莓 進口 ,164.2
111/04/12,469 藍莓 進口 ,400.0
111/04/12,859 榴槤 進口 ,350.0
111/04/12,919 其他 進口 ,109.1
111/04/12,C9 柑橘 進口 ,133.3
111/04/12,E9 甜橙 進口 ,47.9
111/04/12,F9 雜柑 進口 ,66.7
111/04/12,G39 酪梨 進口 ,186.7
111/04/12,G49 奇異果 進口 ,37.3
111/04/12,L9 枇杷 進口 ,135.6
111/04/12,N9 李 進口 ,90.6
111/04/12,O99 梨 西洋梨進口 ,110.0
111/04/12,S49 葡萄 無子進口 ,81.5
111/04/12,S9 葡萄 進口 ,79.2
111/04/12,W9 洋香瓜 進口 ,266.6
111/04/12,X69 蘋果 富士進口 ,60.7
111/04/12,Y39 桃子 甜桃進口 ,46.1
111/04/13,459 草莓 進口 ,117.2
111/04/13,469 藍莓 進口 ,167.6
111/04/13,859 榴槤 進口 ,173.7
111/04/13,919 其他 進口 ,127.7
111/04/13,C9 柑橘 進口 ,192.4
111/04/13,E9 甜橙 進口 ,57.1
111/04/13,G49 奇異果 進口 ,39.7
111/04/13,L9 枇杷 進口 ,119.7
111/04/13,N9 李 進口 ,86.7
111/04/13,O9 梨 其他進口 ,74.9
111/04/13,O99 梨 西洋梨進口 ,80.0
111/04/13,S49 葡萄 無子進口 ,118.0
111/04/13,S9 葡萄 進口 ,83.4
111/04/13,W9 洋香瓜 進口 ,428.5
111/04/13,X69 蘋果 富士進口 ,65.2
111/04/13,Y39 桃子 甜桃進口 ,48.3
111/04/14,459 草莓 進口 ,829.7
111/04/14,859 榴槤 進口 ,170.0
111/04/14,919 其他 進口 ,200.0
111/04/14,C9 柑橘 進口 ,150.4
111/04/14,E9 甜橙 進口 ,46.0
111/04/14,G49 奇異果 進口 ,69.8
111/04/14,L9 枇杷 進口 ,119.5
111/04/14,N9 李 進口 ,93.0
111/04/14,O9 梨 其他進口 ,71.3
111/04/14,O99 梨 西洋梨進口 ,103.0
111/04/14,S49 葡萄 無子進口 ,79.1
111/04/14,S9 葡萄 進口 ,110.6
111/04/14,W9 洋香瓜 進口 ,329.7
111/04/14,X69 蘋果 富士進口 ,51.3
111/04/14,Y39 桃子 甜桃進口 ,26.4
111/04/15,459 草莓 進口 ,295.8
111/04/15,919 其他 進口 ,167.7
111/04/15,C9 柑橘 進口 ,101.9
111/04/15,E9 甜橙 進口 ,65.8
111/04/15,F9 雜柑 進口 ,66.7
111/04/15,G49 奇異果 進口 ,58.0
111/04/15,L9 枇杷 進口 ,136.5
111/04/15,O99 梨 西洋梨進口 ,79.7
111/04/15,S49 葡萄 無子進口 ,72.6
111/04/15,S9 葡萄 進口 ,141.4
111/04/15,W9 洋香瓜 進口 ,1266.6
111/04/15,X69 蘋果 富士進口 ,67.8
111/04/15,Y39 桃子 甜桃進口 ,44.2
111/04/16,459 草莓 進口 ,263.7
111/04/16,469 藍莓 進口 ,169.3
111/04/16,919 其他 進口 ,96.7
111/04/16,C9 柑橘 進口 ,95.2
111/04/16,E9 甜橙 進口 ,85.3
111/04/16,G49 奇異果 進口 ,96.9
111/04/16,L9 枇杷 進口 ,580.2
111/04/16,N9 李 進口 ,96.3
111/04/16,S49 葡萄 無子進口 ,70.0
111/04/16,S9 葡萄 進口 ,114.7
111/04/16,W9 洋香瓜 進口 ,336.5
111/04/16,X69 蘋果 富士進口 ,85.3
111/04/16,Y39 桃子 甜桃進口 ,44.4
111/04/17,459 草莓 進口 ,1180.0
111/04/17,919 其他 進口 ,60.4
111/04/17,C9 柑橘 進口 ,307.7
111/04/17,E9 甜橙 進口 ,139.7
111/04/17,G49 奇異果 進口 ,91.8
111/04/17,L9 枇杷 進口 ,111.6
111/04/17,N9 李 進口 ,44.4
111/04/17,O99 梨 西洋梨進口 ,46.7
111/04/17,S49 葡萄 無子進口 ,47.6
111/04/17,S9 葡萄 進口 ,122.5
111/04/17,W9 洋香瓜 進口 ,270.5
111/04/17,X69 蘋果 富士進口 ,74.8
111/04/19,469 藍莓 進口 ,400.0
111/04/19,859 榴槤 進口 ,175.8
111/04/19,919 其他 進口 ,49.0
111/04/19,C9 柑橘 進口 ,81.6
111/04/19,E9 甜橙 進口 ,46.4
111/04/19,G39 酪梨 進口 ,186.7
111/04/19,G49 奇異果 進口 ,96.6
111/04/19,L9 枇杷 進口 ,139.5
111/04/19,N9 李 進口 ,55.6
111/04/19,O9 梨 其他進口 ,71.1
111/04/19,O99 梨 西洋梨進口 ,200.3
111/04/19,S49 葡萄 無子進口 ,79.8
111/04/19,S9 葡萄 進口 ,98.3
111/04/19,W9 洋香瓜 進口 ,294.1
111/04/19,X69 蘋果 富士進口 ,61.7
111/04/19,Y39 桃子 甜桃進口 ,47.2
111/04/20,459 草莓 進口 ,833.3
111/04/20,469 藍莓 進口 ,201.0
111/04/20,859 榴槤 進口 ,169.1
111/04/20,919 其他 進口 ,146.0
111/04/20,C9 柑橘 進口 ,231.8
111/04/20,E9 甜橙 進口 ,42.0
111/04/20,G49 奇異果 進口 ,61.6
111/04/20,L9 枇杷 進口 ,110.3
111/04/20,N9 李 進口 ,46.5
111/04/20,S49 葡萄 無子進口 ,67.7
111/04/20,S9 葡萄 進口 ,140.5
111/04/20,W9 洋香瓜 進口 ,300.9
111/04/20,X69 蘋果 富士進口 ,65.3
111/04/20,Y39 桃子 甜桃進口 ,40.0
111/04/21,459 草莓 進口 ,866.7
111/04/21,469 藍莓 進口 ,333.3
111/04/21,859 榴槤 進口 ,131.4
111/04/21,919 其他 進口 ,66.7
111/04/21,C9 柑橘 進口 ,82.9
111/04/21,E9 甜橙 進口 ,104.1
111/04/21,G49 奇異果 進口 ,88.4
111/04/21,L9 枇杷 進口 ,511.1
111/04/21,N9 李 進口 ,95.0
111/04/21,O99 梨 西洋梨進口 ,296.0
111/04/21,S49 葡萄 無子進口 ,80.9
111/04/21,S9 葡萄 進口 ,92.3
111/04/21,W9 洋香瓜 進口 ,309.3
111/04/21,X69 蘋果 富士進口 ,57.4
111/04/22,459 草莓 進口 ,222.2
111/04/22,469 藍莓 進口 ,333.3
111/04/22,839 櫻桃 進口 ,476.1
111/04/22,859 榴槤 進口 ,176.2
111/04/22,919 其他 進口 ,54.7
111/04/22,C9 柑橘 進口 ,666.6
111/04/22,E9 甜橙 進口 ,56.8
111/04/22,G49 奇異果 進口 ,111.4
111/04/22,L9 枇杷 進口 ,466.7
111/04/22,N9 李 進口 ,61.3
111/04/22,O9 梨 其他進口 ,200.0
111/04/22,O99 梨 西洋梨進口 ,285.7
111/04/22,S49 葡萄 無子進口 ,50.0
111/04/22,S9 葡萄 進口 ,84.3
111/04/22,W9 洋香瓜 進口 ,278.3
111/04/22,X69 蘋果 富士進口 ,66.1
111/04/22,Y39 桃子 甜桃進口 ,32.8
111/04/23,459 草莓 進口 ,1000.0
111/04/23,469 藍莓 進口 ,214.3
111/04/23,859 榴槤 進口 ,158.7
111/04/23,C9 柑橘 進口 ,182.9
111/04/23,E9 甜橙 進口 ,140.7
111/04/23,G49 奇異果 進口 ,115.6
111/04/23,N9 李 進口 ,59.0
111/04/23,O99 梨 西洋梨進口 ,49.2
111/04/23,S49 葡萄 無子進口 ,87.0
111/04/23,S9 葡萄 進口 ,68.8
111/04/23,W9 洋香瓜 進口 ,350.3
111/04/23,X39 蘋果 惠進口 ,40.0
111/04/23,X69 蘋果 富士進口 ,48.6
111/04/24,459 草莓 進口 ,222.2
111/04/24,469 藍莓 進口 ,200.0
111/04/24,839 櫻桃 進口 ,393.2
111/04/24,859 榴槤 進口 ,118.2
111/04/24,919 其他 進口 ,140.0
111/04/24,E9 甜橙 進口 ,100.1
111/04/24,G49 奇異果 進口 ,90.7
111/04/24,L9 枇杷 進口 ,166.7
111/04/24,N9 李 進口 ,105.8
111/04/24,S49 葡萄 無子進口 ,58.3
111/04/24,S9 葡萄 進口 ,71.5
111/04/24,W9 洋香瓜 進口 ,310.2
111/04/24,X69 蘋果 富士進口 ,59.9
111/04/26,459 草莓 進口 ,222.2
111/04/26,469 藍莓 進口 ,256.8
111/04/26,839 櫻桃 進口 ,267.4
111/04/26,859 榴槤 進口 ,132.0
111/04/26,E9 甜橙 進口 ,134.2
111/04/26,G49 奇異果 進口 ,66.1
111/04/26,L9 枇杷 進口 ,144.8
111/04/26,N9 李 進口 ,60.1
111/04/26,O99 梨 西洋梨進口 ,46.7
111/04/26,S49 葡萄 無子進口 ,95.9
111/04/26,S9 葡萄 進口 ,92.5
111/04/26,X69 蘋果 富士進口 ,62.0
111/04/27,459 草莓 進口 ,368.4
111/04/27,859 榴槤 進口 ,138.3
111/04/27,919 其他 進口 ,203.8
111/04/27,C9 柑橘 進口 ,333.4
111/04/27,E9 甜橙 進口 ,50.1
111/04/27,G49 奇異果 進口 ,92.9
111/04/27,L9 枇杷 進口 ,117.8
111/04/27,N9 李 進口 ,59.6
111/04/27,O99 梨 西洋梨進口 ,60.0
111/04/27,S49 葡萄 無子進口 ,65.8
111/04/27,S9 葡萄 進口 ,72.5
111/04/27,W9 洋香瓜 進口 ,333.3
111/04/27,X69 蘋果 富士進口 ,98.8
111/04/28,459 草莓 進口 ,222.2
111/04/28,859 榴槤 進口 ,145.8
111/04/28,919 其他 進口 ,400.0
111/04/28,C9 柑橘 進口 ,333.4
111/04/28,E9 甜橙 進口 ,77.1
111/04/28,G49 奇異果 進口 ,81.5
111/04/28,L9 枇杷 進口 ,430.1
111/04/28,N9 李 進口 ,95.4
111/04/28,S49 葡萄 無子進口 ,75.6
111/04/28,S9 葡萄 進口 ,169.0
111/04/28,W9 洋香瓜 進口 ,320.0
111/04/28,X49 蘋果 金冠進口 ,88.9
111/04/28,X69 蘋果 富士進口 ,61.0
111/04/29,459 草莓 進口 ,416.7
111/04/29,469 藍莓 進口 ,255.4
111/04/29,859 榴槤 進口 ,123.2
111/04/29,919 其他 進口 ,46.7
111/04/29,C9 柑橘 進口 ,104.8
111/04/29,E9 甜橙 進口 ,86.0
111/04/29,F9 雜柑 進口 ,66.7
111/04/29,G49 奇異果 進口 ,88.2
111/04/29,L9 枇杷 進口 ,2333.3
111/04/29,N9 李 進口 ,60.4
111/04/29,O99 梨 西洋梨進口 ,186.7
111/04/29,S49 葡萄 無子進口 ,95.0
111/04/29,S9 葡萄 進口 ,89.0
111/04/29,W9 洋香瓜 進口 ,302.6
111/04/29,X69 蘋果 富士進口 ,50.8
111/04/30,459 草莓 進口 ,244.9
111/04/30,469 藍莓 進口 ,174.4
111/04/30,839 櫻桃 進口 ,459.8
111/04/30,859 榴槤 進口 ,137.2
111/04/30,919 其他 進口 ,100.0
111/04/30,C9 柑橘 進口 ,229.1
111/04/30,E9 甜橙 進口 ,131.9
111/04/30,G49 奇異果 進口 ,110.7
111/04/30,L9 枇杷 進口 ,178.5
111/04/30,N9 李 進口 ,62.1
111/04/30,O99 梨 西洋梨進口 ,400.0
111/04/30,S49 葡萄 無子進口 ,78.2
111/04/30,S9 葡萄 進口 ,85.3
111/04/30,W9 洋香瓜 進口 ,342.2
111/04/30,X69 蘋果 富士進口 ,78.7
111/05/01,459 草莓 進口 ,371.4
111/05/01,839 櫻桃 進口 ,406.4
111/05/01,859 榴槤 進口 ,166.4
111/05/01,919 其他 進口 ,120.0
111/05/01,C9 柑橘 進口 ,266.6
111/05/01,E9 甜橙 進口 ,104.6
111/05/01,G39 酪梨 進口 ,215.2
111/05/01,G49 奇異果 進口 ,91.7
111/05/01,L9 枇杷 進口 ,99.4
111/05/01,N9 李 進口 ,63.3
111/05/01,O99 梨 西洋梨進口 ,186.7
111/05/01,S49 葡萄 無子進口 ,100.0
111/05/01,S9 葡萄 進口 ,90.7
111/05/01,W9 洋香瓜 進口 ,298.8
111/05/01,X69 蘋果 富士進口 ,64.6
111/05/01,Y9 桃子 進口 ,666.5
111/05/03,459 草莓 進口 ,222.2
111/05/03,469 藍莓 進口 ,280.6
111/05/03,839 櫻桃 進口 ,449.3
111/05/03,859 榴槤 進口 ,120.0
111/05/03,919 其他 進口 ,133.3
111/05/03,C9 柑橘 進口 ,10.0
111/05/03,E9 甜橙 進口 ,138.2
111/05/03,G49 奇異果 進口 ,86.6
111/05/03,L9 枇杷 進口 ,119.0
111/05/03,N9 李 進口 ,63.5
111/05/03,O99 梨 西洋梨進口 ,181.3
111/05/03,S49 葡萄 無子進口 ,66.1
111/05/03,S9 葡萄 進口 ,75.0
111/05/03,W9 洋香瓜 進口 ,280.0
111/05/03,X69 蘋果 富士進口 ,49.2
111/05/04,469 藍莓 進口 ,216.1
111/05/04,839 櫻桃 進口 ,346.7
111/05/04,859 榴槤 進口 ,120.0
111/05/04,919 其他 進口 ,77.7
111/05/04,C9 柑橘 進口 ,82.2
111/05/04,G49 奇異果 進口 ,99.6
111/05/04,H49 葡萄柚 紅肉進口 ,26.7
111/05/04,N9 李 進口 ,55.7
111/05/04,S49 葡萄 無子進口 ,50.0
111/05/04,S9 葡萄 進口 ,77.9
111/05/04,W9 洋香瓜 進口 ,286.7
111/05/04,X69 蘋果 富士進口 ,79.1
111/05/04,Y9 桃子 進口 ,649.1
111/05/05,459 草莓 進口 ,222.2
111/05/05,469 藍莓 進口 ,332.0
111/05/05,839 櫻桃 進口 ,426.7
111/05/05,859 榴槤 進口 ,138.6
111/05/05,919 其他 進口 ,109.1
111/05/05,C9 柑橘 進口 ,112.3
111/05/05,E9 甜橙 進口 ,43.3
111/05/05,G49 奇異果 進口 ,91.7
111/05/05,L9 枇杷 進口 ,358.3
111/05/05,S49 葡萄 無子進口 ,81.5
111/05/05,S9 葡萄 進口 ,75.8
111/05/05,W9 洋香瓜 進口 ,366.6
111/05/05,X69 蘋果 富士進口 ,99.7
111/05/05,Y9 桃子 進口 ,488.9
111/05/06,459 草莓 進口 ,222.2
111/05/06,839 櫻桃 進口 ,373.9
111/05/06,859 榴槤 進口 ,132.6
111/05/06,919 其他 進口 ,120.6
111/05/06,C9 柑橘 進口 ,266.7
111/05/06,E9 甜橙 進口 ,44.5
111/05/06,G49 奇異果 進口 ,78.7
111/05/06,L9 枇杷 進口 ,435.9
111/05/06,S49 葡萄 無子進口 ,66.7
111/05/06,S9 葡萄 進口 ,177.5
111/05/06,W9 洋香瓜 進口 ,293.3
111/05/06,X69 蘋果 富士進口 ,96.4
111/05/06,Z9 柿子 進口 ,164.9
111/05/07,459 草莓 進口 ,222.2
111/05/07,469 藍莓 進口 ,333.3
111/05/07,839 櫻桃 進口 ,366.3
111/05/07,859 榴槤 進口 ,265.6
111/05/07,919 其他 進口 ,120.0
111/05/07,E9 甜橙 進口 ,41.2
111/05/07,G39 酪梨 進口 ,233.3
111/05/07,G49 奇異果 進口 ,93.0
111/05/07,L9 枇杷 進口 ,400.0
111/05/07,N9 李 進口 ,51.8
111/05/07,S49 葡萄 無子進口 ,106.2
111/05/07,S9 葡萄 進口 ,110.4
111/05/07,W9 洋香瓜 進口 ,293.3
111/05/07,X69 蘋果 富士進口 ,79.5
111/05/07,Y9 桃子 進口 ,954.8
111/05/08,459 草莓 進口 ,222.2
111/05/08,469 藍莓 進口 ,620.5
111/05/08,839 櫻桃 進口 ,386.9
111/05/08,859 榴槤 進口 ,250.4
111/05/08,C9 柑橘 進口 ,83.5
111/05/08,E9 甜橙 進口 ,48.2
111/05/08,G49 奇異果 進口 ,78.8
111/05/08,L9 枇杷 進口 ,488.9
111/05/08,O99 梨 西洋梨進口 ,178.3
111/05/08,S49 葡萄 無子進口 ,45.8
111/05/08,S9 葡萄 進口 ,58.4
111/05/08,W9 洋香瓜 進口 ,284.5
111/05/08,X69 蘋果 富士進口 ,60.6
111/05/08,Y9 桃子 進口 ,306.5
111/05/10,459 草莓 進口 ,222.2
111/05/10,469 藍莓 進口 ,518.2
111/05/10,839 櫻桃 進口 ,293.3
111/05/10,859 榴槤 進口 ,148.2
111/05/10,919 其他 進口 ,106.7
111/05/10,C9 柑橘 進口 ,373.3
111/05/10,E9 甜橙 進口 ,45.6
111/05/10,F9 雜柑 進口 ,66.7
111/05/10,G49 奇異果 進口 ,96.3
111/05/10,L9 枇杷 進口 ,424.3
111/05/10,O99 梨 西洋梨進口 ,56.1
111/05/10,S49 葡萄 無子進口 ,41.7
111/05/10,S9 葡萄 進口 ,64.7
111/05/10,X69 蘋果 富士進口 ,59.0
111/05/10,Y9 桃子 進口 ,293.8
111/05/11,839 櫻桃 進口 ,293.3
111/05/11,859 榴槤 進口 ,215.7
111/05/11,919 其他 進口 ,155.5
111/05/11,C9 柑橘 進口 ,588.9
111/05/11,E9 甜橙 進口 ,47.3
111/05/11,G49 奇異果 進口 ,103.3
111/05/11,L9 枇杷 進口 ,419.4
111/05/11,N9 李 進口 ,44.4
111/05/11,O99 梨 西洋梨進口 ,61.9
111/05/11,S49 葡萄 無子進口 ,92.6
111/05/11,S9 葡萄 進口 ,70.8
111/05/11,X69 蘋果 富士進口 ,55.9
111/05/11,Y9 桃子 進口 ,888.8
111/05/12,459 草莓 進口 ,222.2
111/05/12,469 藍莓 進口 ,327.5
111/05/12,839 櫻桃 進口 ,405.6
111/05/12,859 榴槤 進口 ,184.9
111/05/12,919 其他 進口 ,80.0
111/05/12,C9 柑橘 進口 ,518.5
111/05/12,E9 甜橙 進口 ,43.1
111/05/12,G39 酪梨 進口 ,233.3
111/05/12,G49 奇異果 進口 ,104.3
111/05/12,L9 枇杷 進口 ,400.0
111/05/12,N9 李 進口 ,53.3
111/05/12,O99 梨 西洋梨進口 ,52.6
111/05/12,S49 葡萄 無子進口 ,107.7
111/05/12,S9 葡萄 進口 ,79.6
111/05/12,X69 蘋果 富士進口 ,51.6
111/05/12,Y9 桃子 進口 ,280.2
111/05/13,459 草莓 進口 ,222.2
111/05/13,469 藍莓 進口 ,533.3
111/05/13,839 櫻桃 進口 ,415.9
111/05/13,859 榴槤 進口 ,133.2
111/05/13,C9 柑橘 進口 ,626.5
111/05/13,E9 甜橙 進口 ,85.2
111/05/13,F9 雜柑 進口 ,70.0
111/05/13,G49 奇異果 進口 ,94.8
111/05/13,H49 葡萄柚 紅肉進口 ,50.0
111/05/13,L9 枇杷 進口 ,377.8
111/05/13,N9 李 進口 ,53.2
111/05/13,O99 梨 西洋梨進口 ,48.2
111/05/13,S49 葡萄 無子進口 ,74.1
111/05/13,S9 葡萄 進口 ,74.7
111/05/13,W9 洋香瓜 進口 ,633.2
111/05/13,X69 蘋果 富士進口 ,68.6
111/05/13,Y9 桃子 進口 ,251.8
111/05/13,Z9 柿子 進口 ,200.0
111/05/14,459 草莓 進口 ,222.2
111/05/14,469 藍莓 進口 ,333.3
111/05/14,839 櫻桃 進口 ,301.2
111/05/14,859 榴槤 進口 ,183.2
111/05/14,C9 柑橘 進口 ,82.5
111/05/14,E9 甜橙 進口 ,47.9
111/05/14,G49 奇異果 進口 ,87.7
111/05/14,L9 枇杷 進口 ,533.4
111/05/14,N9 李 進口 ,56.3
111/05/14,S49 葡萄 無子進口 ,88.2
111/05/14,S9 葡萄 進口 ,296.2
111/05/14,W9 洋香瓜 進口 ,300.0
111/05/14,X69 蘋果 富士進口 ,71.1
111/05/14,Y9 桃子 進口 ,427.7
111/05/15,469 藍莓 進口 ,257.6
111/05/15,839 櫻桃 進口 ,298.7
111/05/15,859 榴槤 進口 ,155.2
111/05/15,C9 柑橘 進口 ,129.2
111/05/15,E9 甜橙 進口 ,46.7
111/05/15,F9 雜柑 進口 ,66.7
111/05/15,G49 奇異果 進口 ,90.0
111/05/15,S49 葡萄 無子進口 ,57.9
111/05/15,S9 葡萄 進口 ,92.5
111/05/15,W9 洋香瓜 進口 ,290.5
111/05/15,X69 蘋果 富士進口 ,66.7
111/05/15,Y19 桃子 水蜜桃進口 ,160.0
111/05/15,Y9 桃子 進口 ,181.3
111/05/15,Z9 柿子 進口 ,147.2
111/05/17,839 櫻桃 進口 ,253.6
111/05/17,859 榴槤 進口 ,141.8
111/05/17,919 其他 進口 ,80.0
111/05/17,C9 柑橘 進口 ,304.8
111/05/17,E9 甜橙 進口 ,152.6
111/05/17,G39 酪梨 進口 ,240.0
111/05/17,G49 奇異果 進口 ,79.9
111/05/17,H49 葡萄柚 紅肉進口 ,26.7
111/05/17,S49 葡萄 無子進口 ,79.6
111/05/17,S9 葡萄 進口 ,86.1
111/05/17,X69 蘋果 富士進口 ,69.2
111/05/17,Y9 桃子 進口 ,203.7
111/05/18,459 草莓 進口 ,247.3
111/05/18,469 藍莓 進口 ,263.1
111/05/18,839 櫻桃 進口 ,334.6
111/05/18,919 其他 進口 ,108.6
111/05/18,C9 柑橘 進口 ,500.0
111/05/18,E9 甜橙 進口 ,52.2
111/05/18,F9 雜柑 進口 ,66.7
111/05/18,G39 酪梨 進口 ,240.0
111/05/18,G49 奇異果 進口 ,96.2
111/05/18,L9 枇杷 進口 ,119.0
111/05/18,S49 葡萄 無子進口 ,102.3
111/05/18,S9 葡萄 進口 ,100.1
111/05/18,W9 洋香瓜 進口 ,333.2
111/05/18,X69 蘋果 富士進口 ,62.7
111/05/18,Y9 桃子 進口 ,300.4
111/05/20,459 草莓 進口 ,308.6
111/05/20,469 藍莓 進口 ,248.5
111/05/20,839 櫻桃 進口 ,349.5
111/05/20,859 榴槤 進口 ,146.7
111/05/20,919 其他 進口 ,66.7
111/05/20,C9 柑橘 進口 ,68.8
111/05/20,E9 甜橙 進口 ,66.4
111/05/20,G49 奇異果 進口 ,95.0
111/05/20,H49 葡萄柚 紅肉進口 ,11.1
111/05/20,N9 李 進口 ,44.2
111/05/20,O99 梨 西洋梨進口 ,90.6
111/05/20,S49 葡萄 無子進口 ,67.1
111/05/20,S9 葡萄 進口 ,67.1
111/05/20,W9 洋香瓜 進口 ,866.6
111/05/20,X69 蘋果 富士進口 ,61.3
111/05/20,Y9 桃子 進口 ,227.2
111/05/20,Z9 柿子 進口 ,82.8
111/05/21,459 草莓 進口 ,222.2
111/05/21,469 藍莓 進口 ,237.5
111/05/21,839 櫻桃 進口 ,311.0
111/05/21,859 榴槤 進口 ,135.6
111/05/21,C9 柑橘 進口 ,75.7
111/05/21,E9 甜橙 進口 ,53.8
111/05/21,G49 奇異果 進口 ,95.6
111/05/21,N9 李 進口 ,55.6
111/05/21,O99 梨 西洋梨進口 ,53.3
111/05/21,S49 葡萄 無子進口 ,67.1
111/05/21,S9 葡萄 進口 ,118.0
111/05/21,W9 洋香瓜 進口 ,233.4
111/05/21,X69 蘋果 富士進口 ,72.1
111/05/21,Y9 桃子 進口 ,244.9
111/05/21,Z9 柿子 進口 ,133.3
111/05/22,459 草莓 進口 ,222.2
111/05/22,839 櫻桃 進口 ,343.3
111/05/22,859 榴槤 進口 ,147.5
111/05/22,919 其他 進口 ,253.4
111/05/22,C9 柑橘 進口 ,242.9
111/05/22,E9 甜橙 進口 ,45.4
111/05/22,F9 雜柑 進口 ,74.1
111/05/22,G39 酪梨 進口 ,226.7
111/05/22,G49 奇異果 進口 ,107.4
111/05/22,H9 柚子 進口 ,100.0
111/05/22,N9 李 進口 ,54.2
111/05/22,S49 葡萄 無子進口 ,25.0
111/05/22,S9 葡萄 進口 ,163.4
111/05/22,X69 蘋果 富士進口 ,56.0
111/05/22,Y9 桃子 進口 ,205.4
111/05/24,129 椰子 剝殼進口 ,35.1
111/05/24,459 草莓 進口 ,222.2
111/05/24,469 藍莓 進口 ,296.9
111/05/24,839 櫻桃 進口 ,290.8
111/05/24,859 榴槤 進口 ,140.6
111/05/24,C9 柑橘 進口 ,256.3
111/05/24,E9 甜橙 進口 ,46.5
111/05/24,G49 奇異果 進口 ,107.3
111/05/24,O99 梨 西洋梨進口 ,196.0
111/05/24,S49 葡萄 無子進口 ,45.0
111/05/24,S9 葡萄 進口 ,78.4
111/05/24,X39 蘋果 惠進口 ,36.7
111/05/24,X69 蘋果 富士進口 ,66.0
111/05/24,Y19 桃子 水蜜桃進口 ,215.0
111/05/24,Y9 桃子 進口 ,215.4
111/05/25,129 椰子 剝殼進口 ,26.7
111/05/25,469 藍莓 進口 ,286.2
111/05/25,839 櫻桃 進口 ,290.2
111/05/25,859 榴槤 進口 ,139.1
111/05/25,919 其他 進口 ,120.0
111/05/25,C9 柑橘 進口 ,320.0
111/05/25,E9 甜橙 進口 ,54.8
111/05/25,F9 雜柑 進口 ,60.0
111/05/25,G49 奇異果 進口 ,104.8
111/05/25,H49 葡萄柚 紅肉進口 ,26.7
111/05/25,O99 梨 西洋梨進口 ,176.4
111/05/25,S49 葡萄 無子進口 ,42.8
111/05/25,S9 葡萄 進口 ,109.5
111/05/25,W9 洋香瓜 進口 ,266.7
111/05/25,X69 蘋果 富士進口 ,81.6
111/05/25,Y19 桃子 水蜜桃進口 ,200.0
111/05/25,Y9 桃子 進口 ,266.7
111/05/26,469 藍莓 進口 ,333.3
111/05/26,839 櫻桃 進口 ,409.5
111/05/26,859 榴槤 進口 ,124.1
111/05/26,919 其他 進口 ,253.4
111/05/26,C9 柑橘 進口 ,79.8
111/05/26,E9 甜橙 進口 ,46.2
111/05/26,G49 奇異果 進口 ,87.1
111/05/26,H49 葡萄柚 紅肉進口 ,26.2
111/05/26,N9 李 進口 ,44.4
111/05/26,O99 梨 西洋梨進口 ,55.6
111/05/26,S49 葡萄 無子進口 ,37.5
111/05/26,S9 葡萄 進口 ,217.3
111/05/26,W9 洋香瓜 進口 ,240.0
111/05/26,X69 蘋果 富士進口 ,61.7
111/05/26,Y19 桃子 水蜜桃進口 ,176.3
111/05/26,Y9 桃子 進口 ,228.5
111/05/27,459 草莓 進口 ,222.2
111/05/27,469 藍莓 進口 ,279.3
111/05/27,839 櫻桃 進口 ,403.4
111/05/27,859 榴槤 進口 ,116.2
111/05/27,C9 柑橘 進口 ,260.0
111/05/27,E9 甜橙 進口 ,50.8
111/05/27,G49 奇異果 進口 ,85.0
111/05/27,H49 葡萄柚 紅肉進口 ,26.7
111/05/27,S49 葡萄 無子進口 ,88.2
111/05/27,S9 葡萄 進口 ,83.6
111/05/27,W9 洋香瓜 進口 ,266.7
111/05/27,X69 蘋果 富士進口 ,81.6
111/05/27,Y9 桃子 進口 ,207.0
111/05/28,459 草莓 進口 ,222.2
111/05/28,469 藍莓 進口 ,266.7
111/05/28,839 櫻桃 進口 ,375.0
111/05/28,859 榴槤 進口 ,116.2
111/05/28,C9 柑橘 進口 ,201.8
111/05/28,E9 甜橙 進口 ,73.0
111/05/28,G49 奇異果 進口 ,79.1
111/05/28,L9 枇杷 進口 ,600.0
111/05/28,N9 李 進口 ,58.3
111/05/28,S49 葡萄 無子進口 ,39.0
111/05/28,S9 葡萄 進口 ,115.8
111/05/28,X69 蘋果 富士進口 ,70.1
111/05/28,Y39 桃子 甜桃進口 ,170.0
111/05/28,Y9 桃子 進口 ,275.9
111/05/29,459 草莓 進口 ,222.2
111/05/29,839 櫻桃 進口 ,370.0
111/05/29,859 榴槤 進口 ,177.8
111/05/29,919 其他 進口 ,80.0
111/05/29,C9 柑橘 進口 ,244.8
111/05/29,E9 甜橙 進口 ,61.1
111/05/29,G49 奇異果 進口 ,99.1
111/05/29,N9 李 進口 ,51.8
111/05/29,S49 葡萄 無子進口 ,49.5
111/05/29,S9 葡萄 進口 ,78.0
111/05/29,W9 洋香瓜 進口 ,243.3
111/05/29,X69 蘋果 富士進口 ,59.9
111/05/29,Y39 桃子 甜桃進口 ,182.7
111/05/29,Y9 桃子 進口 ,214.5
111/05/31,129 椰子 剝殼進口 ,35.3
111/05/31,459 草莓 進口 ,222.2
111/05/31,469 藍莓 進口 ,266.7
111/05/31,839 櫻桃 進口 ,374.8
111/05/31,859 榴槤 進口 ,118.4
111/05/31,919 其他 進口 ,98.2
111/05/31,C9 柑橘 進口 ,294.6
111/05/31,E9 甜橙 進口 ,56.0
111/05/31,F9 雜柑 進口 ,66.7
111/05/31,G39 酪梨 進口 ,240.0
111/05/31,G49 奇異果 進口 ,98.1
111/05/31,N9 李 進口 ,67.3
111/05/31,O99 梨 西洋梨進口 ,64.7
111/05/31,S49 葡萄 無子進口 ,64.5
111/05/31,S9 葡萄 進口 ,55.0
111/05/31,W9 洋香瓜 進口 ,333.4
111/05/31,X69 蘋果 富士進口 ,62.1
111/05/31,Y19 桃子 水蜜桃進口 ,159.2
111/05/31,Y39 桃子 甜桃進口 ,162.5
111/05/31,Y9 桃子 進口 ,201.9
111/06/01,129 椰子 剝殼進口 ,10.0
111/06/01,459 草莓 進口 ,222.2
111/06/01,469 藍莓 進口 ,266.6
111/06/01,839 櫻桃 進口 ,364.0
111/06/01,859 榴槤 進口 ,115.7
111/06/01,919 其他 進口 ,214.8
111/06/01,C9 柑橘 進口 ,351.8
111/06/01,E9 甜橙 進口 ,55.9
111/06/01,G49 奇異果 進口 ,88.6
111/06/01,H49 葡萄柚 紅肉進口 ,95.0
111/06/01,N9 李 進口 ,66.4
111/06/01,O99 梨 西洋梨進口 ,42.1
111/06/01,S49 葡萄 無子進口 ,54.2
111/06/01,S9 葡萄 進口 ,119.1
111/06/01,W9 洋香瓜 進口 ,287.6
111/06/01,X69 蘋果 富士進口 ,59.6
111/06/01,Y39 桃子 甜桃進口 ,167.4
111/06/01,Y9 桃子 進口 ,179.8
111/06/02,469 藍莓 進口 ,266.7
111/06/02,839 櫻桃 進口 ,152.7
111/06/02,859 榴槤 進口 ,107.1
111/06/02,919 其他 進口 ,253.4
111/06/02,C9 柑橘 進口 ,489.8
111/06/02,E9 甜橙 進口 ,50.5
111/06/02,G49 奇異果 進口 ,93.1
111/06/02,N9 李 進口 ,100.3
111/06/02,O99 梨 西洋梨進口 ,99.2
111/06/02,S49 葡萄 無子進口 ,62.7
111/06/02,S9 葡萄 進口 ,103.0
111/06/02,W9 洋香瓜 進口 ,611.1
111/06/02,X69 蘋果 富士進口 ,58.7
111/06/02,Y19 桃子 水蜜桃進口 ,220.0
111/06/02,Y9 桃子 進口 ,413.6
111/06/03,459 草莓 進口 ,222.2
111/06/03,469 藍莓 進口 ,266.7
111/06/03,839 櫻桃 進口 ,339.6
111/06/03,859 榴槤 進口 ,102.3
111/06/03,919 其他 進口 ,80.0
111/06/03,C9 柑橘 進口 ,71.3
111/06/03,E9 甜橙 進口 ,47.2
111/06/03,G49 奇異果 進口 ,83.1
111/06/03,H49 葡萄柚 紅肉進口 ,23.3
111/06/03,N9 李 進口 ,95.7
111/06/03,O99 梨 西洋梨進口 ,123.1
111/06/03,S49 葡萄 無子進口 ,95.8
111/06/03,S9 葡萄 進口 ,114.0
111/06/03,W9 洋香瓜 進口 ,200.0
111/06/03,X69 蘋果 富士進口 ,67.9
111/06/03,Y9 桃子 進口 ,268.1
111/06/04,469 藍莓 進口 ,266.7
111/06/04,859 榴槤 進口 ,113.3
111/06/04,919 其他 進口 ,120.0
111/06/04,C9 柑橘 進口 ,79.7
111/06/04,E9 甜橙 進口 ,43.8
111/06/04,G49 奇異果 進口 ,79.3
111/06/04,H49 葡萄柚 紅肉進口 ,23.3
111/06/04,N9 李 進口 ,37.0
111/06/04,S49 葡萄 無子進口 ,58.3
111/06/04,S9 葡萄 進口 ,172.2
111/06/04,W9 洋香瓜 進口 ,186.6
111/06/04,X69 蘋果 富士進口 ,60.2
111/06/04,Y9 桃子 進口 ,295.3
111/06/07,459 草莓 進口 ,222.2
111/06/07,469 藍莓 進口 ,266.7
111/06/07,839 櫻桃 進口 ,405.3
111/06/07,859 榴槤 進口 ,102.6
111/06/07,919 其他 進口 ,253.4
111/06/07,C9 柑橘 進口 ,116.8
111/06/07,E9 甜橙 進口 ,46.1
111/06/07,F9 雜柑 進口 ,66.7
111/06/07,G49 奇異果 進口 ,88.5
111/06/07,S49 葡萄 無子進口 ,52.0
111/06/07,S9 葡萄 進口 ,60.6
111/06/07,W9 洋香瓜 進口 ,213.3
111/06/07,X69 蘋果 富士進口 ,51.7
111/06/07,Y39 桃子 甜桃進口 ,166.7
111/06/07,Y9 桃子 進口 ,137.1
111/06/08,469 藍莓 進口 ,266.7
111/06/08,859 榴槤 進口 ,100.8
111/06/08,919 其他 進口 ,48.7
111/06/08,C9 柑橘 進口 ,125.7
111/06/08,E9 甜橙 進口 ,48.7
111/06/08,G49 奇異果 進口 ,84.4
111/06/08,N9 李 進口 ,195.9
111/06/08,S49 葡萄 無子進口 ,41.7
111/06/08,S9 葡萄 進口 ,79.3
111/06/08,W9 洋香瓜 進口 ,220.9
111/06/08,X69 蘋果 富士進口 ,60.2
111/06/08,Y19 桃子 水蜜桃進口 ,151.2
111/06/08,Y39 桃子 甜桃進口 ,166.7
111/06/08,Y9 桃子 進口 ,139.9
111/06/09,469 藍莓 進口 ,866.7
111/06/09,859 榴槤 進口 ,80.0
111/06/09,919 其他 進口 ,66.7
111/06/09,C9 柑橘 進口 ,70.9
111/06/09,E9 甜橙 進口 ,47.3
111/06/09,F9 雜柑 進口 ,74.1
111/06/09,G49 奇異果 進口 ,104.0
111/06/09,N9 李 進口 ,44.4
111/06/09,O99 梨 西洋梨進口 ,177.2
111/06/09,S49 葡萄 無子進口 ,41.7
111/06/09,S9 葡萄 進口 ,598.2
111/06/09,W9 洋香瓜 進口 ,566.8
111/06/09,X69 蘋果 富士進口 ,46.6
111/06/09,Y19 桃子 水蜜桃進口 ,196.7
111/06/09,Y39 桃子 甜桃進口 ,206.2
111/06/09,Y9 桃子 進口 ,262.8
111/06/10,459 草莓 進口 ,222.2
111/06/10,839 櫻桃 進口 ,367.6
111/06/10,859 榴槤 進口 ,103.2
111/06/10,919 其他 進口 ,22.0
111/06/10,C9 柑橘 進口 ,64.9
111/06/10,E9 甜橙 進口 ,58.7
111/06/10,G39 酪梨 進口 ,213.3
111/06/10,G49 奇異果 進口 ,73.1
111/06/10,H49 葡萄柚 紅肉進口 ,23.3
111/06/10,S49 葡萄 無子進口 ,55.4
111/06/10,S9 葡萄 進口 ,222.2
111/06/10,X69 蘋果 富士進口 ,53.0
111/06/10,Y39 桃子 甜桃進口 ,164.9
111/06/10,Y9 桃子 進口 ,170.0
111/06/11,469 藍莓 進口 ,266.7
111/06/11,859 榴槤 進口 ,143.4
111/06/11,919 其他 進口 ,253.3
111/06/11,C9 柑橘 進口 ,74.6
111/06/11,E9 甜橙 進口 ,78.7
111/06/11,F9 雜柑 進口 ,74.1
111/06/11,G49 奇異果 進口 ,89.6
111/06/11,S49 葡萄 無子進口 ,51.5
111/06/11,S9 葡萄 進口 ,92.4
111/06/11,X69 蘋果 富士進口 ,48.3
111/06/11,Y39 桃子 甜桃進口 ,184.8
111/06/11,Y9 桃子 進口 ,241.8
111/06/12,469 藍莓 進口 ,266.7
111/06/12,859 榴槤 進口 ,101.2
111/06/12,C9 柑橘 進口 ,62.4
111/06/12,E9 甜橙 進口 ,47.4
111/06/12,G49 奇異果 進口 ,81.9
111/06/12,H49 葡萄柚 紅肉進口 ,23.3
111/06/12,O99 梨 西洋梨進口 ,147.7
111/06/12,S49 葡萄 無子進口 ,166.7
111/06/12,S9 葡萄 進口 ,82.2
111/06/12,W9 洋香瓜 進口 ,266.6
111/06/12,X69 蘋果 富士進口 ,83.2
111/06/12,Y9 桃子 進口 ,236.9
111/06/14,459 草莓 進口 ,222.2
111/06/14,469 藍莓 進口 ,266.7
111/06/14,839 櫻桃 進口 ,481.4
111/06/14,859 榴槤 進口 ,169.8
111/06/14,C9 柑橘 進口 ,79.6
111/06/14,E9 甜橙 進口 ,51.6
111/06/14,G49 奇異果 進口 ,88.1
111/06/14,H49 葡萄柚 紅肉進口 ,20.0
111/06/14,O99 梨 西洋梨進口 ,240.0
111/06/14,S49 葡萄 無子進口 ,59.8
111/06/14,S9 葡萄 進口 ,68.1
111/06/14,X69 蘋果 富士進口 ,45.6
111/06/14,Y19 桃子 水蜜桃進口 ,230.0
111/06/14,Y39 桃子 甜桃進口 ,166.7
111/06/14,Y9 桃子 進口 ,245.2
111/06/15,459 草莓 進口 ,222.2
111/06/15,859 榴槤 進口 ,108.9
111/06/15,919 其他 進口 ,120.0
111/06/15,C9 柑橘 進口 ,290.7
111/06/15,E9 甜橙 進口 ,41.7
111/06/15,G49 奇異果 進口 ,110.6
111/06/15,H49 葡萄柚 紅肉進口 ,21.5
111/06/15,O99 梨 西洋梨進口 ,83.5
111/06/15,S49 葡萄 無子進口 ,129.2
111/06/15,S9 葡萄 進口 ,210.8
111/06/15,T9 西瓜 進口 ,216.1
111/06/15,X69 蘋果 富士進口 ,56.6
111/06/15,Y19 桃子 水蜜桃進口 ,205.7
111/06/15,Y9 桃子 進口 ,231.1
111/06/16,839 櫻桃 進口 ,490.8
111/06/16,859 榴槤 進口 ,113.3
111/06/16,C9 柑橘 進口 ,410.0
111/06/16,E9 甜橙 進口 ,37.7
111/06/16,G49 奇異果 進口 ,77.4
111/06/16,O99 梨 西洋梨進口 ,80.0
111/06/16,S49 葡萄 無子進口 ,43.9
111/06/16,S9 葡萄 進口 ,119.4
111/06/16,W9 洋香瓜 進口 ,250.7
111/06/16,X69 蘋果 富士進口 ,48.6
111/06/16,Y19 桃子 水蜜桃進口 ,181.2
111/06/16,Y39 桃子 甜桃進口 ,215.1
111/06/16,Y9 桃子 進口 ,195.7
111/06/17,459 草莓 進口 ,222.2
111/06/17,839 櫻桃 進口 ,506.0
111/06/17,859 榴槤 進口 ,106.7
111/06/17,919 其他 進口 ,496.3
111/06/17,C9 柑橘 進口 ,28.7
111/06/17,E9 甜橙 進口 ,135.7
111/06/17,G49 奇異果 進口 ,104.6
111/06/17,H49 葡萄柚 紅肉進口 ,20.0
111/06/17,O99 梨 西洋梨進口 ,68.7
111/06/17,S49 葡萄 無子進口 ,247.6
111/06/17,S9 葡萄 進口 ,141.0
111/06/17,W9 洋香瓜 進口 ,226.6
111/06/17,X69 蘋果 富士進口 ,72.1
111/06/17,Y19 桃子 水蜜桃進口 ,122.5
111/06/17,Y39 桃子 甜桃進口 ,207.8
111/06/17,Y9 桃子 進口 ,215.9
111/06/18,839 櫻桃 進口 ,489.4
111/06/18,919 其他 進口 ,800.0
111/06/18,C9 柑橘 進口 ,59.7
111/06/18,E9 甜橙 進口 ,63.7
111/06/18,G49 奇異果 進口 ,81.6
111/06/18,H49 葡萄柚 紅肉進口 ,23.3
111/06/18,O99 梨 西洋梨進口 ,54.7
111/06/18,S49 葡萄 無子進口 ,45.8
111/06/18,S9 葡萄 進口 ,100.2
111/06/18,W9 洋香瓜 進口 ,257.7
111/06/18,X69 蘋果 富士進口 ,67.0
111/06/18,Y19 桃子 水蜜桃進口 ,168.6
111/06/18,Y39 桃子 甜桃進口 ,168.3
111/06/18,Y9 桃子 進口 ,231.5
111/06/19,459 草莓 進口 ,222.2
111/06/19,469 藍莓 進口 ,266.7
111/06/19,839 櫻桃 進口 ,385.3
111/06/19,859 榴槤 進口 ,110.1
111/06/19,C9 柑橘 進口 ,78.8
111/06/19,E9 甜橙 進口 ,42.7
111/06/19,G49 奇異果 進口 ,108.4
111/06/19,S49 葡萄 無子進口 ,66.7
111/06/19,S9 葡萄 進口 ,83.4
111/06/19,X69 蘋果 富士進口 ,54.6
111/06/19,Y39 桃子 甜桃進口 ,213.4
111/06/19,Y9 桃子 進口 ,253.4
111/06/21,459 草莓 進口 ,222.2
111/06/21,839 櫻桃 進口 ,375.9
111/06/21,859 榴槤 進口 ,113.3
111/06/21,919 其他 進口 ,800.0
111/06/21,C9 柑橘 進口 ,262.2
111/06/21,E9 甜橙 進口 ,79.5
111/06/21,G49 奇異果 進口 ,74.2
111/06/21,H49 葡萄柚 紅肉進口 ,23.3
111/06/21,O99 梨 西洋梨進口 ,160.0
111/06/21,S9 葡萄 進口 ,114.4
111/06/21,W9 洋香瓜 進口 ,226.7
111/06/21,X69 蘋果 富士進口 ,53.2
111/06/21,Y39 桃子 甜桃進口 ,198.4
111/06/21,Y9 桃子 進口 ,250.6
111/06/22,459 草莓 進口 ,222.2
111/06/22,839 櫻桃 進口 ,376.3
111/06/22,919 其他 進口 ,369.4
111/06/22,C9 柑橘 進口 ,112.9
111/06/22,E9 甜橙 進口 ,40.0
111/06/22,F9 雜柑 進口 ,74.1
111/06/22,G49 奇異果 進口 ,87.2
111/06/22,S9 葡萄 進口 ,784.4
111/06/22,X69 蘋果 富士進口 ,56.4
111/06/22,Y19 桃子 水蜜桃進口 ,160.0
111/06/22,Y39 桃子 甜桃進口 ,75.1
111/06/22,Y9 桃子 進口 ,164.3
111/06/23,839 櫻桃 進口 ,331.2
111/06/23,859 榴槤 進口 ,106.9
111/06/23,919 其他 進口 ,93.3
111/06/23,C9 柑橘 進口 ,93.4
111/06/23,E9 甜橙 進口 ,46.4
111/06/23,F9 雜柑 進口 ,74.1
111/06/23,G49 奇異果 進口 ,93.1
111/06/23,H49 葡萄柚 紅肉進口 ,35.4
111/06/23,S49 葡萄 無子進口 ,240.0
111/06/23,S9 葡萄 進口 ,913.1
111/06/23,W9 洋香瓜 進口 ,166.7
111/06/23,X69 蘋果 富士進口 ,45.3
111/06/23,Y19 桃子 水蜜桃進口 ,165.0
111/06/23,Y39 桃子 甜桃進口 ,256.9
111/06/23,Y9 桃子 進口 ,174.6
111/06/24,459 草莓 進口 ,222.2
111/06/24,469 藍莓 進口 ,270.8
111/06/24,839 櫻桃 進口 ,355.2
111/06/24,859 榴槤 進口 ,188.8
111/06/24,919 其他 進口 ,433.3
111/06/24,C9 柑橘 進口 ,156.1
111/06/24,E9 甜橙 進口 ,46.4
111/06/24,G49 奇異果 進口 ,111.6
111/06/24,H49 葡萄柚 紅肉進口 ,25.5
111/06/24,N9 李 進口 ,153.3
111/06/24,S49 葡萄 無子進口 ,228.6
111/06/24,S9 葡萄 進口 ,143.1
111/06/24,X49 蘋果 金冠進口 ,88.9
111/06/24,X69 蘋果 富士進口 ,52.6
111/06/24,Y19 桃子 水蜜桃進口 ,175.0
111/06/24,Y39 桃子 甜桃進口 ,183.3
111/06/24,Y9 桃子 進口 ,195.2
111/06/25,839 櫻桃 進口 ,366.2
111/06/25,859 榴槤 進口 ,113.1
111/06/25,919 其他 進口 ,565.1
111/06/25,C9 柑橘 進口 ,93.2
111/06/25,E9 甜橙 進口 ,47.4
111/06/25,F9 雜柑 進口 ,74.1
111/06/25,G49 奇異果 進口 ,79.7
111/06/25,H49 葡萄柚 紅肉進口 ,68.0
111/06/25,S49 葡萄 無子進口 ,141.5
111/06/25,S9 葡萄 進口 ,69.2
111/06/25,X69 蘋果 富士進口 ,54.5
111/06/25,Y19 桃子 水蜜桃進口 ,149.2
111/06/25,Y39 桃子 甜桃進口 ,165.8
111/06/25,Y9 桃子 進口 ,263.6
111/06/26,459 草莓 進口 ,222.2
111/06/26,839 櫻桃 進口 ,391.3
111/06/26,859 榴槤 進口 ,117.6
111/06/26,919 其他 進口 ,253.3
111/06/26,C9 柑橘 進口 ,115.6
111/06/26,E9 甜橙 進口 ,51.9
111/06/26,G49 奇異果 進口 ,90.4
111/06/26,H49 葡萄柚 紅肉進口 ,68.0
111/06/26,N9 李 進口 ,200.0
111/06/26,S49 葡萄 無子進口 ,66.7
111/06/26,S9 葡萄 進口 ,139.3
111/06/26,X69 蘋果 富士進口 ,56.4
111/06/26,Y39 桃子 甜桃進口 ,203.8
111/06/26,Y9 桃子 進口 ,265.0
111/06/28,839 櫻桃 進口 ,215.6
111/06/28,859 榴槤 進口 ,120.3
111/06/28,919 其他 進口 ,834.6
111/06/28,C9 柑橘 進口 ,63.2
111/06/28,E9 甜橙 進口 ,52.1
111/06/28,G49 奇異果 進口 ,76.4
111/06/28,S49 葡萄 無子進口 ,266.7
111/06/28,S9 葡萄 進口 ,105.2
111/06/28,W9 洋香瓜 進口 ,306.7
111/06/28,X69 蘋果 富士進口 ,58.5
111/06/28,Y19 桃子 水蜜桃進口 ,190.0
111/06/28,Y39 桃子 甜桃進口 ,157.8
111/06/28,Y9 桃子 進口 ,247.3
111/06/29,459 草莓 進口 ,222.2
111/06/29,839 櫻桃 進口 ,399.4
111/06/29,859 榴槤 進口 ,113.6
111/06/29,919 其他 進口 ,386.7
111/06/29,C9 柑橘 進口 ,131.6
111/06/29,E9 甜橙 進口 ,42.0
111/06/29,G49 奇異果 進口 ,78.5
111/06/29,H49 葡萄柚 紅肉進口 ,23.6
111/06/29,N9 李 進口 ,306.7
111/06/29,S9 葡萄 進口 ,141.1
111/06/29,W9 洋香瓜 進口 ,433.3
111/06/29,X19 蘋果 五爪進口 ,23.3
111/06/29,X49 蘋果 金冠進口 ,44.4
111/06/29,X69 蘋果 富士進口 ,63.8
111/06/29,Y9 桃子 進口 ,225.5
111/06/30,839 櫻桃 進口 ,373.4
111/06/30,859 榴槤 進口 ,160.2
111/06/30,919 其他 進口 ,146.7
111/06/30,C9 柑橘 進口 ,65.8
111/06/30,E9 甜橙 進口 ,41.4
111/06/30,G49 奇異果 進口 ,103.9
111/06/30,H49 葡萄柚 紅肉進口 ,26.7
111/06/30,N9 李 進口 ,306.7
111/06/30,O99 梨 西洋梨進口 ,53.3
111/06/30,S9 葡萄 進口 ,890.0
111/06/30,W9 洋香瓜 進口 ,433.2
111/06/30,X69 蘋果 富士進口 ,46.9
111/06/30,Y39 桃子 甜桃進口 ,142.9
111/06/30,Y9 桃子 進口 ,253.2
111/07/01,459 草莓 進口 ,222.2
111/07/01,839 櫻桃 進口 ,421.0
111/07/01,859 榴槤 進口 ,116.8
111/07/01,919 其他 進口 ,584.3
111/07/01,C9 柑橘 進口 ,337.6
111/07/01,E9 甜橙 進口 ,42.0
111/07/01,F9 雜柑 進口 ,74.1
111/07/01,G49 奇異果 進口 ,71.1
111/07/01,H49 葡萄柚 紅肉進口 ,27.4
111/07/01,S9 葡萄 進口 ,403.0
111/07/01,X69 蘋果 富士進口 ,43.6
111/07/01,Y39 桃子 甜桃進口 ,199.9
111/07/01,Y9 桃子 進口 ,257.8
111/07/02,459 草莓 進口 ,222.2
111/07/02,469 藍莓 進口 ,280.7
111/07/02,839 櫻桃 進口 ,419.1
111/07/02,859 榴槤 進口 ,117.6
111/07/02,919 其他 進口 ,501.7
111/07/02,C9 柑橘 進口 ,79.0
111/07/02,E9 甜橙 進口 ,37.0
111/07/02,F9 雜柑 進口 ,66.7
111/07/02,G39 酪梨 進口 ,226.7
111/07/02,G49 奇異果 進口 ,81.4
111/07/02,H49 葡萄柚 紅肉進口 ,20.0
111/07/02,O99 梨 西洋梨進口 ,43.7
111/07/02,S49 葡萄 無子進口 ,195.0
111/07/02,S9 葡萄 進口 ,146.2
111/07/02,W9 洋香瓜 進口 ,173.3
111/07/02,X69 蘋果 富士進口 ,49.6
111/07/02,Y39 桃子 甜桃進口 ,108.9
111/07/02,Y9 桃子 進口 ,291.1
111/07/03,459 草莓 進口 ,222.2
111/07/03,469 藍莓 進口 ,274.1
111/07/03,839 櫻桃 進口 ,399.4
111/07/03,859 榴槤 進口 ,155.6
111/07/03,919 其他 進口 ,253.3
111/07/03,C9 柑橘 進口 ,122.9
111/07/03,E9 甜橙 進口 ,65.9
111/07/03,G49 奇異果 進口 ,93.9
111/07/03,S9 葡萄 進口 ,191.6
111/07/03,W9 洋香瓜 進口 ,111.1
111/07/03,X69 蘋果 富士進口 ,49.3
111/07/03,Y39 桃子 甜桃進口 ,188.9
111/07/03,Y9 桃子 進口 ,274.0
111/07/05,459 草莓 進口 ,222.2
111/07/05,839 櫻桃 進口 ,363.4
111/07/05,859 榴槤 進口 ,106.5
111/07/05,919 其他 進口 ,800.0
111/07/05,C9 柑橘 進口 ,67.7
111/07/05,E9 甜橙 進口 ,47.0
111/07/05,G39 酪梨 進口 ,213.3
111/07/05,G49 奇異果 進口 ,76.5
111/07/05,S49 葡萄 無子進口 ,178.0
111/07/05,S9 葡萄 進口 ,529.3
111/07/05,W9 洋香瓜 進口 ,86.7
111/07/05,X69 蘋果 富士進口 ,55.5
111/07/05,Y39 桃子 甜桃進口 ,132.0
111/07/05,Y9 桃子 進口 ,132.4
111/07/06,459 草莓 進口 ,222.2
111/07/06,469 藍莓 進口 ,325.0
111/07/06,839 櫻桃 進口 ,344.2
111/07/06,859 榴槤 進口 ,106.7
111/07/06,919 其他 進口 ,413.3
111/07/06,C9 柑橘 進口 ,76.3
111/07/06,E9 甜橙 進口 ,43.8
111/07/06,G49 奇異果 進口 ,50.3
111/07/06,H49 葡萄柚 紅肉進口 ,23.3
111/07/06,O99 梨 西洋梨進口 ,43.3
111/07/06,S49 葡萄 無子進口 ,200.0
111/07/06,S9 葡萄 進口 ,801.5
111/07/06,W9 洋香瓜 進口 ,166.7
111/07/06,X69 蘋果 富士進口 ,58.4
111/07/06,Y39 桃子 甜桃進口 ,86.8
111/07/06,Y9 桃子 進口 ,326.1
111/07/07,469 藍莓 進口 ,800.0
111/07/07,839 櫻桃 進口 ,334.5
111/07/07,859 榴槤 進口 ,145.5
111/07/07,C9 柑橘 進口 ,142.7
111/07/07,E9 甜橙 進口 ,43.5
111/07/07,G49 奇異果 進口 ,87.4
111/07/07,N9 李 進口 ,306.7
111/07/07,S49 葡萄 無子進口 ,183.3
111/07/07,S9 葡萄 進口 ,248.2
111/07/07,W9 洋香瓜 進口 ,120.2
111/07/07,X69 蘋果 富士進口 ,52.2
111/07/07,Y9 桃子 進口 ,257.4
111/07/08,459 草莓 進口 ,222.2
111/07/08,469 藍莓 進口 ,800.0
111/07/08,839 櫻桃 進口 ,340.6
111/07/08,859 榴槤 進口 ,108.1
111/07/08,919 其他 進口 ,71.1
111/07/08,C9 柑橘 進口 ,402.2
111/07/08,E9 甜橙 進口 ,57.0
111/07/08,G49 奇異果 進口 ,37.9
111/07/08,H49 葡萄柚 紅肉進口 ,68.0
111/07/08,N9 李 進口 ,295.6
111/07/08,S49 葡萄 無子進口 ,107.8
111/07/08,S9 葡萄 進口 ,145.7
111/07/08,T9 西瓜 進口 ,173.3
111/07/08,W9 洋香瓜 進口 ,333.3
111/07/08,X69 蘋果 富士進口 ,59.1
111/07/08,Y39 桃子 甜桃進口 ,238.1
111/07/08,Y9 桃子 進口 ,266.1
111/07/09,469 藍莓 進口 ,200.0
111/07/09,839 櫻桃 進口 ,286.7
111/07/09,859 榴槤 進口 ,109.1
111/07/09,919 其他 進口 ,629.2
111/07/09,C9 柑橘 進口 ,64.9
111/07/09,E9 甜橙 進口 ,35.7
111/07/09,F9 雜柑 進口 ,66.7
111/07/09,G39 酪梨 進口 ,213.3
111/07/09,G49 奇異果 進口 ,67.2
111/07/09,S49 葡萄 無子進口 ,207.2
111/07/09,S9 葡萄 進口 ,561.8
111/07/09,T9 西瓜 進口 ,173.4
111/07/09,W9 洋香瓜 進口 ,111.4
111/07/09,X69 蘋果 富士進口 ,58.0
111/07/09,Y39 桃子 甜桃進口 ,208.3
111/07/09,Y9 桃子 進口 ,316.5
111/07/10,459 草莓 進口 ,222.2
111/07/10,839 櫻桃 進口 ,325.3
111/07/10,859 榴槤 進口 ,149.1
111/07/10,C9 柑橘 進口 ,226.5
111/07/10,E9 甜橙 進口 ,62.4
111/07/10,G49 奇異果 進口 ,81.5
111/07/10,H49 葡萄柚 紅肉進口 ,29.0
111/07/10,S49 葡萄 無子進口 ,227.2
111/07/10,S9 葡萄 進口 ,215.9
111/07/10,X69 蘋果 富士進口 ,52.5
111/07/10,Y19 桃子 水蜜桃進口 ,220.0
111/07/10,Y39 桃子 甜桃進口 ,208.3
111/07/10,Y9 桃子 進口 ,292.7
111/07/12,459 草莓 進口 ,222.2
111/07/12,469 藍莓 進口 ,800.0
111/07/12,839 櫻桃 進口 ,384.3
111/07/12,859 榴槤 進口 ,103.7
111/07/12,C9 柑橘 進口 ,117.3
111/07/12,E9 甜橙 進口 ,38.7
111/07/12,G49 奇異果 進口 ,82.8
111/07/12,H49 葡萄柚 紅肉進口 ,24.4
111/07/12,O99 梨 西洋梨進口 ,20.0
111/07/12,S49 葡萄 無子進口 ,229.6
111/07/12,S9 葡萄 進口 ,695.9
111/07/12,W9 洋香瓜 進口 ,124.6
111/07/12,X69 蘋果 富士進口 ,50.7
111/07/12,Y39 桃子 甜桃進口 ,115.0
111/07/12,Y9 桃子 進口 ,251.7
111/07/13,459 草莓 進口 ,222.2
111/07/13,469 藍莓 進口 ,800.0
111/07/13,839 櫻桃 進口 ,395.7
111/07/13,859 榴槤 進口 ,93.3
111/07/13,919 其他 進口 ,103.0
111/07/13,C9 柑橘 進口 ,66.4
111/07/13,E9 甜橙 進口 ,46.5
111/07/13,G49 奇異果 進口 ,102.3
111/07/13,H49 葡萄柚 紅肉進口 ,65.0
111/07/13,N9 李 進口 ,266.7
111/07/13,S49 葡萄 無子進口 ,216.7
111/07/13,S9 葡萄 進口 ,702.7
111/07/13,W9 洋香瓜 進口 ,250.0
111/07/13,X69 蘋果 富士進口 ,53.6
111/07/13,Y39 桃子 甜桃進口 ,80.4
111/07/13,Y9 桃子 進口 ,282.5
111/07/14,469 藍莓 進口 ,200.0
111/07/14,839 櫻桃 進口 ,360.5
111/07/14,859 榴槤 進口 ,97.9
111/07/14,C9 柑橘 進口 ,56.1
111/07/14,E9 甜橙 進口 ,41.3
111/07/14,F9 雜柑 進口 ,66.7
111/07/14,G39 酪梨 進口 ,200.0
111/07/14,G49 奇異果 進口 ,20.0
111/07/14,H49 葡萄柚 紅肉進口 ,40.4
111/07/14,S49 葡萄 無子進口 ,223.8
111/07/14,S9 葡萄 進口 ,963.8
111/07/14,T9 西瓜 進口 ,173.3
111/07/14,W9 洋香瓜 進口 ,83.3
111/07/14,X69 蘋果 富士進口 ,47.8
111/07/14,Y9 桃子 進口 ,270.9
111/07/15,459 草莓 進口 ,222.2
111/07/15,839 櫻桃 進口 ,357.4
111/07/15,859 榴槤 進口 ,112.6
111/07/15,919 其他 進口 ,417.0
111/07/15,C9 柑橘 進口 ,72.2
111/07/15,E9 甜橙 進口 ,36.9
111/07/15,G39 酪梨 進口 ,150.0
111/07/15,G49 奇異果 進口 ,73.9
111/07/15,H49 葡萄柚 紅肉進口 ,24.2
111/07/15,S49 葡萄 無子進口 ,168.2
111/07/15,S9 葡萄 進口 ,1004.6
111/07/15,X69 蘋果 富士進口 ,61.0
111/07/15,Y9 桃子 進口 ,358.6
111/07/16,839 櫻桃 進口 ,361.0
111/07/16,859 榴槤 進口 ,129.1
111/07/16,919 其他 進口 ,800.0
111/07/16,C9 柑橘 進口 ,60.3
111/07/16,E9 甜橙 進口 ,37.9
111/07/16,G39 酪梨 進口 ,147.0
111/07/16,H49 葡萄柚 紅肉進口 ,23.3
111/07/16,S49 葡萄 無子進口 ,210.4
111/07/16,S9 葡萄 進口 ,696.0
111/07/16,W9 洋香瓜 進口 ,358.4
111/07/16,X69 蘋果 富士進口 ,50.9
111/07/16,Y19 桃子 水蜜桃進口 ,280.0
111/07/16,Y39 桃子 甜桃進口 ,60.0
111/07/16,Y9 桃子 進口 ,252.3
111/07/17,459 草莓 進口 ,222.2
111/07/17,469 藍莓 進口 ,533.3
111/07/17,839 櫻桃 進口 ,330.3
111/07/17,859 榴槤 進口 ,102.7
111/07/17,C9 柑橘 進口 ,177.8
111/07/17,E9 甜橙 進口 ,107.7
111/07/17,G49 奇異果 進口 ,20.0
111/07/17,O99 梨 西洋梨進口 ,42.6
111/07/17,S49 葡萄 無子進口 ,216.7
111/07/17,S9 葡萄 進口 ,933.2
111/07/17,T9 西瓜 進口 ,626.7
111/07/17,W9 洋香瓜 進口 ,291.6
111/07/17,X69 蘋果 富士進口 ,52.8
111/07/17,Y19 桃子 水蜜桃進口 ,194.1
111/07/17,Y9 桃子 進口 ,255.8
111/07/19,459 草莓 進口 ,222.2
111/07/19,469 藍莓 進口 ,300.0
111/07/19,839 櫻桃 進口 ,310.9
111/07/19,859 榴槤 進口 ,108.3
111/07/19,C9 柑橘 進口 ,98.8
111/07/19,E9 甜橙 進口 ,42.0
111/07/19,G49 奇異果 進口 ,99.0
111/07/19,H49 葡萄柚 紅肉進口 ,20.0
111/07/19,N9 李 進口 ,177.8
111/07/19,O99 梨 西洋梨進口 ,50.0
111/07/19,S49 葡萄 無子進口 ,200.8
111/07/19,S9 葡萄 進口 ,453.8
111/07/19,X69 蘋果 富士進口 ,47.7
111/07/19,Y19 桃子 水蜜桃進口 ,201.6
111/07/19,Y39 桃子 甜桃進口 ,85.3
111/07/19,Y9 桃子 進口 ,222.2
111/07/20,469 藍莓 進口 ,298.6
111/07/20,839 櫻桃 進口 ,314.1
111/07/20,859 榴槤 進口 ,114.0
111/07/20,919 其他 進口 ,246.6
111/07/20,C9 柑橘 進口 ,98.5
111/07/20,E9 甜橙 進口 ,57.8
111/07/20,G49 奇異果 進口 ,71.6
111/07/20,H49 葡萄柚 紅肉進口 ,20.0
111/07/20,O9 梨 其他進口 ,100.0
111/07/20,S49 葡萄 無子進口 ,203.7
111/07/20,S9 葡萄 進口 ,634.1
111/07/20,W9 洋香瓜 進口 ,83.3
111/07/20,X69 蘋果 富士進口 ,60.1
111/07/20,Y19 桃子 水蜜桃進口 ,223.3
111/07/20,Y39 桃子 甜桃進口 ,71.2
111/07/20,Y9 桃子 進口 ,253.5
111/07/22,459 草莓 進口 ,222.2
111/07/22,469 藍莓 進口 ,379.4
111/07/22,839 櫻桃 進口 ,284.8
111/07/22,859 榴槤 進口 ,100.5
111/07/22,919 其他 進口 ,366.7
111/07/22,C9 柑橘 進口 ,115.2
111/07/22,E9 甜橙 進口 ,37.6
111/07/22,F9 雜柑 進口 ,74.1
111/07/22,G39 酪梨 進口 ,213.3
111/07/22,G49 奇異果 進口 ,66.1
111/07/22,S49 葡萄 無子進口 ,194.8
111/07/22,S9 葡萄 進口 ,673.7
111/07/22,W9 洋香瓜 進口 ,81.0
111/07/22,X69 蘋果 富士進口 ,50.9
111/07/22,Y19 桃子 水蜜桃進口 ,199.4
111/07/22,Y39 桃子 甜桃進口 ,94.6
111/07/22,Y9 桃子 進口 ,284.2
111/07/23,459 草莓 進口 ,222.2
111/07/23,469 藍莓 進口 ,266.7
111/07/23,839 櫻桃 進口 ,240.8
111/07/23,859 榴槤 進口 ,106.7
111/07/23,919 其他 進口 ,253.4
111/07/23,C9 柑橘 進口 ,126.9
111/07/23,E9 甜橙 進口 ,53.1
111/07/23,G49 奇異果 進口 ,92.2
111/07/23,N9 李 進口 ,160.0
111/07/23,S49 葡萄 無子進口 ,169.8
111/07/23,S9 葡萄 進口 ,547.1
111/07/23,X69 蘋果 富士進口 ,52.6
111/07/23,Y39 桃子 甜桃進口 ,241.7
111/07/23,Y9 桃子 進口 ,287.3
111/07/24,459 草莓 進口 ,222.2
111/07/24,469 藍莓 進口 ,533.3
111/07/24,839 櫻桃 進口 ,236.9
111/07/24,859 榴槤 進口 ,108.4
111/07/24,919 其他 進口 ,59.2
111/07/24,C9 柑橘 進口 ,79.0
111/07/24,E9 甜橙 進口 ,62.9
111/07/24,G49 奇異果 進口 ,97.9
111/07/24,N9 李 進口 ,193.5
111/07/24,S49 葡萄 無子進口 ,174.2
111/07/24,S9 葡萄 進口 ,909.9
111/07/24,W9 洋香瓜 進口 ,80.4
111/07/24,X69 蘋果 富士進口 ,46.9
111/07/24,Y9 桃子 進口 ,284.5
111/07/26,459 草莓 進口 ,222.2
111/07/26,469 藍莓 進口 ,300.0
111/07/26,839 櫻桃 進口 ,240.5
111/07/26,859 榴槤 進口 ,162.7
111/07/26,C9 柑橘 進口 ,68.0
111/07/26,E9 甜橙 進口 ,45.9
111/07/26,F9 雜柑 進口 ,66.7
111/07/26,G49 奇異果 進口 ,106.5
111/07/26,H49 葡萄柚 紅肉進口 ,20.0
111/07/26,N9 李 進口 ,196.0
111/07/26,S49 葡萄 無子進口 ,163.4
111/07/26,S9 葡萄 進口 ,1087.8
111/07/26,W9 洋香瓜 進口 ,75.0
111/07/26,X69 蘋果 富士進口 ,45.0
111/07/26,Y19 桃子 水蜜桃進口 ,217.0
111/07/26,Y39 桃子 甜桃進口 ,91.1
111/07/26,Y9 桃子 進口 ,265.0
111/07/27,459 草莓 進口 ,222.2
111/07/27,469 藍莓 進口 ,200.0
111/07/27,839 櫻桃 進口 ,218.4
111/07/27,859 榴槤 進口 ,98.7
111/07/27,C9 柑橘 進口 ,60.5
111/07/27,E9 甜橙 進口 ,33.7
111/07/27,F9 雜柑 進口 ,66.7
111/07/27,G49 奇異果 進口 ,72.3
111/07/27,S49 葡萄 無子進口 ,133.3
111/07/27,S9 葡萄 進口 ,828.6
111/07/27,W9 洋香瓜 進口 ,300.0
111/07/27,X69 蘋果 富士進口 ,45.2
111/07/27,Y19 桃子 水蜜桃進口 ,172.0
111/07/27,Y39 桃子 甜桃進口 ,73.3
111/07/27,Y9 桃子 進口 ,256.7
111/07/28,469 藍莓 進口 ,266.7
111/07/28,839 櫻桃 進口 ,207.6
111/07/28,859 榴槤 進口 ,147.4
111/07/28,C9 柑橘 進口 ,103.1
111/07/28,E9 甜橙 進口 ,38.0
111/07/28,G49 奇異果 進口 ,67.2
111/07/28,S49 葡萄 無子進口 ,183.3
111/07/28,S9 葡萄 進口 ,674.6
111/07/28,X69 蘋果 富士進口 ,53.9
111/07/28,Y19 桃子 水蜜桃進口 ,172.7
111/07/28,Y39 桃子 甜桃進口 ,99.1
111/07/28,Y9 桃子 進口 ,228.0
111/07/29,459 草莓 進口 ,222.2
111/07/29,469 藍莓 進口 ,100.0
111/07/29,839 櫻桃 進口 ,201.3
111/07/29,859 榴槤 進口 ,95.9
111/07/29,C9 柑橘 進口 ,81.6
111/07/29,E9 甜橙 進口 ,31.5
111/07/29,G39 酪梨 進口 ,93.3
111/07/29,G49 奇異果 進口 ,94.9
111/07/29,H49 葡萄柚 紅肉進口 ,26.7
111/07/29,N9 李 進口 ,194.2
111/07/29,S49 葡萄 無子進口 ,170.5
111/07/29,S9 葡萄 進口 ,687.9
111/07/29,W9 洋香瓜 進口 ,240.0
111/07/29,X69 蘋果 富士進口 ,55.2
111/07/29,Y19 桃子 水蜜桃進口 ,170.0
111/07/29,Y39 桃子 甜桃進口 ,100.0
111/07/29,Y9 桃子 進口 ,245.0
111/07/30,459 草莓 進口 ,222.2
111/07/30,469 藍莓 進口 ,266.7
111/07/30,839 櫻桃 進口 ,215.8
111/07/30,859 榴槤 進口 ,99.6
111/07/30,919 其他 進口 ,63.4
111/07/30,C9 柑橘 進口 ,40.3
111/07/30,E9 甜橙 進口 ,36.7
111/07/30,G49 奇異果 進口 ,97.7
111/07/30,S49 葡萄 無子進口 ,166.7
111/07/30,S9 葡萄 進口 ,869.6
111/07/30,W9 洋香瓜 進口 ,333.4
111/07/30,X69 蘋果 富士進口 ,52.4
111/07/30,Y19 桃子 水蜜桃進口 ,186.5
111/07/30,Y9 桃子 進口 ,242.0
111/07/31,459 草莓 進口 ,222.2
111/07/31,839 櫻桃 進口 ,204.9
111/07/31,859 榴槤 進口 ,147.4
111/07/31,C9 柑橘 進口 ,51.9
111/07/31,E9 甜橙 進口 ,44.1
111/07/31,F9 雜柑 進口 ,66.7
111/07/31,G49 奇異果 進口 ,75.5
111/07/31,N9 李 進口 ,191.9
111/07/31,S9 葡萄 進口 ,889.1
111/07/31,W9 洋香瓜 進口 ,387.3
111/07/31,X69 蘋果 富士進口 ,60.4
111/07/31,Y19 桃子 水蜜桃進口 ,178.8
111/07/31,Y39 桃子 甜桃進口 ,86.7
111/07/31,Y9 桃子 進口 ,279.3
111/08/02,459 草莓 進口 ,222.2
111/08/02,839 櫻桃 進口 ,213.9
111/08/02,859 榴槤 進口 ,106.1
111/08/02,C9 柑橘 進口 ,64.0
111/08/02,E9 甜橙 進口 ,37.2
111/08/02,G49 奇異果 進口 ,92.8
111/08/02,H49 葡萄柚 紅肉進口 ,23.3
111/08/02,N9 李 進口 ,183.2
111/08/02,O9 梨 其他進口 ,73.3
111/08/02,S49 葡萄 無子進口 ,175.3
111/08/02,S9 葡萄 進口 ,523.0
111/08/02,W9 洋香瓜 進口 ,64.6
111/08/02,X69 蘋果 富士進口 ,53.0
111/08/02,Y19 桃子 水蜜桃進口 ,186.2
111/08/02,Y9 桃子 進口 ,281.6
111/08/03,129 椰子 剝殼進口 ,131.5
111/08/03,459 草莓 進口 ,222.2
111/08/03,469 藍莓 進口 ,244.1
111/08/03,839 櫻桃 進口 ,221.7
111/08/03,859 榴槤 進口 ,93.0
111/08/03,919 其他 進口 ,120.0
111/08/03,C9 柑橘 進口 ,514.6
111/08/03,E9 甜橙 進口 ,23.3
111/08/03,G49 奇異果 進口 ,75.5
111/08/03,N9 李 進口 ,181.3
111/08/03,O9 梨 其他進口 ,71.1
111/08/03,S9 葡萄 進口 ,549.6
111/08/03,X69 蘋果 富士進口 ,46.4
111/08/03,Y19 桃子 水蜜桃進口 ,170.0
111/08/03,Y39 桃子 甜桃進口 ,81.7
111/08/03,Y9 桃子 進口 ,283.6
111/08/03,Z9 柿子 進口 ,973.4
111/08/04,129 椰子 剝殼進口 ,135.9
111/08/04,459 草莓 進口 ,225.6
111/08/04,469 藍莓 進口 ,266.7
111/08/04,839 櫻桃 進口 ,241.8
111/08/04,859 榴槤 進口 ,102.1
111/08/04,919 其他 進口 ,133.3
111/08/04,C9 柑橘 進口 ,65.7
111/08/04,E9 甜橙 進口 ,32.8
111/08/04,G49 奇異果 進口 ,73.6
111/08/04,H49 葡萄柚 紅肉進口 ,20.0
111/08/04,S49 葡萄 無子進口 ,183.3
111/08/04,S9 葡萄 進口 ,938.5
111/08/04,W9 洋香瓜 進口 ,86.9
111/08/04,X69 蘋果 富士進口 ,45.0
111/08/04,Y19 桃子 水蜜桃進口 ,160.0
111/08/04,Y9 桃子 進口 ,485.2
111/08/05,459 草莓 進口 ,222.2
111/08/05,469 藍莓 進口 ,248.0
111/08/05,839 櫻桃 進口 ,264.9
111/08/05,859 榴槤 進口 ,150.2
111/08/05,919 其他 進口 ,22.8
111/08/05,C9 柑橘 進口 ,150.8
111/08/05,E9 甜橙 進口 ,46.4
111/08/05,G49 奇異果 進口 ,91.8
111/08/05,H49 葡萄柚 紅肉進口 ,20.3
111/08/05,N9 李 進口 ,200.0
111/08/05,O9 梨 其他進口 ,71.8
111/08/05,S49 葡萄 無子進口 ,158.2
111/08/05,S9 葡萄 進口 ,805.5
111/08/05,W9 洋香瓜 進口 ,70.6
111/08/05,X69 蘋果 富士進口 ,47.1
111/08/05,Y19 桃子 水蜜桃進口 ,160.0
111/08/05,Y39 桃子 甜桃進口 ,87.2
111/08/05,Y9 桃子 進口 ,252.9
111/08/06,459 草莓 進口 ,222.2
111/08/06,469 藍莓 進口 ,266.7
111/08/06,839 櫻桃 進口 ,189.8
111/08/06,859 榴槤 進口 ,92.9
111/08/06,919 其他 進口 ,60.0
111/08/06,C9 柑橘 進口 ,68.1
111/08/06,E9 甜橙 進口 ,35.1
111/08/06,G49 奇異果 進口 ,95.2
111/08/06,H49 葡萄柚 紅肉進口 ,55.0
111/08/06,N9 李 進口 ,133.3
111/08/06,S49 葡萄 無子進口 ,191.7
111/08/06,S9 葡萄 進口 ,707.5
111/08/06,W9 洋香瓜 進口 ,560.0
111/08/06,X69 蘋果 富士進口 ,49.2
111/08/06,Y19 桃子 水蜜桃進口 ,181.0
111/08/06,Y39 桃子 甜桃進口 ,93.3
111/08/06,Y9 桃子 進口 ,296.8
111/08/07,129 椰子 剝殼進口 ,131.2
111/08/07,459 草莓 進口 ,222.2
111/08/07,469 藍莓 進口 ,233.3
111/08/07,839 櫻桃 進口 ,235.5
111/08/07,859 榴槤 進口 ,131.1
111/08/07,C9 柑橘 進口 ,85.6
111/08/07,E9 甜橙 進口 ,37.0
111/08/07,G49 奇異果 進口 ,38.3
111/08/07,H49 葡萄柚 紅肉進口 ,40.0
111/08/07,N9 李 進口 ,161.7
111/08/07,S49 葡萄 無子進口 ,211.1
111/08/07,S9 葡萄 進口 ,575.9
111/08/07,W9 洋香瓜 進口 ,237.0
111/08/07,X69 蘋果 富士進口 ,49.3
111/08/07,Y19 桃子 水蜜桃進口 ,203.6
111/08/07,Y39 桃子 甜桃進口 ,116.9
111/08/07,Y9 桃子 進口 ,264.1
111/08/09,129 椰子 剝殼進口 ,122.5
111/08/09,469 藍莓 進口 ,216.7
111/08/09,839 櫻桃 進口 ,267.1
111/08/09,859 榴槤 進口 ,93.8
111/08/09,C9 柑橘 進口 ,81.4
111/08/09,E9 甜橙 進口 ,30.1
111/08/09,G39 酪梨 進口 ,103.3
111/08/09,G49 奇異果 進口 ,87.1
111/08/09,H49 葡萄柚 紅肉進口 ,20.0
111/08/09,N9 李 進口 ,166.7
111/08/09,O99 梨 西洋梨進口 ,53.3
111/08/09,S49 葡萄 無子進口 ,173.8
111/08/09,S9 葡萄 進口 ,403.0
111/08/09,W9 洋香瓜 進口 ,69.6
111/08/09,X69 蘋果 富士進口 ,52.3
111/08/09,Y19 桃子 水蜜桃進口 ,175.6
111/08/09,Y39 桃子 甜桃進口 ,125.3
111/08/09,Y9 桃子 進口 ,319.9
111/08/10,129 椰子 剝殼進口 ,140.2
111/08/10,459 草莓 進口 ,222.2
111/08/10,469 藍莓 進口 ,207.4
111/08/10,839 櫻桃 進口 ,259.0
111/08/10,859 榴槤 進口 ,105.1
111/08/10,C9 柑橘 進口 ,63.6
111/08/10,E9 甜橙 進口 ,42.8
111/08/10,F9 雜柑 進口 ,66.7
111/08/10,G49 奇異果 進口 ,101.4
111/08/10,H49 葡萄柚 紅肉進口 ,20.0
111/08/10,N9 李 進口 ,168.3
111/08/10,S49 葡萄 無子進口 ,183.6
111/08/10,S9 葡萄 進口 ,630.2
111/08/10,W9 洋香瓜 進口 ,72.2
111/08/10,X69 蘋果 富士進口 ,54.4
111/08/10,Y19 桃子 水蜜桃進口 ,172.5
111/08/10,Y9 桃子 進口 ,262.1
111/08/11,129 椰子 剝殼進口 ,126.7
111/08/11,459 草莓 進口 ,222.2
111/08/11,469 藍莓 進口 ,201.7
111/08/11,839 櫻桃 進口 ,257.7
111/08/11,859 榴槤 進口 ,97.9
111/08/11,919 其他 進口 ,253.4
111/08/11,B9 鳳梨 進口 ,40.0
111/08/11,C9 柑橘 進口 ,67.3
111/08/11,E9 甜橙 進口 ,36.0
111/08/11,G49 奇異果 進口 ,77.0
111/08/11,S49 葡萄 無子進口 ,184.2
111/08/11,S9 葡萄 進口 ,630.6
111/08/11,W9 洋香瓜 進口 ,65.0
111/08/11,X69 蘋果 富士進口 ,53.4
111/08/11,Y19 桃子 水蜜桃進口 ,164.2
111/08/11,Y39 桃子 甜桃進口 ,48.0
111/08/11,Y9 桃子 進口 ,305.0
111/08/12,129 椰子 剝殼進口 ,130.8
111/08/12,459 草莓 進口 ,222.2
111/08/12,469 藍莓 進口 ,70.0
111/08/12,839 櫻桃 進口 ,277.7
111/08/12,859 榴槤 進口 ,97.2
111/08/12,919 其他 進口 ,66.7
111/08/12,C9 柑橘 進口 ,62.7
111/08/12,E9 甜橙 進口 ,33.8
111/08/12,F9 雜柑 進口 ,66.7
111/08/12,G49 奇異果 進口 ,103.3
111/08/12,O9 梨 其他進口 ,71.1
111/08/12,S49 葡萄 無子進口 ,195.0
111/08/12,S9 葡萄 進口 ,673.0
111/08/12,W9 洋香瓜 進口 ,65.5
111/08/12,X69 蘋果 富士進口 ,46.7
111/08/12,Y19 桃子 水蜜桃進口 ,203.8
111/08/12,Y39 桃子 甜桃進口 ,183.3
111/08/12,Y9 桃子 進口 ,246.6
111/08/13,129 椰子 剝殼進口 ,39.1
111/08/13,459 草莓 進口 ,222.2
111/08/13,469 藍莓 進口 ,172.0
111/08/13,839 櫻桃 進口 ,264.1
111/08/13,859 榴槤 進口 ,92.0
111/08/13,C9 柑橘 進口 ,62.1
111/08/13,E9 甜橙 進口 ,28.6
111/08/13,G49 奇異果 進口 ,100.2
111/08/13,H49 葡萄柚 紅肉進口 ,20.0
111/08/13,N9 李 進口 ,188.0
111/08/13,S49 葡萄 無子進口 ,184.3
111/08/13,S9 葡萄 進口 ,639.9
111/08/13,W9 洋香瓜 進口 ,296.1
111/08/13,X69 蘋果 富士進口 ,46.9
111/08/13,Y19 桃子 水蜜桃進口 ,200.0
111/08/13,Y39 桃子 甜桃進口 ,183.3
111/08/13,Y9 桃子 進口 ,231.4
111/08/14,469 藍莓 進口 ,133.3
111/08/14,839 櫻桃 進口 ,330.0
111/08/14,C9 柑橘 進口 ,256.7
111/08/14,E9 甜橙 進口 ,36.1
111/08/14,G49 奇異果 進口 ,87.0
111/08/14,H49 葡萄柚 紅肉進口 ,20.0
111/08/14,N9 李 進口 ,175.5
111/08/14,S49 葡萄 無子進口 ,153.3
111/08/14,S9 葡萄 進口 ,650.4
111/08/14,W9 洋香瓜 進口 ,136.0
111/08/14,X69 蘋果 富士進口 ,49.7
111/08/14,Y19 桃子 水蜜桃進口 ,190.0
111/08/14,Y9 桃子 進口 ,239.5
111/08/17,129 椰子 剝殼進口 ,120.2
111/08/17,459 草莓 進口 ,222.2
111/08/17,469 藍莓 進口 ,166.7
111/08/17,839 櫻桃 進口 ,235.7
111/08/17,859 榴槤 進口 ,90.1
111/08/17,C9 柑橘 進口 ,68.2
111/08/17,E9 甜橙 進口 ,31.9
111/08/17,G39 酪梨 進口 ,10.0
111/08/17,G49 奇異果 進口 ,97.6
111/08/17,H49 葡萄柚 紅肉進口 ,26.7
111/08/17,N9 李 進口 ,145.2
111/08/17,S49 葡萄 無子進口 ,129.8
111/08/17,S9 葡萄 進口 ,530.1
111/08/17,W9 洋香瓜 進口 ,66.9
111/08/17,X09 蘋果 其他進口 ,26.7
111/08/17,X69 蘋果 富士進口 ,36.9
111/08/17,Y19 桃子 水蜜桃進口 ,200.0
111/08/17,Y39 桃子 甜桃進口 ,83.9
111/08/17,Y9 桃子 進口 ,237.6
111/08/18,129 椰子 剝殼進口 ,129.4
111/08/18,459 草莓 進口 ,222.2
111/08/18,469 藍莓 進口 ,166.7
111/08/18,839 櫻桃 進口 ,214.6
111/08/18,859 榴槤 進口 ,93.0
111/08/18,919 其他 進口 ,53.3
111/08/18,C9 柑橘 進口 ,75.1
111/08/18,E9 甜橙 進口 ,27.2
111/08/18,G49 奇異果 進口 ,86.8
111/08/18,N9 李 進口 ,157.5
111/08/18,O9 梨 其他進口 ,77.2
111/08/18,S49 葡萄 無子進口 ,120.6
111/08/18,S9 葡萄 進口 ,756.9
111/08/18,W9 洋香瓜 進口 ,69.2
111/08/18,X69 蘋果 富士進口 ,41.5
111/08/18,Y19 桃子 水蜜桃進口 ,170.3
111/08/18,Y39 桃子 甜桃進口 ,136.9
111/08/18,Y9 桃子 進口 ,299.7
111/08/19,129 椰子 剝殼進口 ,122.2
111/08/19,459 草莓 進口 ,222.2
111/08/19,469 藍莓 進口 ,166.7
111/08/19,839 櫻桃 進口 ,231.0
111/08/19,859 榴槤 進口 ,95.5
111/08/19,C9 柑橘 進口 ,63.6
111/08/19,E9 甜橙 進口 ,33.6
111/08/19,F9 雜柑 進口 ,66.7
111/08/19,G49 奇異果 進口 ,70.9
111/08/19,H49 葡萄柚 紅肉進口 ,20.0
111/08/19,N9 李 進口 ,194.4
111/08/19,O9 梨 其他進口 ,97.8
111/08/19,S49 葡萄 無子進口 ,135.3
111/08/19,S9 葡萄 進口 ,648.8
111/08/19,W9 洋香瓜 進口 ,88.6
111/08/19,X69 蘋果 富士進口 ,70.6
111/08/19,Y19 桃子 水蜜桃進口 ,167.0
111/08/19,Y9 桃子 進口 ,301.6
111/08/20,129 椰子 剝殼進口 ,129.6
111/08/20,469 藍莓 進口 ,133.3
111/08/20,839 櫻桃 進口 ,222.8
111/08/20,859 榴槤 進口 ,94.0
111/08/20,919 其他 進口 ,53.3
111/08/20,C9 柑橘 進口 ,52.2
111/08/20,E9 甜橙 進口 ,28.0
111/08/20,F9 雜柑 進口 ,66.6
111/08/20,G49 奇異果 進口 ,106.8
111/08/20,N9 李 進口 ,132.0
111/08/20,O9 梨 其他進口 ,85.9
111/08/20,S49 葡萄 無子進口 ,135.7
111/08/20,S9 葡萄 進口 ,601.2
111/08/20,W9 洋香瓜 進口 ,66.7
111/08/20,X69 蘋果 富士進口 ,48.9
111/08/20,Y19 桃子 水蜜桃進口 ,161.8
111/08/20,Y39 桃子 甜桃進口 ,40.0
111/08/20,Y9 桃子 進口 ,231.5
111/08/21,129 椰子 剝殼進口 ,105.2
111/08/21,459 草莓 進口 ,222.2
111/08/21,469 藍莓 進口 ,137.0
111/08/21,839 櫻桃 進口 ,219.0
111/08/21,859 榴槤 進口 ,150.0
111/08/21,919 其他 進口 ,53.3
111/08/21,C9 柑橘 進口 ,366.2
111/08/21,E9 甜橙 進口 ,35.3
111/08/21,G49 奇異果 進口 ,105.6
111/08/21,N9 李 進口 ,200.0
111/08/21,S49 葡萄 無子進口 ,143.2
111/08/21,S9 葡萄 進口 ,641.7
111/08/21,W9 洋香瓜 進口 ,338.1
111/08/21,X69 蘋果 富士進口 ,54.8
111/08/21,Y19 桃子 水蜜桃進口 ,166.0
111/08/21,Y39 桃子 甜桃進口 ,91.7
111/08/21,Y9 桃子 進口 ,224.6
111/08/21,Z9 柿子 進口 ,1022.2
111/08/23,129 椰子 剝殼進口 ,41.2
111/08/23,459 草莓 進口 ,222.2
111/08/23,469 藍莓 進口 ,141.4
111/08/23,839 櫻桃 進口 ,228.0
111/08/23,859 榴槤 進口 ,88.6
111/08/23,C9 柑橘 進口 ,57.2
111/08/23,E9 甜橙 進口 ,28.8
111/08/23,G49 奇異果 進口 ,105.4
111/08/23,N9 李 進口 ,158.8
111/08/23,O9 梨 其他進口 ,187.9
111/08/23,S49 葡萄 無子進口 ,121.6
111/08/23,S9 葡萄 進口 ,774.1
111/08/23,W9 洋香瓜 進口 ,202.4
111/08/23,X69 蘋果 富士進口 ,56.2
111/08/23,Y19 桃子 水蜜桃進口 ,168.8
111/08/23,Y39 桃子 甜桃進口 ,47.6
111/08/23,Y9 桃子 進口 ,228.4
111/08/24,129 椰子 剝殼進口 ,97.4
111/08/24,459 草莓 進口 ,222.2
111/08/24,469 藍莓 進口 ,133.3
111/08/24,839 櫻桃 進口 ,173.0
111/08/24,859 榴槤 進口 ,134.6
111/08/24,C9 柑橘 進口 ,61.2
111/08/24,E9 甜橙 進口 ,26.7
111/08/24,F9 雜柑 進口 ,66.7
111/08/24,G49 奇異果 進口 ,95.5
111/08/24,H49 葡萄柚 紅肉進口 ,22.2
111/08/24,N9 李 進口 ,195.6
111/08/24,O9 梨 其他進口 ,100.4
111/08/24,S49 葡萄 無子進口 ,130.6
111/08/24,S9 葡萄 進口 ,594.6
111/08/24,W9 洋香瓜 進口 ,117.6
111/08/24,X69 蘋果 富士進口 ,58.5
111/08/24,Y19 桃子 水蜜桃進口 ,162.0
111/08/24,Y9 桃子 進口 ,251.8
111/08/26,129 椰子 剝殼進口 ,61.6
111/08/26,459 草莓 進口 ,222.2
111/08/26,469 藍莓 進口 ,158.5
111/08/26,839 櫻桃 進口 ,190.3
111/08/26,859 榴槤 進口 ,86.7
111/08/26,919 其他 進口 ,47.5
111/08/26,C9 柑橘 進口 ,73.4
111/08/26,E9 甜橙 進口 ,31.9
111/08/26,G49 奇異果 進口 ,72.0
111/08/26,N9 李 進口 ,169.0
111/08/26,O9 梨 其他進口 ,177.9
111/08/26,S49 葡萄 無子進口 ,111.6
111/08/26,S9 葡萄 進口 ,572.6
111/08/26,W9 洋香瓜 進口 ,163.0
111/08/26,X39 蘋果 惠進口 ,25.9
111/08/26,X69 蘋果 富士進口 ,54.7
111/08/26,X79 蘋果 陸奧進口 ,160.0
111/08/26,Y19 桃子 水蜜桃進口 ,155.8
111/08/26,Y39 桃子 甜桃進口 ,70.9
111/08/26,Y9 桃子 進口 ,225.2
111/08/26,Z9 柿子 進口 ,483.2
111/08/27,129 椰子 剝殼進口 ,80.4
111/08/27,839 櫻桃 進口 ,233.6
111/08/27,859 榴槤 進口 ,86.9
111/08/27,919 其他 進口 ,40.0
111/08/27,B9 鳳梨 進口 ,33.3
111/08/27,C9 柑橘 進口 ,77.1
111/08/27,E9 甜橙 進口 ,31.5
111/08/27,G49 奇異果 進口 ,85.0
111/08/27,N9 李 進口 ,192.3
111/08/27,O9 梨 其他進口 ,135.4
111/08/27,O99 梨 西洋梨進口 ,46.7
111/08/27,S49 葡萄 無子進口 ,113.9
111/08/27,S9 葡萄 進口 ,713.5
111/08/27,W9 洋香瓜 進口 ,377.8
111/08/27,X69 蘋果 富士進口 ,60.7
111/08/27,Y19 桃子 水蜜桃進口 ,157.1
111/08/27,Y39 桃子 甜桃進口 ,66.7
111/08/27,Y9 桃子 進口 ,245.8
111/08/28,129 椰子 剝殼進口 ,36.0
111/08/28,459 草莓 進口 ,222.2
111/08/28,839 櫻桃 進口 ,181.5
111/08/28,859 榴槤 進口 ,142.0
111/08/28,919 其他 進口 ,40.0
111/08/28,C9 柑橘 進口 ,220.5
111/08/28,E9 甜橙 進口 ,26.8
111/08/28,G39 酪梨 進口 ,140.0
111/08/28,G49 奇異果 進口 ,95.7
111/08/28,N9 李 進口 ,179.3
111/08/28,O9 梨 其他進口 ,174.3
111/08/28,S49 葡萄 無子進口 ,86.4
111/08/28,S9 葡萄 進口 ,527.9
111/08/28,W9 洋香瓜 進口 ,89.5
111/08/28,X69 蘋果 富士進口 ,50.8
111/08/28,Y19 桃子 水蜜桃進口 ,168.6
111/08/28,Y9 桃子 進口 ,232.8
111/08/28,Z9 柿子 進口 ,200.0
111/08/30,129 椰子 剝殼進口 ,40.0
111/08/30,459 草莓 進口 ,222.2
111/08/30,839 櫻桃 進口 ,228.1
111/08/30,859 榴槤 進口 ,93.8
111/08/30,C9 柑橘 進口 ,41.2
111/08/30,E9 甜橙 進口 ,25.0
111/08/30,G49 奇異果 進口 ,103.1
111/08/30,N9 李 進口 ,127.3
111/08/30,O9 梨 其他進口 ,109.1
111/08/30,S49 葡萄 無子進口 ,90.6
111/08/30,S9 葡萄 進口 ,599.7
111/08/30,W9 洋香瓜 進口 ,167.3
111/08/30,X69 蘋果 富士進口 ,59.8
111/08/30,Y19 桃子 水蜜桃進口 ,130.0
111/08/30,Y39 桃子 甜桃進口 ,166.7
111/08/30,Y9 桃子 進口 ,292.0
111/08/31,459 草莓 進口 ,222.2
111/08/31,839 櫻桃 進口 ,222.6
111/08/31,859 榴槤 進口 ,90.2
111/08/31,C9 柑橘 進口 ,52.3
111/08/31,E9 甜橙 進口 ,44.0
111/08/31,G49 奇異果 進口 ,110.9
111/08/31,N9 李 進口 ,136.4
111/08/31,O9 梨 其他進口 ,98.4
111/08/31,O99 梨 西洋梨進口 ,48.3
111/08/31,S49 葡萄 無子進口 ,105.3
111/08/31,S9 葡萄 進口 ,505.2
111/08/31,W9 洋香瓜 進口 ,78.4
111/08/31,X69 蘋果 富士進口 ,52.1
111/08/31,Y19 桃子 水蜜桃進口 ,147.7
111/08/31,Y9 桃子 進口 ,331.9
111/09/01,129 椰子 剝殼進口 ,57.3
111/09/01,469 藍莓 進口 ,258.1
111/09/01,839 櫻桃 進口 ,247.1
111/09/01,859 榴槤 進口 ,118.9
111/09/01,C9 柑橘 進口 ,48.4
111/09/01,E9 甜橙 進口 ,23.4
111/09/01,F9 雜柑 進口 ,66.7
111/09/01,G49 奇異果 進口 ,67.3
111/09/01,N9 李 進口 ,130.9
111/09/01,O9 梨 其他進口 ,105.0
111/09/01,S49 葡萄 無子進口 ,109.0
111/09/01,S9 葡萄 進口 ,569.5
111/09/01,W9 洋香瓜 進口 ,605.1
111/09/01,X69 蘋果 富士進口 ,63.6
111/09/01,Y19 桃子 水蜜桃進口 ,175.9
111/09/01,Y39 桃子 甜桃進口 ,190.5
111/09/01,Y9 桃子 進口 ,261.8
111/09/02,129 椰子 剝殼進口 ,79.7
111/09/02,459 草莓 進口 ,222.2
111/09/02,469 藍莓 進口 ,277.8
111/09/02,839 櫻桃 進口 ,233.2
111/09/02,859 榴槤 進口 ,92.0
111/09/02,B9 鳳梨 進口 ,33.3
111/09/02,C9 柑橘 進口 ,46.3
111/09/02,E9 甜橙 進口 ,26.6
111/09/02,G49 奇異果 進口 ,84.4
111/09/02,N9 李 進口 ,132.9
111/09/02,O9 梨 其他進口 ,140.6
111/09/02,S49 葡萄 無子進口 ,121.2
111/09/02,S9 葡萄 進口 ,622.8
111/09/02,W9 洋香瓜 進口 ,225.4
111/09/02,X69 蘋果 富士進口 ,57.8
111/09/02,Y19 桃子 水蜜桃進口 ,165.8
111/09/02,Y39 桃子 甜桃進口 ,133.3
111/09/02,Y9 桃子 進口 ,119.2
111/09/03,129 椰子 剝殼進口 ,37.4
111/09/03,459 草莓 進口 ,43.3
111/09/03,469 藍莓 進口 ,100.0
111/09/03,839 櫻桃 進口 ,177.8
111/09/03,859 榴槤 進口 ,101.3
111/09/03,C9 柑橘 進口 ,238.9
111/09/03,E9 甜橙 進口 ,36.4
111/09/03,G39 酪梨 進口 ,133.3
111/09/03,G49 奇異果 進口 ,93.6
111/09/03,N9 李 進口 ,171.8
111/09/03,O9 梨 其他進口 ,98.5
111/09/03,O99 梨 西洋梨進口 ,44.4
111/09/03,S49 葡萄 無子進口 ,95.2
111/09/03,S9 葡萄 進口 ,620.8
111/09/03,W9 洋香瓜 進口 ,101.8
111/09/03,X69 蘋果 富士進口 ,64.9
111/09/03,Y19 桃子 水蜜桃進口 ,141.1
111/09/03,Y9 桃子 進口 ,315.4
111/09/03,Z9 柿子 進口 ,800.0
111/09/04,129 椰子 剝殼進口 ,40.0
111/09/04,459 草莓 進口 ,34.7
111/09/04,469 藍莓 進口 ,266.7
111/09/04,839 櫻桃 進口 ,163.0
111/09/04,859 榴槤 進口 ,140.0
111/09/04,C9 柑橘 進口 ,189.0
111/09/04,E9 甜橙 進口 ,56.3
111/09/04,G49 奇異果 進口 ,78.2
111/09/04,N9 李 進口 ,124.9
111/09/04,O9 梨 其他進口 ,75.3
111/09/04,S49 葡萄 無子進口 ,183.3
111/09/04,S9 葡萄 進口 ,596.9
111/09/04,W9 洋香瓜 進口 ,94.1
111/09/04,X69 蘋果 富士進口 ,60.2
111/09/04,Y19 桃子 水蜜桃進口 ,192.0
111/09/04,Y9 桃子 進口 ,239.2
111/09/06,129 椰子 剝殼進口 ,51.4
111/09/06,459 草莓 進口 ,222.2
111/09/06,469 藍莓 進口 ,250.0
111/09/06,839 櫻桃 進口 ,187.3
111/09/06,859 榴槤 進口 ,87.9
111/09/06,C9 柑橘 進口 ,66.9
111/09/06,E9 甜橙 進口 ,39.4
111/09/06,G49 奇異果 進口 ,92.2
111/09/06,N9 李 進口 ,111.5
111/09/06,O9 梨 其他進口 ,106.1
111/09/06,O99 梨 西洋梨進口 ,33.2
111/09/06,S49 葡萄 無子進口 ,94.8
111/09/06,S9 葡萄 進口 ,636.5
111/09/06,W9 洋香瓜 進口 ,201.5
111/09/06,X69 蘋果 富士進口 ,62.9
111/09/06,Y19 桃子 水蜜桃進口 ,240.0
111/09/06,Y9 桃子 進口 ,207.8
111/09/06,Z9 柿子 進口 ,1400.0
111/09/07,129 椰子 剝殼進口 ,63.5
111/09/07,469 藍莓 進口 ,206.4
111/09/07,839 櫻桃 進口 ,144.7
111/09/07,859 榴槤 進口 ,155.0
111/09/07,C9 柑橘 進口 ,162.1
111/09/07,E9 甜橙 進口 ,41.0
111/09/07,G49 奇異果 進口 ,92.7
111/09/07,N9 李 進口 ,130.3
111/09/07,O9 梨 其他進口 ,166.8
111/09/07,O99 梨 西洋梨進口 ,40.7
111/09/07,S49 葡萄 無子進口 ,97.8
111/09/07,S9 葡萄 進口 ,440.4
111/09/07,W9 洋香瓜 進口 ,282.3
111/09/07,X69 蘋果 富士進口 ,58.8
111/09/07,Y19 桃子 水蜜桃進口 ,119.7
111/09/07,Y9 桃子 進口 ,155.3
111/09/07,Z9 柿子 進口 ,800.0
111/09/08,129 椰子 剝殼進口 ,95.0
111/09/08,469 藍莓 進口 ,133.3
111/09/08,839 櫻桃 進口 ,192.1
111/09/08,859 榴槤 進口 ,93.7
111/09/08,C9 柑橘 進口 ,44.4
111/09/08,E9 甜橙 進口 ,30.1
111/09/08,F9 雜柑 進口 ,66.7
111/09/08,G49 奇異果 進口 ,84.9
111/09/08,O9 梨 其他進口 ,108.9
111/09/08,O99 梨 西洋梨進口 ,28.8
111/09/08,S49 葡萄 無子進口 ,78.8
111/09/08,S9 葡萄 進口 ,320.0
111/09/08,W9 洋香瓜 進口 ,640.0
111/09/08,X69 蘋果 富士進口 ,54.6
111/09/08,Y19 桃子 水蜜桃進口 ,130.0
111/09/08,Y9 桃子 進口 ,215.8
111/09/09,129 椰子 剝殼進口 ,42.4
111/09/09,459 草莓 進口 ,222.2
111/09/09,469 藍莓 進口 ,266.7
111/09/09,839 櫻桃 進口 ,133.3
111/09/09,C9 柑橘 進口 ,61.7
111/09/09,E9 甜橙 進口 ,50.7
111/09/09,G49 奇異果 進口 ,77.8
111/09/09,N9 李 進口 ,98.4
111/09/09,O9 梨 其他進口 ,92.4
111/09/09,O99 梨 西洋梨進口 ,26.7
111/09/09,S49 葡萄 無子進口 ,104.1
111/09/09,S9 葡萄 進口 ,320.6
111/09/09,W9 洋香瓜 進口 ,57.7
111/09/09,X69 蘋果 富士進口 ,54.6
111/09/09,Y19 桃子 水蜜桃進口 ,132.5
111/09/09,Y9 桃子 進口 ,143.9
111/09/10,129 椰子 剝殼進口 ,50.8
111/09/10,C9 柑橘 進口 ,45.5
111/09/10,E9 甜橙 進口 ,25.8
111/09/10,G49 奇異果 進口 ,81.4
111/09/10,N9 李 進口 ,96.2
111/09/10,O9 梨 其他進口 ,102.6
111/09/10,S49 葡萄 無子進口 ,87.4
111/09/10,S9 葡萄 進口 ,263.1
111/09/10,W9 洋香瓜 進口 ,59.9
111/09/10,X69 蘋果 富士進口 ,43.4
111/09/10,Y19 桃子 水蜜桃進口 ,110.0
111/09/10,Y9 桃子 進口 ,136.1
111/09/11,129 椰子 剝殼進口 ,34.9
111/09/11,C9 柑橘 進口 ,54.0
111/09/11,E9 甜橙 進口 ,37.9
111/09/11,G49 奇異果 進口 ,66.3
111/09/11,N9 李 進口 ,106.7
111/09/11,S49 葡萄 無子進口 ,133.3
111/09/11,S9 葡萄 進口 ,379.3
111/09/11,X69 蘋果 富士進口 ,62.3
111/09/11,Y9 桃子 進口 ,154.6
111/09/14,129 椰子 剝殼進口 ,41.5
111/09/14,469 藍莓 進口 ,158.2
111/09/14,839 櫻桃 進口 ,190.2
111/09/14,C9 柑橘 進口 ,31.5
111/09/14,E9 甜橙 進口 ,39.1
111/09/14,G39 酪梨 進口 ,133.3
111/09/14,G49 奇異果 進口 ,111.4
111/09/14,H49 葡萄柚 紅肉進口 ,26.7
111/09/14,N9 李 進口 ,146.2
111/09/14,O9 梨 其他進口 ,58.4
111/09/14,S49 葡萄 無子進口 ,94.2
111/09/14,S9 葡萄 進口 ,135.2
111/09/14,W9 洋香瓜 進口 ,41.7
111/09/14,X69 蘋果 富士進口 ,38.5
111/09/14,Y19 桃子 水蜜桃進口 ,110.0
111/09/14,Y9 桃子 進口 ,204.6
111/09/15,129 椰子 剝殼進口 ,58.8
111/09/15,459 草莓 進口 ,222.2
111/09/15,469 藍莓 進口 ,166.7
111/09/15,839 櫻桃 進口 ,222.6
111/09/15,859 榴槤 進口 ,106.7
111/09/15,919 其他 進口 ,282.7
111/09/15,C9 柑橘 進口 ,42.8
111/09/15,E9 甜橙 進口 ,26.1
111/09/15,F9 雜柑 進口 ,50.0
111/09/15,G49 奇異果 進口 ,62.8
111/09/15,N9 李 進口 ,90.7
111/09/15,O9 梨 其他進口 ,107.2
111/09/15,S49 葡萄 無子進口 ,88.0
111/09/15,S9 葡萄 進口 ,224.5
111/09/15,W9 洋香瓜 進口 ,62.4
111/09/15,X69 蘋果 富士進口 ,43.0
111/09/15,Y19 桃子 水蜜桃進口 ,95.0
111/09/15,Y39 桃子 甜桃進口 ,83.3
111/09/15,Y9 桃子 進口 ,358.3
111/09/16,129 椰子 剝殼進口 ,36.4
111/09/16,459 草莓 進口 ,222.2
111/09/16,469 藍莓 進口 ,158.1
111/09/16,859 榴槤 進口 ,91.8
111/09/16,C9 柑橘 進口 ,60.6
111/09/16,E9 甜橙 進口 ,26.3
111/09/16,F9 雜柑 進口 ,66.7
111/09/16,G39 酪梨 進口 ,80.0
111/09/16,G49 奇異果 進口 ,74.8
111/09/16,H9 柚子 進口 ,75.0
111/09/16,N9 李 進口 ,115.0
111/09/16,O9 梨 其他進口 ,75.2
111/09/16,S49 葡萄 無子進口 ,83.7
111/09/16,S9 葡萄 進口 ,266.5
111/09/16,W9 洋香瓜 進口 ,231.9
111/09/16,X69 蘋果 富士進口 ,49.4
111/09/16,Y19 桃子 水蜜桃進口 ,101.8
111/09/16,Y9 桃子 進口 ,466.3
111/09/17,129 椰子 剝殼進口 ,32.7
111/09/17,469 藍莓 進口 ,133.3
111/09/17,839 櫻桃 進口 ,173.3
111/09/17,C9 柑橘 進口 ,66.3
111/09/17,E9 甜橙 進口 ,25.2
111/09/17,G49 奇異果 進口 ,68.3
111/09/17,H9 柚子 進口 ,69.2
111/09/17,N9 李 進口 ,80.0
111/09/17,S49 葡萄 無子進口 ,96.7
111/09/17,S9 葡萄 進口 ,348.5
111/09/17,X69 蘋果 富士進口 ,45.9
111/09/17,Y19 桃子 水蜜桃進口 ,80.0
111/09/17,Y9 桃子 進口 ,400.9
111/09/18,129 椰子 剝殼進口 ,64.7
111/09/18,459 草莓 進口 ,222.2
111/09/18,469 藍莓 進口 ,170.4
111/09/18,C9 柑橘 進口 ,43.5
111/09/18,E9 甜橙 進口 ,65.3
111/09/18,G49 奇異果 進口 ,80.1
111/09/18,H9 柚子 進口 ,66.9
111/09/18,N9 李 進口 ,80.0
111/09/18,O9 梨 其他進口 ,51.1
111/09/18,S49 葡萄 無子進口 ,79.6
111/09/18,S9 葡萄 進口 ,246.5
111/09/18,W9 洋香瓜 進口 ,291.7
111/09/18,X39 蘋果 惠進口 ,24.1
111/09/18,X69 蘋果 富士進口 ,45.8
111/09/18,Y19 桃子 水蜜桃進口 ,80.0
111/09/18,Y9 桃子 進口 ,227.6
111/09/20,129 椰子 剝殼進口 ,70.8
111/09/20,459 草莓 進口 ,222.2
111/09/20,469 藍莓 進口 ,124.9
111/09/20,839 櫻桃 進口 ,213.3
111/09/20,859 榴槤 進口 ,100.0
111/09/20,C9 柑橘 進口 ,37.0
111/09/20,E9 甜橙 進口 ,29.0
111/09/20,G49 奇異果 進口 ,81.0
111/09/20,H9 柚子 進口 ,80.0
111/09/20,N9 李 進口 ,125.0
111/09/20,O9 梨 其他進口 ,117.7
111/09/20,O99 梨 西洋梨進口 ,33.3
111/09/20,S49 葡萄 無子進口 ,94.1
111/09/20,S9 葡萄 進口 ,184.6
111/09/20,W9 洋香瓜 進口 ,213.4
111/09/20,X69 蘋果 富士進口 ,66.1
111/09/20,Y9 桃子 進口 ,188.6
111/09/21,129 椰子 剝殼進口 ,67.2
111/09/21,459 草莓 進口 ,222.2
111/09/21,469 藍莓 進口 ,161.8
111/09/21,859 榴槤 進口 ,100.0
111/09/21,919 其他 進口 ,66.7
111/09/21,C9 柑橘 進口 ,37.1
111/09/21,E9 甜橙 進口 ,19.3
111/09/21,F9 雜柑 進口 ,88.9
111/09/21,G49 奇異果 進口 ,64.2
111/09/21,H9 柚子 進口 ,65.0
111/09/21,N9 李 進口 ,120.0
111/09/21,O9 梨 其他進口 ,100.4
111/09/21,S49 葡萄 無子進口 ,90.2
111/09/21,S9 葡萄 進口 ,287.2
111/09/21,X69 蘋果 富士進口 ,51.5
111/09/21,Y9 桃子 進口 ,352.9
111/09/23,129 椰子 剝殼進口 ,51.6
111/09/23,469 藍莓 進口 ,126.9
111/09/23,919 其他 進口 ,154.3
111/09/23,C9 柑橘 進口 ,35.4
111/09/23,E9 甜橙 進口 ,24.7
111/09/23,G39 酪梨 進口 ,106.7
111/09/23,G49 奇異果 進口 ,87.4
111/09/23,H49 葡萄柚 紅肉進口 ,65.7
111/09/23,N9 李 進口 ,97.8
111/09/23,O9 梨 其他進口 ,69.7
111/09/23,S49 葡萄 無子進口 ,83.0
111/09/23,S9 葡萄 進口 ,301.4
111/09/23,W9 洋香瓜 進口 ,316.7
111/09/23,X69 蘋果 富士進口 ,45.9
111/09/23,Y39 桃子 甜桃進口 ,66.7
111/09/23,Z9 柿子 進口 ,583.4
111/09/24,129 椰子 剝殼進口 ,63.2
111/09/24,469 藍莓 進口 ,130.9
111/09/24,919 其他 進口 ,60.0
111/09/24,C9 柑橘 進口 ,35.6
111/09/24,E9 甜橙 進口 ,29.7
111/09/24,G49 奇異果 進口 ,91.0
111/09/24,H49 葡萄柚 紅肉進口 ,70.0
111/09/24,N9 李 進口 ,87.6
111/09/24,O9 梨 其他進口 ,73.4
111/09/24,S49 葡萄 無子進口 ,102.9
111/09/24,S9 葡萄 進口 ,259.3
111/09/24,X69 蘋果 富士進口 ,44.8
111/09/24,Y9 桃子 進口 ,228.7
111/09/24,Z9 柿子 進口 ,250.0
111/09/25,129 椰子 剝殼進口 ,29.9
111/09/25,469 藍莓 進口 ,87.2
111/09/25,859 榴槤 進口 ,106.7
111/09/25,C9 柑橘 進口 ,34.6
111/09/25,E9 甜橙 進口 ,34.9
111/09/25,G49 奇異果 進口 ,58.2
111/09/25,H49 葡萄柚 紅肉進口 ,27.0
111/09/25,O9 梨 其他進口 ,75.9
111/09/25,S49 葡萄 無子進口 ,99.7
111/09/25,S9 葡萄 進口 ,227.5
111/09/25,W9 洋香瓜 進口 ,320.5
111/09/25,X69 蘋果 富士進口 ,47.6
111/09/25,Y9 桃子 進口 ,463.0
111/09/27,459 草莓 進口 ,222.2
111/09/27,469 藍莓 進口 ,65.8
111/09/27,919 其他 進口 ,133.3
111/09/27,C9 柑橘 進口 ,32.9
111/09/27,E9 甜橙 進口 ,28.4
111/09/27,F9 雜柑 進口 ,67.8
111/09/27,G39 酪梨 進口 ,106.7
111/09/27,G49 奇異果 進口 ,106.9
111/09/27,H49 葡萄柚 紅肉進口 ,60.0
111/09/27,N9 李 進口 ,66.7
111/09/27,O9 梨 其他進口 ,69.3
111/09/27,O99 梨 西洋梨進口 ,33.3
111/09/27,S49 葡萄 無子進口 ,97.6
111/09/27,S9 葡萄 進口 ,234.9
111/09/27,W9 洋香瓜 進口 ,67.1
111/09/27,X69 蘋果 富士進口 ,55.3
111/09/27,Y9 桃子 進口 ,207.9
111/09/28,129 椰子 剝殼進口 ,23.9
111/09/28,469 藍莓 進口 ,162.0
111/09/28,919 其他 進口 ,31.4
111/09/28,C9 柑橘 進口 ,38.5
111/09/28,E9 甜橙 進口 ,28.7
111/09/28,F9 雜柑 進口 ,66.7
111/09/28,G49 奇異果 進口 ,84.7
111/09/28,H49 葡萄柚 紅肉進口 ,39.2
111/09/28,N9 李 進口 ,133.3
111/09/28,O9 梨 其他進口 ,73.0
111/09/28,S49 葡萄 無子進口 ,103.6
111/09/28,S9 葡萄 進口 ,374.8
111/09/28,W9 洋香瓜 進口 ,77.6
111/09/28,X49 蘋果 金冠進口 ,124.5
111/09/28,X69 蘋果 富士進口 ,52.3
111/09/28,Y9 桃子 進口 ,229.1
111/09/29,459 草莓 進口 ,222.2
111/09/29,469 藍莓 進口 ,73.6
111/09/29,919 其他 進口 ,233.3
111/09/29,C9 柑橘 進口 ,37.5
111/09/29,E9 甜橙 進口 ,27.2
111/09/29,G49 奇異果 進口 ,84.6
111/09/29,H49 葡萄柚 紅肉進口 ,28.6
111/09/29,O9 梨 其他進口 ,90.9
111/09/29,S49 葡萄 無子進口 ,82.8
111/09/29,S9 葡萄 進口 ,237.1
111/09/29,W9 洋香瓜 進口 ,533.3
111/09/29,X49 蘋果 金冠進口 ,121.0
111/09/29,X69 蘋果 富士進口 ,43.8
111/09/29,Y9 桃子 進口 ,290.2
111/09/30,129 椰子 剝殼進口 ,90.0
111/09/30,469 藍莓 進口 ,145.1
111/09/30,919 其他 進口 ,180.0
111/09/30,C9 柑橘 進口 ,37.2
111/09/30,E9 甜橙 進口 ,61.6
111/09/30,G49 奇異果 進口 ,93.5
111/09/30,H49 葡萄柚 紅肉進口 ,70.0
111/09/30,N9 李 進口 ,85.6
111/09/30,O9 梨 其他進口 ,146.7
111/09/30,S49 葡萄 無子進口 ,88.6
111/09/30,S9 葡萄 進口 ,393.6
111/09/30,W9 洋香瓜 進口 ,316.7
111/09/30,X49 蘋果 金冠進口 ,126.8
111/09/30,X69 蘋果 富士進口 ,45.8
111/09/30,Y9 桃子 進口 ,176.1
111/10/01,129 椰子 剝殼進口 ,80.4
111/10/01,459 草莓 進口 ,222.2
111/10/01,469 藍莓 進口 ,72.5
111/10/01,919 其他 進口 ,200.0
111/10/01,C9 柑橘 進口 ,48.9
111/10/01,E9 甜橙 進口 ,27.0
111/10/01,G49 奇異果 進口 ,79.5
111/10/01,H49 葡萄柚 紅肉進口 ,70.0
111/10/01,O9 梨 其他進口 ,51.2
111/10/01,S49 葡萄 無子進口 ,96.9
111/10/01,S9 葡萄 進口 ,316.6
111/10/01,W9 洋香瓜 進口 ,48.9
111/10/01,X69 蘋果 富士進口 ,44.4
111/10/01,Y9 桃子 進口 ,216.3
111/10/01,Z9 柿子 進口 ,250.0
111/10/02,129 椰子 剝殼進口 ,40.0
111/10/02,459 草莓 進口 ,222.2
111/10/02,469 藍莓 進口 ,88.0
111/10/02,919 其他 進口 ,146.7
111/10/02,C9 柑橘 進口 ,35.6
111/10/02,E9 甜橙 進口 ,37.8
111/10/02,G49 奇異果 進口 ,88.3
111/10/02,H49 葡萄柚 紅肉進口 ,70.0
111/10/02,O9 梨 其他進口 ,62.9
111/10/02,S49 葡萄 無子進口 ,90.9
111/10/02,S9 葡萄 進口 ,190.3
111/10/02,X49 蘋果 金冠進口 ,128.5
111/10/02,X69 蘋果 富士進口 ,39.5
111/10/02,Y9 桃子 進口 ,207.2
111/10/04,459 草莓 進口 ,222.2
111/10/04,469 藍莓 進口 ,124.5
111/10/04,919 其他 進口 ,253.4
111/10/04,C9 柑橘 進口 ,34.8
111/10/04,E9 甜橙 進口 ,33.3
111/10/04,F9 雜柑 進口 ,66.7
111/10/04,G49 奇異果 進口 ,84.7
111/10/04,H49 葡萄柚 紅肉進口 ,37.9
111/10/04,O9 梨 其他進口 ,67.0
111/10/04,S49 葡萄 無子進口 ,95.2
111/10/04,S9 葡萄 進口 ,139.8
111/10/04,W9 洋香瓜 進口 ,281.8
111/10/04,X49 蘋果 金冠進口 ,121.6
111/10/04,X69 蘋果 富士進口 ,45.5
111/10/04,Y9 桃子 進口 ,210.6
111/10/04,Z9 柿子 進口 ,250.0
111/10/05,459 草莓 進口 ,222.2
111/10/05,469 藍莓 進口 ,148.7
111/10/05,919 其他 進口 ,253.4
111/10/05,C9 柑橘 進口 ,34.4
111/10/05,E9 甜橙 進口 ,31.4
111/10/05,G49 奇異果 進口 ,112.4
111/10/05,H49 葡萄柚 紅肉進口 ,26.2
111/10/05,O9 梨 其他進口 ,64.9
111/10/05,S49 葡萄 無子進口 ,102.2
111/10/05,S9 葡萄 進口 ,178.2
111/10/05,W9 洋香瓜 進口 ,311.1
111/10/05,X49 蘋果 金冠進口 ,115.5
111/10/05,X69 蘋果 富士進口 ,44.8
111/10/05,Y19 桃子 水蜜桃進口 ,140.0
111/10/05,Y9 桃子 進口 ,179.4
111/10/06,129 椰子 剝殼進口 ,27.4
111/10/06,469 藍莓 進口 ,45.4
111/10/06,919 其他 進口 ,66.7
111/10/06,C9 柑橘 進口 ,34.8
111/10/06,E9 甜橙 進口 ,23.0
111/10/06,G49 奇異果 進口 ,87.7
111/10/06,H49 葡萄柚 紅肉進口 ,60.0
111/10/06,O9 梨 其他進口 ,67.2
111/10/06,S49 葡萄 無子進口 ,93.3
111/10/06,S9 葡萄 進口 ,331.9
111/10/06,W9 洋香瓜 進口 ,52.6
111/10/06,X49 蘋果 金冠進口 ,104.8
111/10/06,X69 蘋果 富士進口 ,37.1
111/10/06,Y19 桃子 水蜜桃進口 ,132.0
111/10/06,Y9 桃子 進口 ,203.3
111/10/06,Z9 柿子 進口 ,440.0
111/10/07,129 椰子 剝殼進口 ,26.5
111/10/07,459 草莓 進口 ,222.2
111/10/07,469 藍莓 進口 ,46.2
111/10/07,919 其他 進口 ,50.0
111/10/07,C9 柑橘 進口 ,37.4
111/10/07,E9 甜橙 進口 ,46.8
111/10/07,G49 奇異果 進口 ,75.9
111/10/07,O9 梨 其他進口 ,93.9
111/10/07,S49 葡萄 無子進口 ,101.6
111/10/07,S9 葡萄 進口 ,314.5
111/10/07,W9 洋香瓜 進口 ,53.6
111/10/07,X49 蘋果 金冠進口 ,114.1
111/10/07,X69 蘋果 富士進口 ,40.1
111/10/07,Y9 桃子 進口 ,140.9
111/10/07,Z9 柿子 進口 ,583.2
111/10/08,469 藍莓 進口 ,133.8
111/10/08,919 其他 進口 ,38.7
111/10/08,C9 柑橘 進口 ,31.3
111/10/08,E9 甜橙 進口 ,25.8
111/10/08,G49 奇異果 進口 ,73.0
111/10/08,O9 梨 其他進口 ,66.1
111/10/08,S49 葡萄 無子進口 ,108.3
111/10/08,S9 葡萄 進口 ,167.9
111/10/08,W9 洋香瓜 進口 ,48.2
111/10/08,X49 蘋果 金冠進口 ,108.7
111/10/08,X69 蘋果 富士進口 ,41.0
111/10/08,Y19 桃子 水蜜桃進口 ,136.0
111/10/08,Y9 桃子 進口 ,130.4
111/10/09,459 草莓 進口 ,222.2
111/10/09,469 藍莓 進口 ,84.4
111/10/09,919 其他 進口 ,67.1
111/10/09,C9 柑橘 進口 ,39.0
111/10/09,E9 甜橙 進口 ,24.4
111/10/09,G49 奇異果 進口 ,77.3
111/10/09,H49 葡萄柚 紅肉進口 ,55.0
111/10/09,O9 梨 其他進口 ,52.7
111/10/09,S49 葡萄 無子進口 ,109.2
111/10/09,S9 葡萄 進口 ,415.4
111/10/09,T9 西瓜 進口 ,133.3
111/10/09,W9 洋香瓜 進口 ,240.0
111/10/09,X49 蘋果 金冠進口 ,108.6
111/10/09,X69 蘋果 富士進口 ,50.2
111/10/09,Y19 桃子 水蜜桃進口 ,200.0
111/10/09,Y9 桃子 進口 ,186.1
111/10/09,Z9 柿子 進口 ,466.6
111/10/11,469 藍莓 進口 ,126.4
111/10/11,919 其他 進口 ,120.0
111/10/11,C9 柑橘 進口 ,42.8
111/10/11,E9 甜橙 進口 ,38.4
111/10/11,G49 奇異果 進口 ,123.1
111/10/11,O9 梨 其他進口 ,208.9
111/10/11,S49 葡萄 無子進口 ,88.2
111/10/11,S9 葡萄 進口 ,456.9
111/10/11,X49 蘋果 金冠進口 ,127.4
111/10/11,X69 蘋果 富士進口 ,52.5
111/10/11,Y19 桃子 水蜜桃進口 ,160.0
111/10/11,Y9 桃子 進口 ,154.7
111/10/11,Z9 柿子 進口 ,466.7
111/10/12,469 藍莓 進口 ,63.9
111/10/12,919 其他 進口 ,56.5
111/10/12,C9 柑橘 進口 ,32.8
111/10/12,E9 甜橙 進口 ,18.6
111/10/12,F9 雜柑 進口 ,26.7
111/10/12,G49 奇異果 進口 ,103.1
111/10/12,H49 葡萄柚 紅肉進口 ,26.7
111/10/12,O9 梨 其他進口 ,53.0
111/10/12,S49 葡萄 無子進口 ,116.7
111/10/12,S9 葡萄 進口 ,395.5
111/10/12,W9 洋香瓜 進口 ,240.0
111/10/12,X69 蘋果 富士進口 ,58.6
111/10/12,Y9 桃子 進口 ,202.7
111/10/12,Z9 柿子 進口 ,250.0
111/10/13,469 藍莓 進口 ,73.0
111/10/13,919 其他 進口 ,123.7
111/10/13,C9 柑橘 進口 ,28.8
111/10/13,E9 甜橙 進口 ,17.9
111/10/13,G49 奇異果 進口 ,90.5
111/10/13,H49 葡萄柚 紅肉進口 ,29.2
111/10/13,O9 梨 其他進口 ,56.6
111/10/13,S49 葡萄 無子進口 ,105.6
111/10/13,S9 葡萄 進口 ,185.0
111/10/13,W9 洋香瓜 進口 ,294.7
111/10/13,X49 蘋果 金冠進口 ,110.4
111/10/13,X69 蘋果 富士進口 ,53.6
111/10/13,Y9 桃子 進口 ,197.0
111/10/13,Z9 柿子 進口 ,359.2
111/10/14,459 草莓 進口 ,222.2
111/10/14,469 藍莓 進口 ,166.7
111/10/14,859 榴槤 進口 ,120.0
111/10/14,919 其他 進口 ,123.8
111/10/14,C9 柑橘 進口 ,28.4
111/10/14,E9 甜橙 進口 ,39.0
111/10/14,G49 奇異果 進口 ,82.9
111/10/14,O9 梨 其他進口 ,54.6
111/10/14,S49 葡萄 無子進口 ,105.8
111/10/14,S9 葡萄 進口 ,467.6
111/10/14,W9 洋香瓜 進口 ,300.0
111/10/14,X49 蘋果 金冠進口 ,115.8
111/10/14,X69 蘋果 富士進口 ,64.8
111/10/14,Y19 桃子 水蜜桃進口 ,170.0
111/10/14,Y9 桃子 進口 ,191.2
111/10/14,Z9 柿子 進口 ,250.0
111/10/15,469 藍莓 進口 ,157.1
111/10/15,859 榴槤 進口 ,120.0
111/10/15,919 其他 進口 ,142.2
111/10/15,C9 柑橘 進口 ,30.0
111/10/15,E9 甜橙 進口 ,25.2
111/10/15,G49 奇異果 進口 ,87.5
111/10/15,H49 葡萄柚 紅肉進口 ,53.8
111/10/15,O9 梨 其他進口 ,62.2
111/10/15,S49 葡萄 無子進口 ,103.0
111/10/15,S9 葡萄 進口 ,427.2
111/10/15,W9 洋香瓜 進口 ,333.4
111/10/15,X49 蘋果 金冠進口 ,117.0
111/10/15,X69 蘋果 富士進口 ,50.6
111/10/15,Y9 桃子 進口 ,203.3
111/10/15,Z9 柿子 進口 ,365.8
111/10/16,459 草莓 進口 ,222.2
111/10/16,469 藍莓 進口 ,166.7
111/10/16,919 其他 進口 ,45.8
111/10/16,C9 柑橘 進口 ,31.5
111/10/16,E9 甜橙 進口 ,54.8
111/10/16,G49 奇異果 進口 ,77.2
111/10/16,O9 梨 其他進口 ,79.3
111/10/16,S49 葡萄 無子進口 ,100.0
111/10/16,S9 葡萄 進口 ,506.0
111/10/16,W9 洋香瓜 進口 ,240.0
111/10/16,X49 蘋果 金冠進口 ,113.0
111/10/16,X69 蘋果 富士進口 ,87.8
111/10/16,Y19 桃子 水蜜桃進口 ,175.0
111/10/16,Y9 桃子 進口 ,193.0
111/10/16,Z39 柿子 柿餅進口 ,800.0
111/10/16,Z9 柿子 進口 ,291.7
111/10/18,129 椰子 剝殼進口 ,28.0
111/10/18,459 草莓 進口 ,222.2
111/10/18,469 藍莓 進口 ,104.1
111/10/18,859 榴槤 進口 ,120.0
111/10/18,919 其他 進口 ,53.3
111/10/18,C9 柑橘 進口 ,31.7
111/10/18,E9 甜橙 進口 ,46.3
111/10/18,G39 酪梨 進口 ,122.7
111/10/18,G49 奇異果 進口 ,92.8
111/10/18,O9 梨 其他進口 ,74.4
111/10/18,S49 葡萄 無子進口 ,113.2
111/10/18,S9 葡萄 進口 ,485.8
111/10/18,X49 蘋果 金冠進口 ,110.3
111/10/18,X69 蘋果 富士進口 ,46.9
111/10/18,Z9 柿子 進口 ,453.4
111/10/19,459 草莓 進口 ,222.2
111/10/19,469 藍莓 進口 ,45.2
111/10/19,919 其他 進口 ,253.3
111/10/19,C9 柑橘 進口 ,56.6
111/10/19,E9 甜橙 進口 ,19.8
111/10/19,G49 奇異果 進口 ,101.4
111/10/19,H49 葡萄柚 紅肉進口 ,50.0
111/10/19,O9 梨 其他進口 ,58.8
111/10/19,S49 葡萄 無子進口 ,112.7
111/10/19,S9 葡萄 進口 ,574.1
111/10/19,W9 洋香瓜 進口 ,350.0
111/10/19,X49 蘋果 金冠進口 ,110.1
111/10/19,X69 蘋果 富士進口 ,84.8
111/10/19,Y9 桃子 進口 ,187.4
111/10/19,Z39 柿子 柿餅進口 ,500.0
111/10/19,Z9 柿子 進口 ,390.9
111/10/21,459 草莓 進口 ,222.2
111/10/21,469 藍莓 進口 ,102.5
111/10/21,919 其他 進口 ,71.6
111/10/21,C9 柑橘 進口 ,70.5
111/10/21,E9 甜橙 進口 ,64.4
111/10/21,G49 奇異果 進口 ,106.7
111/10/21,O9 梨 其他進口 ,53.7
111/10/21,S49 葡萄 無子進口 ,118.8
111/10/21,S9 葡萄 進口 ,479.3
111/10/21,W9 洋香瓜 進口 ,283.3
111/10/21,X39 蘋果 惠進口 ,37.0
111/10/21,X49 蘋果 金冠進口 ,114.6
111/10/21,X69 蘋果 富士進口 ,60.4
111/10/21,Y9 桃子 進口 ,190.9
111/10/21,Z39 柿子 柿餅進口 ,1000.0
111/10/21,Z9 柿子 進口 ,363.6
111/10/22,459 草莓 進口 ,222.2
111/10/22,469 藍莓 進口 ,154.1
111/10/22,919 其他 進口 ,56.2
111/10/22,C9 柑橘 進口 ,107.4
111/10/22,E9 甜橙 進口 ,15.5
111/10/22,G49 奇異果 進口 ,77.6
111/10/22,O9 梨 其他進口 ,55.9
111/10/22,S49 葡萄 無子進口 ,118.1
111/10/22,S9 葡萄 進口 ,416.0
111/10/22,X49 蘋果 金冠進口 ,108.3
111/10/22,X69 蘋果 富士進口 ,60.6
111/10/22,Z39 柿子 柿餅進口 ,800.0
111/10/22,Z9 柿子 進口 ,508.6
111/10/23,459 草莓 進口 ,222.2
111/10/23,469 藍莓 進口 ,69.5
111/10/23,919 其他 進口 ,253.3
111/10/23,C9 柑橘 進口 ,110.7
111/10/23,E9 甜橙 進口 ,38.4
111/10/23,G49 奇異果 進口 ,78.2
111/10/23,O9 梨 其他進口 ,86.0
111/10/23,S49 葡萄 無子進口 ,116.7
111/10/23,S9 葡萄 進口 ,584.4
111/10/23,W9 洋香瓜 進口 ,302.5
111/10/23,X49 蘋果 金冠進口 ,115.9
111/10/23,X69 蘋果 富士進口 ,54.8
111/10/23,Z9 柿子 進口 ,345.1
111/10/25,129 椰子 剝殼進口 ,40.0
111/10/25,469 藍莓 進口 ,170.1
111/10/25,919 其他 進口 ,59.4
111/10/25,C9 柑橘 進口 ,61.2
111/10/25,E9 甜橙 進口 ,14.3
111/10/25,G49 奇異果 進口 ,66.1
111/10/25,O9 梨 其他進口 ,55.9
111/10/25,S49 葡萄 無子進口 ,119.6
111/10/25,S9 葡萄 進口 ,444.9
111/10/25,W9 洋香瓜 進口 ,290.9
111/10/25,X49 蘋果 金冠進口 ,116.5
111/10/25,X69 蘋果 富士進口 ,60.3
111/10/25,Z9 柿子 進口 ,708.4
111/10/26,459 草莓 進口 ,222.2
111/10/26,469 藍莓 進口 ,122.0
111/10/26,919 其他 進口 ,58.1
111/10/26,C9 柑橘 進口 ,145.6
111/10/26,E9 甜橙 進口 ,15.1
111/10/26,G49 奇異果 進口 ,74.0
111/10/26,O9 梨 其他進口 ,91.1
111/10/26,S49 葡萄 無子進口 ,125.0
111/10/26,S9 葡萄 進口 ,486.2
111/10/26,X49 蘋果 金冠進口 ,103.5
111/10/26,X69 蘋果 富士進口 ,35.9
111/10/26,Z39 柿子 柿餅進口 ,918.6
111/10/26,Z9 柿子 進口 ,407.2
111/10/27,469 藍莓 進口 ,204.2
111/10/27,919 其他 進口 ,98.1
111/10/27,C9 柑橘 進口 ,132.5
111/10/27,G49 奇異果 進口 ,78.0
111/10/27,O9 梨 其他進口 ,54.6
111/10/27,S49 葡萄 無子進口 ,126.2
111/10/27,S9 葡萄 進口 ,481.0
111/10/27,X49 蘋果 金冠進口 ,110.0
111/10/27,X69 蘋果 富士進口 ,46.8
111/10/27,Z39 柿子 柿餅進口 ,829.7
111/10/27,Z9 柿子 進口 ,596.3
111/10/28,129 椰子 剝殼進口 ,40.0
111/10/28,459 草莓 進口 ,222.2
111/10/28,469 藍莓 進口 ,121.4
111/10/28,849 石榴 進口 ,89.9
111/10/28,C9 柑橘 進口 ,127.2
111/10/28,E9 甜橙 進口 ,70.0
111/10/28,G49 奇異果 進口 ,58.0
111/10/28,O9 梨 其他進口 ,61.8
111/10/28,S49 葡萄 無子進口 ,98.8
111/10/28,S9 葡萄 進口 ,416.5
111/10/28,W9 洋香瓜 進口 ,253.9
111/10/28,X49 蘋果 金冠進口 ,109.1
111/10/28,X69 蘋果 富士進口 ,55.1
111/10/28,Z39 柿子 柿餅進口 ,202.2
111/10/28,Z9 柿子 進口 ,246.9
111/10/29,129 椰子 剝殼進口 ,60.0
111/10/29,459 草莓 進口 ,222.2
111/10/29,469 藍莓 進口 ,118.0
111/10/29,849 石榴 進口 ,131.1
111/10/29,C9 柑橘 進口 ,116.5
111/10/29,E9 甜橙 進口 ,9.2
111/10/29,G49 奇異果 進口 ,92.4
111/10/29,O9 梨 其他進口 ,30.6
111/10/29,S49 葡萄 無子進口 ,154.4
111/10/29,S9 葡萄 進口 ,479.2
111/10/29,W9 洋香瓜 進口 ,350.0
111/10/29,X49 蘋果 金冠進口 ,123.1
111/10/29,X69 蘋果 富士進口 ,57.5
111/10/29,Z39 柿子 柿餅進口 ,466.7
111/10/29,Z9 柿子 進口 ,250.4
111/10/30,129 椰子 剝殼進口 ,61.0
111/10/30,459 草莓 進口 ,222.2
111/10/30,469 藍莓 進口 ,82.6
111/10/30,859 榴槤 進口 ,120.0
111/10/30,919 其他 進口 ,66.9
111/10/30,C9 柑橘 進口 ,53.6
111/10/30,E9 甜橙 進口 ,19.9
111/10/30,G49 奇異果 進口 ,89.4
111/10/30,O9 梨 其他進口 ,69.7
111/10/30,S49 葡萄 無子進口 ,133.3
111/10/30,S9 葡萄 進口 ,364.7
111/10/30,W9 洋香瓜 進口 ,350.0
111/10/30,X49 蘋果 金冠進口 ,100.0
111/10/30,X69 蘋果 富士進口 ,59.2
111/10/30,Z39 柿子 柿餅進口 ,303.1
111/10/30,Z9 柿子 進口 ,323.5
111/11/01,469 藍莓 進口 ,133.6
111/11/01,859 榴槤 進口 ,133.3
111/11/01,919 其他 進口 ,240.0
111/11/01,C9 柑橘 進口 ,87.5
111/11/01,E9 甜橙 進口 ,14.5
111/11/01,G49 奇異果 進口 ,76.2
111/11/01,O9 梨 其他進口 ,63.7
111/11/01,S49 葡萄 無子進口 ,150.8
111/11/01,S9 葡萄 進口 ,591.6
111/11/01,W9 洋香瓜 進口 ,307.7
111/11/01,X49 蘋果 金冠進口 ,110.2
111/11/01,X69 蘋果 富士進口 ,57.2
111/11/01,Z39 柿子 柿餅進口 ,200.0
111/11/01,Z9 柿子 進口 ,229.8
111/11/02,129 椰子 剝殼進口 ,20.0
111/11/02,459 草莓 進口 ,222.2
111/11/02,469 藍莓 進口 ,59.5
111/11/02,849 石榴 進口 ,65.7
111/11/02,C9 柑橘 進口 ,73.7
111/11/02,F9 雜柑 進口 ,66.7
111/11/02,G49 奇異果 進口 ,56.0
111/11/02,H49 葡萄柚 紅肉進口 ,50.0
111/11/02,O9 梨 其他進口 ,60.7
111/11/02,S49 葡萄 無子進口 ,120.8
111/11/02,S9 葡萄 進口 ,384.9
111/11/02,W9 洋香瓜 進口 ,240.0
111/11/02,X49 蘋果 金冠進口 ,100.7
111/11/02,X69 蘋果 富士進口 ,67.5
111/11/02,Z39 柿子 柿餅進口 ,262.2
111/11/02,Z9 柿子 進口 ,213.3
111/11/03,459 草莓 進口 ,222.2
111/11/03,469 藍莓 進口 ,127.9
111/11/03,919 其他 進口 ,266.7
111/11/03,C9 柑橘 進口 ,130.4
111/11/03,E9 甜橙 進口 ,39.3
111/11/03,F9 雜柑 進口 ,74.1
111/11/03,G49 奇異果 進口 ,72.7
111/11/03,O9 梨 其他進口 ,59.0
111/11/03,S49 葡萄 無子進口 ,136.6
111/11/03,S9 葡萄 進口 ,430.6
111/11/03,W9 洋香瓜 進口 ,317.6
111/11/03,X49 蘋果 金冠進口 ,109.6
111/11/03,X59 蘋果 紅玉進口 ,213.8
111/11/03,X69 蘋果 富士進口 ,110.0
111/11/03,Z39 柿子 柿餅進口 ,359.0
111/11/03,Z9 柿子 進口 ,374.6
111/11/04,459 草莓 進口 ,222.2
111/11/04,469 藍莓 進口 ,250.0
111/11/04,849 石榴 進口 ,53.3
111/11/04,919 其他 進口 ,253.3
111/11/04,C9 柑橘 進口 ,120.4
111/11/04,E9 甜橙 進口 ,23.6
111/11/04,G49 奇異果 進口 ,89.1
111/11/04,O9 梨 其他進口 ,63.2
111/11/04,S49 葡萄 無子進口 ,128.7
111/11/04,S9 葡萄 進口 ,166.4
111/11/04,W9 洋香瓜 進口 ,256.6
111/11/04,X49 蘋果 金冠進口 ,105.7
111/11/04,X69 蘋果 富士進口 ,88.2
111/11/04,Z39 柿子 柿餅進口 ,200.0
111/11/04,Z9 柿子 進口 ,234.2
111/11/05,459 草莓 進口 ,224.8
111/11/05,469 藍莓 進口 ,212.8
111/11/05,C9 柑橘 進口 ,112.2
111/11/05,E9 甜橙 進口 ,60.0
111/11/05,G49 奇異果 進口 ,71.8
111/11/05,O9 梨 其他進口 ,54.3
111/11/05,S49 葡萄 無子進口 ,130.3
111/11/05,S9 葡萄 進口 ,470.1
111/11/05,X49 蘋果 金冠進口 ,126.1
111/11/05,X59 蘋果 紅玉進口 ,232.7
111/11/05,X69 蘋果 富士進口 ,84.5
111/11/05,Z39 柿子 柿餅進口 ,733.4
111/11/05,Z9 柿子 進口 ,196.9
111/11/06,469 藍莓 進口 ,96.4
111/11/06,C9 柑橘 進口 ,140.8
111/11/06,G49 奇異果 進口 ,72.8
111/11/06,H49 葡萄柚 紅肉進口 ,48.0
111/11/06,O9 梨 其他進口 ,56.9
111/11/06,S49 葡萄 無子進口 ,133.3
111/11/06,S9 葡萄 進口 ,323.1
111/11/06,W9 洋香瓜 進口 ,350.0
111/11/06,X49 蘋果 金冠進口 ,119.4
111/11/06,X69 蘋果 富士進口 ,84.8
111/11/06,Z39 柿子 柿餅進口 ,480.0
111/11/06,Z9 柿子 進口 ,243.6
111/11/08,129 椰子 剝殼進口 ,33.3
111/11/08,459 草莓 進口 ,333.4
111/11/08,469 藍莓 進口 ,126.2
111/11/08,919 其他 進口 ,46.7
111/11/08,C9 柑橘 進口 ,120.8
111/11/08,E9 甜橙 進口 ,54.2
111/11/08,G49 奇異果 進口 ,97.9
111/11/08,O9 梨 其他進口 ,67.2
111/11/08,S49 葡萄 無子進口 ,135.9
111/11/08,S9 葡萄 進口 ,314.7
111/11/08,W9 洋香瓜 進口 ,213.4
111/11/08,X49 蘋果 金冠進口 ,113.5
111/11/08,X69 蘋果 富士進口 ,103.0
111/11/08,Z39 柿子 柿餅進口 ,260.3
111/11/08,Z9 柿子 進口 ,285.7
111/11/09,129 椰子 剝殼進口 ,26.7
111/11/09,459 草莓 進口 ,222.2
111/11/09,469 藍莓 進口 ,154.2
111/11/09,839 櫻桃 進口 ,432.5
111/11/09,919 其他 進口 ,91.3
111/11/09,C9 柑橘 進口 ,182.9
111/11/09,E9 甜橙 進口 ,42.0
111/11/09,F9 雜柑 進口 ,139.4
111/11/09,G49 奇異果 進口 ,75.8
111/11/09,O9 梨 其他進口 ,67.8
111/11/09,S9 葡萄 進口 ,163.1
111/11/09,W9 洋香瓜 進口 ,300.0
111/11/09,X49 蘋果 金冠進口 ,106.7
111/11/09,X69 蘋果 富士進口 ,77.8
111/11/09,Z39 柿子 柿餅進口 ,181.3
111/11/09,Z9 柿子 進口 ,284.1
111/11/10,469 藍莓 進口 ,187.2
111/11/10,919 其他 進口 ,308.4
111/11/10,C9 柑橘 進口 ,293.3
111/11/10,E9 甜橙 進口 ,58.0
111/11/10,F9 雜柑 進口 ,427.8
111/11/10,G49 奇異果 進口 ,94.2
111/11/10,O9 梨 其他進口 ,61.3
111/11/10,S49 葡萄 無子進口 ,133.3
111/11/10,S9 葡萄 進口 ,406.4
111/11/10,W9 洋香瓜 進口 ,300.0
111/11/10,X49 蘋果 金冠進口 ,120.0
111/11/10,X69 蘋果 富士進口 ,65.8
111/11/10,Z39 柿子 柿餅進口 ,221.1
111/11/10,Z9 柿子 進口 ,231.4
111/11/11,459 草莓 進口 ,222.2
111/11/11,469 藍莓 進口 ,139.3
111/11/11,919 其他 進口 ,253.4
111/11/11,C9 柑橘 進口 ,260.5
111/11/11,F9 雜柑 進口 ,100.0
111/11/11,G49 奇異果 進口 ,60.8
111/11/11,O9 梨 其他進口 ,63.6
111/11/11,S49 葡萄 無子進口 ,133.3
111/11/11,S9 葡萄 進口 ,245.4
111/11/11,W9 洋香瓜 進口 ,300.0
111/11/11,X49 蘋果 金冠進口 ,106.7
111/11/11,X69 蘋果 富士進口 ,68.1
111/11/11,Z39 柿子 柿餅進口 ,138.7
111/11/11,Z9 柿子 進口 ,224.5
111/11/12,459 草莓 進口 ,222.2
111/11/12,469 藍莓 進口 ,141.3
111/11/12,839 櫻桃 進口 ,454.1
111/11/12,919 其他 進口 ,91.2
111/11/12,C9 柑橘 進口 ,253.4
111/11/12,F9 雜柑 進口 ,353.6
111/11/12,G39 酪梨 進口 ,86.7
111/11/12,G49 奇異果 進口 ,68.9
111/11/12,O9 梨 其他進口 ,56.4
111/11/12,S49 葡萄 無子進口 ,133.3
111/11/12,S9 葡萄 進口 ,328.1
111/11/12,X39 蘋果 惠進口 ,37.0
111/11/12,X49 蘋果 金冠進口 ,127.4
111/11/12,X69 蘋果 富士進口 ,79.0
111/11/12,Z39 柿子 柿餅進口 ,125.8
111/11/12,Z9 柿子 進口 ,233.3
111/11/13,129 椰子 剝殼進口 ,29.7
111/11/13,469 藍莓 進口 ,104.5
111/11/13,839 櫻桃 進口 ,400.0
111/11/13,919 其他 進口 ,321.9
111/11/13,C9 柑橘 進口 ,259.1
111/11/13,E9 甜橙 進口 ,10.0
111/11/13,G49 奇異果 進口 ,82.8
111/11/13,O9 梨 其他進口 ,66.3
111/11/13,S49 葡萄 無子進口 ,130.6
111/11/13,S9 葡萄 進口 ,171.6
111/11/13,W9 洋香瓜 進口 ,220.0
111/11/13,X49 蘋果 金冠進口 ,109.0
111/11/13,X69 蘋果 富士進口 ,80.1
111/11/13,Z39 柿子 柿餅進口 ,144.1
111/11/13,Z9 柿子 進口 ,268.2
111/11/15,129 椰子 剝殼進口 ,24.2
111/11/15,459 草莓 進口 ,222.2
111/11/15,469 藍莓 進口 ,78.6
111/11/15,839 櫻桃 進口 ,472.2
111/11/15,919 其他 進口 ,51.3
111/11/15,C9 柑橘 進口 ,78.5
111/11/15,F9 雜柑 進口 ,366.8
111/11/15,G49 奇異果 進口 ,75.9
111/11/15,O9 梨 其他進口 ,58.9
111/11/15,S49 葡萄 無子進口 ,132.2
111/11/15,S9 葡萄 進口 ,488.7
111/11/15,X49 蘋果 金冠進口 ,118.4
111/11/15,X69 蘋果 富士進口 ,106.4
111/11/15,Z39 柿子 柿餅進口 ,148.3
111/11/15,Z9 柿子 進口 ,333.3
111/11/16,469 藍莓 進口 ,56.4
111/11/16,839 櫻桃 進口 ,446.0
111/11/16,919 其他 進口 ,226.7
111/11/16,C9 柑橘 進口 ,242.8
111/11/16,E9 甜橙 進口 ,11.1
111/11/16,F9 雜柑 進口 ,84.3
111/11/16,G49 奇異果 進口 ,64.8
111/11/16,O9 梨 其他進口 ,59.4
111/11/16,S49 葡萄 無子進口 ,133.3
111/11/16,S9 葡萄 進口 ,348.1
111/11/16,W9 洋香瓜 進口 ,240.0
111/11/16,X49 蘋果 金冠進口 ,121.8
111/11/16,X69 蘋果 富士進口 ,73.1
111/11/16,Z39 柿子 柿餅進口 ,195.2
111/11/16,Z9 柿子 進口 ,232.5
111/11/18,129 椰子 剝殼進口 ,33.3
111/11/18,459 草莓 進口 ,222.2
111/11/18,469 藍莓 進口 ,148.6
111/11/18,839 櫻桃 進口 ,395.2
111/11/18,919 其他 進口 ,81.0
111/11/18,C9 柑橘 進口 ,235.6
111/11/18,E9 甜橙 進口 ,10.0
111/11/18,F9 雜柑 進口 ,320.0
111/11/18,G49 奇異果 進口 ,77.2
111/11/18,O9 梨 其他進口 ,57.4
111/11/18,S49 葡萄 無子進口 ,137.0
111/11/18,S9 葡萄 進口 ,221.2
111/11/18,W9 洋香瓜 進口 ,189.5
111/11/18,X49 蘋果 金冠進口 ,116.4
111/11/18,X69 蘋果 富士進口 ,106.5
111/11/18,Z39 柿子 柿餅進口 ,134.7
111/11/18,Z9 柿子 進口 ,355.6
111/11/19,459 草莓 進口 ,222.2
111/11/19,469 藍莓 進口 ,97.0
111/11/19,839 櫻桃 進口 ,401.2
111/11/19,919 其他 進口 ,128.6
111/11/19,C9 柑橘 進口 ,235.6
111/11/19,E9 甜橙 進口 ,10.0
111/11/19,F9 雜柑 進口 ,320.0
111/11/19,G49 奇異果 進口 ,64.7
111/11/19,O9 梨 其他進口 ,57.7
111/11/19,S49 葡萄 無子進口 ,143.5
111/11/19,S9 葡萄 進口 ,226.8
111/11/19,W9 洋香瓜 進口 ,120.0
111/11/19,X49 蘋果 金冠進口 ,123.2
111/11/19,X69 蘋果 富士進口 ,73.2
111/11/19,Z39 柿子 柿餅進口 ,97.0
111/11/19,Z9 柿子 進口 ,227.1
111/11/20,469 藍莓 進口 ,141.3
111/11/20,839 櫻桃 進口 ,257.2
111/11/20,919 其他 進口 ,69.4
111/11/20,C9 柑橘 進口 ,263.9
111/11/20,E9 甜橙 進口 ,11.1
111/11/20,F9 雜柑 進口 ,320.0
111/11/20,G49 奇異果 進口 ,109.1
111/11/20,O9 梨 其他進口 ,71.7
111/11/20,S49 葡萄 無子進口 ,141.7
111/11/20,S9 葡萄 進口 ,163.2
111/11/20,W9 洋香瓜 進口 ,240.0
111/11/20,X49 蘋果 金冠進口 ,126.0
111/11/20,X69 蘋果 富士進口 ,95.6
111/11/20,Z39 柿子 柿餅進口 ,131.1
111/11/20,Z9 柿子 進口 ,226.1
111/11/22,469 藍莓 進口 ,133.3
111/11/22,839 櫻桃 進口 ,340.0
111/11/22,849 石榴 進口 ,108.3
111/11/22,859 榴槤 進口 ,100.0
111/11/22,C9 柑橘 進口 ,229.3
111/11/22,E9 甜橙 進口 ,12.0
111/11/22,F9 雜柑 進口 ,306.7
111/11/22,G49 奇異果 進口 ,67.4
111/11/22,O9 梨 其他進口 ,61.7
111/11/22,S49 葡萄 無子進口 ,126.1
111/11/22,S9 葡萄 進口 ,398.3
111/11/22,W9 洋香瓜 進口 ,240.0
111/11/22,X49 蘋果 金冠進口 ,97.9
111/11/22,X69 蘋果 富士進口 ,85.7
111/11/22,Z39 柿子 柿餅進口 ,93.9
111/11/22,Z9 柿子 進口 ,200.0
111/11/23,469 藍莓 進口 ,133.3
111/11/23,839 櫻桃 進口 ,327.1
111/11/23,849 石榴 進口 ,110.5
111/11/23,919 其他 進口 ,226.7
111/11/23,C9 柑橘 進口 ,228.5
111/11/23,F9 雜柑 進口 ,323.1
111/11/23,G49 奇異果 進口 ,81.2
111/11/23,O9 梨 其他進口 ,58.8
111/11/23,S49 葡萄 無子進口 ,133.3
111/11/23,S9 葡萄 進口 ,274.0
111/11/23,W9 洋香瓜 進口 ,300.0
111/11/23,X49 蘋果 金冠進口 ,119.6
111/11/23,X59 蘋果 紅玉進口 ,205.1
111/11/23,X69 蘋果 富士進口 ,106.3
111/11/23,Z39 柿子 柿餅進口 ,100.6
111/11/23,Z9 柿子 進口 ,222.6
111/11/24,469 藍莓 進口 ,133.3
111/11/24,839 櫻桃 進口 ,296.6
111/11/24,849 石榴 進口 ,180.0
111/11/24,919 其他 進口 ,138.2
111/11/24,C9 柑橘 進口 ,255.9
111/11/24,E9 甜橙 進口 ,11.1
111/11/24,F9 雜柑 進口 ,124.6
111/11/24,G39 酪梨 進口 ,106.7
111/11/24,G49 奇異果 進口 ,46.3
111/11/24,O9 梨 其他進口 ,59.0
111/11/24,S49 葡萄 無子進口 ,133.3
111/11/24,S9 葡萄 進口 ,432.4
111/11/24,W9 洋香瓜 進口 ,240.0
111/11/24,X49 蘋果 金冠進口 ,122.5
111/11/24,X69 蘋果 富士進口 ,71.3
111/11/24,Z39 柿子 柿餅進口 ,377.4
111/11/24,Z9 柿子 進口 ,500.0
111/11/25,469 藍莓 進口 ,119.9
111/11/25,839 櫻桃 進口 ,359.9
111/11/25,849 石榴 進口 ,180.0
111/11/25,919 其他 進口 ,463.4
111/11/25,C9 柑橘 進口 ,220.6
111/11/25,E9 甜橙 進口 ,11.1
111/11/25,G49 奇異果 進口 ,73.4
111/11/25,O9 梨 其他進口 ,59.5
111/11/25,S49 葡萄 無子進口 ,99.1
111/11/25,S9 葡萄 進口 ,443.1
111/11/25,X49 蘋果 金冠進口 ,124.7
111/11/25,X69 蘋果 富士進口 ,83.2
111/11/25,Z39 柿子 柿餅進口 ,384.5
111/11/25,Z9 柿子 進口 ,469.0
111/11/26,469 藍莓 進口 ,137.1
111/11/26,829 蜜棗 進口 ,93.3
111/11/26,839 櫻桃 進口 ,325.0
111/11/26,919 其他 進口 ,253.3
111/11/26,C9 柑橘 進口 ,177.2
111/11/26,F9 雜柑 進口 ,306.6
111/11/26,G49 奇異果 進口 ,77.0
111/11/26,O9 梨 其他進口 ,55.8
111/11/26,S49 葡萄 無子進口 ,140.0
111/11/26,S9 葡萄 進口 ,231.9
111/11/26,W9 洋香瓜 進口 ,300.0
111/11/26,X49 蘋果 金冠進口 ,146.7
111/11/26,X69 蘋果 富士進口 ,76.1
111/11/26,Z39 柿子 柿餅進口 ,118.1
111/11/26,Z9 柿子 進口 ,284.2
111/11/27,469 藍莓 進口 ,129.1
111/11/27,839 櫻桃 進口 ,254.8
111/11/27,849 石榴 進口 ,180.0
111/11/27,919 其他 進口 ,51.7
111/11/27,C9 柑橘 進口 ,222.6
111/11/27,E9 甜橙 進口 ,11.1
111/11/27,F9 雜柑 進口 ,293.4
111/11/27,G49 奇異果 進口 ,54.2
111/11/27,O9 梨 其他進口 ,64.8
111/11/27,S49 葡萄 無子進口 ,100.0
111/11/27,S9 葡萄 進口 ,467.0
111/11/27,W9 洋香瓜 進口 ,300.0
111/11/27,X49 蘋果 金冠進口 ,116.0
111/11/27,X59 蘋果 紅玉進口 ,213.3
111/11/27,X69 蘋果 富士進口 ,99.0
111/11/27,Z39 柿子 柿餅進口 ,183.9
111/11/27,Z9 柿子 進口 ,261.1
111/11/29,129 椰子 剝殼進口 ,27.5
111/11/29,469 藍莓 進口 ,128.4
111/11/29,839 櫻桃 進口 ,294.6
111/11/29,849 石榴 進口 ,73.3
111/11/29,859 榴槤 進口 ,120.0
111/11/29,C9 柑橘 進口 ,262.9
111/11/29,G49 奇異果 進口 ,62.9
111/11/29,O9 梨 其他進口 ,61.2
111/11/29,S49 葡萄 無子進口 ,121.4
111/11/29,S9 葡萄 進口 ,303.2
111/11/29,X09 蘋果 其他進口 ,56.7
111/11/29,X49 蘋果 金冠進口 ,115.3
111/11/29,X69 蘋果 富士進口 ,81.7
111/11/29,Z39 柿子 柿餅進口 ,94.7
111/11/29,Z9 柿子 進口 ,500.0
111/11/30,469 藍莓 進口 ,159.8
111/11/30,839 櫻桃 進口 ,291.0
111/11/30,849 石榴 進口 ,107.7
111/11/30,919 其他 進口 ,134.8
111/11/30,C9 柑橘 進口 ,268.7
111/11/30,E9 甜橙 進口 ,18.5
111/11/30,G49 奇異果 進口 ,56.8
111/11/30,O9 梨 其他進口 ,60.7
111/11/30,S49 葡萄 無子進口 ,108.3
111/11/30,S9 葡萄 進口 ,563.2
111/11/30,W9 洋香瓜 進口 ,846.6
111/11/30,X49 蘋果 金冠進口 ,104.4
111/11/30,X59 蘋果 紅玉進口 ,186.7
111/11/30,X69 蘋果 富士進口 ,74.2
111/11/30,Z39 柿子 柿餅進口 ,331.6
111/11/30,Z9 柿子 進口 ,314.3
111/12/01,459 草莓 進口 ,422.2
111/12/01,469 藍莓 進口 ,133.3
111/12/01,839 櫻桃 進口 ,266.1
111/12/01,919 其他 進口 ,133.3
111/12/01,C9 柑橘 進口 ,280.0
111/12/01,F9 雜柑 進口 ,318.4
111/12/01,G49 奇異果 進口 ,71.6
111/12/01,O9 梨 其他進口 ,58.6
111/12/01,S49 葡萄 無子進口 ,130.8
111/12/01,S9 葡萄 進口 ,588.9
111/12/01,W9 洋香瓜 進口 ,533.4
111/12/01,X49 蘋果 金冠進口 ,103.0
111/12/01,X69 蘋果 富士進口 ,76.1
111/12/01,Z39 柿子 柿餅進口 ,370.8
111/12/01,Z9 柿子 進口 ,363.9
111/12/02,459 草莓 進口 ,91.5
111/12/02,469 藍莓 進口 ,137.2
111/12/02,839 櫻桃 進口 ,293.9
111/12/02,849 石榴 進口 ,133.3
111/12/02,919 其他 進口 ,63.0
111/12/02,C9 柑橘 進口 ,175.4
111/12/02,E9 甜橙 進口 ,10.0
111/12/02,F9 雜柑 進口 ,66.7
111/12/02,G49 奇異果 進口 ,51.6
111/12/02,O9 梨 其他進口 ,81.8
111/12/02,S49 葡萄 無子進口 ,124.8
111/12/02,S9 葡萄 進口 ,361.5
111/12/02,X49 蘋果 金冠進口 ,111.6
111/12/02,X69 蘋果 富士進口 ,76.7
111/12/02,Z39 柿子 柿餅進口 ,257.2
111/12/03,129 椰子 剝殼進口 ,26.8
111/12/03,459 草莓 進口 ,217.8
111/12/03,839 櫻桃 進口 ,333.4
111/12/03,919 其他 進口 ,132.0
111/12/03,C9 柑橘 進口 ,245.7
111/12/03,E9 甜橙 進口 ,10.0
111/12/03,G49 奇異果 進口 ,63.6
111/12/03,O9 梨 其他進口 ,68.8
111/12/03,S49 葡萄 無子進口 ,125.7
111/12/03,S9 葡萄 進口 ,124.6
111/12/03,X49 蘋果 金冠進口 ,120.0
111/12/03,X69 蘋果 富士進口 ,86.4
111/12/03,Z39 柿子 柿餅進口 ,146.7
111/12/04,459 草莓 進口 ,350.9
111/12/04,469 藍莓 進口 ,133.3
111/12/04,839 櫻桃 進口 ,388.9
111/12/04,919 其他 進口 ,112.5
111/12/04,C9 柑橘 進口 ,243.3
111/12/04,E9 甜橙 進口 ,15.0
111/12/04,F9 雜柑 進口 ,306.6
111/12/04,G49 奇異果 進口 ,81.5
111/12/04,O9 梨 其他進口 ,60.2
111/12/04,S49 葡萄 無子進口 ,113.1
111/12/04,S9 葡萄 進口 ,255.6
111/12/04,W9 洋香瓜 進口 ,237.0
111/12/04,X69 蘋果 富士進口 ,74.2
111/12/04,Z39 柿子 柿餅進口 ,637.0
111/12/04,Z9 柿子 進口 ,418.5
111/12/06,129 椰子 剝殼進口 ,21.5
111/12/06,459 草莓 進口 ,334.9
111/12/06,469 藍莓 進口 ,133.3
111/12/06,839 櫻桃 進口 ,314.9
111/12/06,919 其他 進口 ,162.7
111/12/06,C9 柑橘 進口 ,280.2
111/12/06,E9 甜橙 進口 ,11.1
111/12/06,F9 雜柑 進口 ,680.0
111/12/06,G49 奇異果 進口 ,35.2
111/12/06,O9 梨 其他進口 ,55.6
111/12/06,S49 葡萄 無子進口 ,123.2
111/12/06,S9 葡萄 進口 ,322.9
111/12/06,W9 洋香瓜 進口 ,226.6
111/12/06,X49 蘋果 金冠進口 ,106.0
111/12/06,X59 蘋果 紅玉進口 ,201.6
111/12/06,X69 蘋果 富士進口 ,86.7
111/12/06,Z39 柿子 柿餅進口 ,391.5
111/12/07,459 草莓 進口 ,166.6
111/12/07,469 藍莓 進口 ,133.3
111/12/07,839 櫻桃 進口 ,344.2
111/12/07,849 石榴 進口 ,120.0
111/12/07,919 其他 進口 ,226.7
111/12/07,C9 柑橘 進口 ,52.4
111/12/07,F9 雜柑 進口 ,381.8
111/12/07,G49 奇異果 進口 ,51.9
111/12/07,O9 梨 其他進口 ,60.6
111/12/07,S49 葡萄 無子進口 ,118.2
111/12/07,S9 葡萄 進口 ,449.2
111/12/07,W9 洋香瓜 進口 ,226.6
111/12/07,X49 蘋果 金冠進口 ,118.5
111/12/07,X59 蘋果 紅玉進口 ,169.7
111/12/07,X69 蘋果 富士進口 ,73.6
111/12/07,Z39 柿子 柿餅進口 ,99.8
111/12/07,Z9 柿子 進口 ,75.0
111/12/08,129 椰子 剝殼進口 ,33.3
111/12/08,459 草莓 進口 ,458.3
111/12/08,469 藍莓 進口 ,119.4
111/12/08,839 櫻桃 進口 ,278.6
111/12/08,919 其他 進口 ,56.3
111/12/08,C9 柑橘 進口 ,273.0
111/12/08,E9 甜橙 進口 ,10.0
111/12/08,F9 雜柑 進口 ,96.1
111/12/08,G49 奇異果 進口 ,64.3
111/12/08,O9 梨 其他進口 ,56.4
111/12/08,S49 葡萄 無子進口 ,118.3
111/12/08,S9 葡萄 進口 ,519.8
111/12/08,W9 洋香瓜 進口 ,310.5
111/12/08,X49 蘋果 金冠進口 ,120.0
111/12/08,X69 蘋果 富士進口 ,90.8
111/12/08,Z39 柿子 柿餅進口 ,374.7
111/12/09,459 草莓 進口 ,110.7
111/12/09,469 藍莓 進口 ,133.3
111/12/09,839 櫻桃 進口 ,57.6
111/12/09,919 其他 進口 ,53.6
111/12/09,C9 柑橘 進口 ,173.3
111/12/09,F9 雜柑 進口 ,335.4
111/12/09,G49 奇異果 進口 ,76.0
111/12/09,O9 梨 其他進口 ,71.0
111/12/09,S49 葡萄 無子進口 ,121.3
111/12/09,S9 葡萄 進口 ,209.8
111/12/09,X49 蘋果 金冠進口 ,133.3
111/12/09,X69 蘋果 富士進口 ,125.5
111/12/09,Z39 柿子 柿餅進口 ,106.6
111/12/09,Z9 柿子 進口 ,177.3
111/12/10,459 草莓 進口 ,232.1
111/12/10,469 藍莓 進口 ,133.3
111/12/10,839 櫻桃 進口 ,357.1
111/12/10,849 石榴 進口 ,66.7
111/12/10,C9 柑橘 進口 ,261.7
111/12/10,F9 雜柑 進口 ,335.9
111/12/10,G39 酪梨 進口 ,106.7
111/12/10,G49 奇異果 進口 ,141.6
111/12/10,O9 梨 其他進口 ,57.9
111/12/10,S49 葡萄 無子進口 ,128.2
111/12/10,S9 葡萄 進口 ,304.6
111/12/10,W9 洋香瓜 進口 ,226.6
111/12/10,X49 蘋果 金冠進口 ,112.1
111/12/10,X69 蘋果 富士進口 ,94.2
111/12/10,Y39 桃子 甜桃進口 ,333.3
111/12/10,Z39 柿子 柿餅進口 ,102.8
111/12/10,Z9 柿子 進口 ,157.5
111/12/11,459 草莓 進口 ,245.2
111/12/11,839 櫻桃 進口 ,331.0
111/12/11,919 其他 進口 ,436.8
111/12/11,C9 柑橘 進口 ,257.4
111/12/11,F9 雜柑 進口 ,458.4
111/12/11,G39 酪梨 進口 ,86.7
111/12/11,G49 奇異果 進口 ,55.2
111/12/11,O9 梨 其他進口 ,73.8
111/12/11,S49 葡萄 無子進口 ,108.3
111/12/11,S9 葡萄 進口 ,160.6
111/12/11,W9 洋香瓜 進口 ,283.3
111/12/11,X49 蘋果 金冠進口 ,124.7
111/12/11,X69 蘋果 富士進口 ,101.8
111/12/11,Z39 柿子 柿餅進口 ,104.7
111/12/13,459 草莓 進口 ,126.4
111/12/13,469 藍莓 進口 ,133.3
111/12/13,839 櫻桃 進口 ,455.0
111/12/13,849 石榴 進口 ,108.8
111/12/13,C9 柑橘 進口 ,115.6
111/12/13,F9 雜柑 進口 ,459.7
111/12/13,G49 奇異果 進口 ,71.5
111/12/13,O9 梨 其他進口 ,59.7
111/12/13,S49 葡萄 無子進口 ,137.2
111/12/13,S9 葡萄 進口 ,252.8
111/12/13,X49 蘋果 金冠進口 ,120.0
111/12/13,X59 蘋果 紅玉進口 ,213.3
111/12/13,X69 蘋果 富士進口 ,100.6
111/12/13,Z39 柿子 柿餅進口 ,118.0
111/12/14,129 椰子 剝殼進口 ,24.2
111/12/14,459 草莓 進口 ,473.2
111/12/14,469 藍莓 進口 ,133.3
111/12/14,839 櫻桃 進口 ,466.2
111/12/14,919 其他 進口 ,256.0
111/12/14,C9 柑橘 進口 ,250.7
111/12/14,F9 雜柑 進口 ,334.6
111/12/14,G49 奇異果 進口 ,123.3
111/12/14,O9 梨 其他進口 ,62.0
111/12/14,S49 葡萄 無子進口 ,113.2
111/12/14,S9 葡萄 進口 ,155.8
111/12/14,X29 蘋果 秋香進口 ,74.8
111/12/14,X49 蘋果 金冠進口 ,121.6
111/12/14,X69 蘋果 富士進口 ,133.0
111/12/14,Y39 桃子 甜桃進口 ,333.3
111/12/14,Z39 柿子 柿餅進口 ,335.4
111/12/14,Z9 柿子 進口 ,466.7
111/12/16,129 椰子 剝殼進口 ,33.3
111/12/16,459 草莓 進口 ,443.8
111/12/16,469 藍莓 進口 ,133.3
111/12/16,839 櫻桃 進口 ,549.7
111/12/16,849 石榴 進口 ,117.6
111/12/16,919 其他 進口 ,213.4
111/12/16,C9 柑橘 進口 ,283.1
111/12/16,F9 雜柑 進口 ,322.4
111/12/16,G39 酪梨 進口 ,96.4
111/12/16,G49 奇異果 進口 ,81.5
111/12/16,O9 梨 其他進口 ,58.4
111/12/16,S49 葡萄 無子進口 ,114.4
111/12/16,S9 葡萄 進口 ,372.4
111/12/16,W9 洋香瓜 進口 ,300.0
111/12/16,X09 蘋果 其他進口 ,173.5
111/12/16,X49 蘋果 金冠進口 ,111.7
111/12/16,X69 蘋果 富士進口 ,115.0
111/12/16,Z39 柿子 柿餅進口 ,400.0
111/12/16,Z9 柿子 進口 ,304.8
111/12/17,129 椰子 剝殼進口 ,38.6
111/12/17,459 草莓 進口 ,399.8
111/12/17,469 藍莓 進口 ,131.4
111/12/17,839 櫻桃 進口 ,611.0
111/12/17,919 其他 進口 ,96.7
111/12/17,C9 柑橘 進口 ,237.6
111/12/17,F9 雜柑 進口 ,442.7
111/12/17,G49 奇異果 進口 ,76.1
111/12/17,O9 梨 其他進口 ,60.2
111/12/17,S49 葡萄 無子進口 ,100.0
111/12/17,S9 葡萄 進口 ,186.8
111/12/17,W9 洋香瓜 進口 ,333.3
111/12/17,X39 蘋果 惠進口 ,110.7
111/12/17,X49 蘋果 金冠進口 ,116.1
111/12/17,X59 蘋果 紅玉進口 ,181.7
111/12/17,X69 蘋果 富士進口 ,118.8
111/12/17,Z39 柿子 柿餅進口 ,660.3
111/12/17,Z9 柿子 進口 ,460.4
111/12/18,459 草莓 進口 ,557.7
111/12/18,469 藍莓 進口 ,45.0
111/12/18,839 櫻桃 進口 ,479.8
111/12/18,919 其他 進口 ,447.4
111/12/18,C9 柑橘 進口 ,377.8
111/12/18,F9 雜柑 進口 ,173.3
111/12/18,G49 奇異果 進口 ,89.8
111/12/18,O9 梨 其他進口 ,58.2
111/12/18,S49 葡萄 無子進口 ,105.3
111/12/18,S9 葡萄 進口 ,394.2
111/12/18,X69 蘋果 富士進口 ,91.7
111/12/18,Z39 柿子 柿餅進口 ,472.9
111/12/20,459 草莓 進口 ,696.8
111/12/20,469 藍莓 進口 ,81.8
111/12/20,839 櫻桃 進口 ,449.6
111/12/20,849 石榴 進口 ,113.3
111/12/20,C9 柑橘 進口 ,204.9
111/12/20,F9 雜柑 進口 ,485.0
111/12/20,G49 奇異果 進口 ,64.0
111/12/20,O9 梨 其他進口 ,69.3
111/12/20,S49 葡萄 無子進口 ,104.9
111/12/20,S9 葡萄 進口 ,257.1
111/12/20,X59 蘋果 紅玉進口 ,176.0
111/12/20,X69 蘋果 富士進口 ,92.4
111/12/20,Z39 柿子 柿餅進口 ,517.5
111/12/21,459 草莓 進口 ,135.1
111/12/21,469 藍莓 進口 ,133.3
111/12/21,839 櫻桃 進口 ,517.9
111/12/21,919 其他 進口 ,66.7
111/12/21,C9 柑橘 進口 ,242.7
111/12/21,F9 雜柑 進口 ,302.0
111/12/21,G49 奇異果 進口 ,54.7
111/12/21,O9 梨 其他進口 ,61.4
111/12/21,S49 葡萄 無子進口 ,102.8
111/12/21,S9 葡萄 進口 ,206.1
111/12/21,X49 蘋果 金冠進口 ,119.0
111/12/21,X69 蘋果 富士進口 ,100.8
111/12/21,Z39 柿子 柿餅進口 ,133.5
111/12/22,459 草莓 進口 ,466.8
111/12/22,469 藍莓 進口 ,91.1
111/12/22,839 櫻桃 進口 ,376.6
111/12/22,919 其他 進口 ,237.3
111/12/22,C9 柑橘 進口 ,275.4
111/12/22,F9 雜柑 進口 ,547.7
111/12/22,G49 奇異果 進口 ,49.2
111/12/22,O9 梨 其他進口 ,61.1
111/12/22,S49 葡萄 無子進口 ,100.0
111/12/22,S9 葡萄 進口 ,138.5
111/12/22,X09 蘋果 其他進口 ,163.0
111/12/22,X49 蘋果 金冠進口 ,106.7
111/12/22,X69 蘋果 富士進口 ,92.3
111/12/22,Z39 柿子 柿餅進口 ,549.8
111/12/23,459 草莓 進口 ,471.8
111/12/23,469 藍莓 進口 ,131.0
111/12/23,839 櫻桃 進口 ,408.5
111/12/23,919 其他 進口 ,66.7
111/12/23,C9 柑橘 進口 ,327.6
111/12/23,E9 甜橙 進口 ,22.2
111/12/23,F9 雜柑 進口 ,458.0
111/12/23,G49 奇異果 進口 ,45.7
111/12/23,O9 梨 其他進口 ,59.5
111/12/23,S49 葡萄 無子進口 ,90.7
111/12/23,S9 葡萄 進口 ,141.4
111/12/23,X09 蘋果 其他進口 ,158.5
111/12/23,X49 蘋果 金冠進口 ,144.0
111/12/23,X59 蘋果 紅玉進口 ,160.0
111/12/23,X69 蘋果 富士進口 ,99.3
111/12/23,Z39 柿子 柿餅進口 ,584.6
111/12/24,459 草莓 進口 ,540.2
111/12/24,469 藍莓 進口 ,97.6
111/12/24,839 櫻桃 進口 ,537.6
111/12/24,919 其他 進口 ,120.0
111/12/24,C9 柑橘 進口 ,410.0
111/12/24,F9 雜柑 進口 ,236.0
111/12/24,G49 奇異果 進口 ,72.8
111/12/24,O9 梨 其他進口 ,100.3
111/12/24,S49 葡萄 無子進口 ,104.6
111/12/24,S9 葡萄 進口 ,410.0
111/12/24,W9 洋香瓜 進口 ,300.0
111/12/24,X09 蘋果 其他進口 ,164.6
111/12/24,X49 蘋果 金冠進口 ,113.6
111/12/24,X59 蘋果 紅玉進口 ,186.7
111/12/24,X69 蘋果 富士進口 ,114.0
111/12/24,Z39 柿子 柿餅進口 ,459.6
111/12/25,459 草莓 進口 ,614.5
111/12/25,469 藍莓 進口 ,43.0
111/12/25,839 櫻桃 進口 ,505.2
111/12/25,C9 柑橘 進口 ,174.0
111/12/25,F9 雜柑 進口 ,499.3
111/12/25,G49 奇異果 進口 ,64.6
111/12/25,O9 梨 其他進口 ,67.2
111/12/25,S49 葡萄 無子進口 ,100.0
111/12/25,S9 葡萄 進口 ,240.8
111/12/25,W9 洋香瓜 進口 ,300.0
111/12/25,X09 蘋果 其他進口 ,173.3
111/12/25,X59 蘋果 紅玉進口 ,202.0
111/12/25,X69 蘋果 富士進口 ,103.6
111/12/25,Z39 柿子 柿餅進口 ,293.7
111/12/27,459 草莓 進口 ,629.3
111/12/27,469 藍莓 進口 ,130.2
111/12/27,839 櫻桃 進口 ,340.7
111/12/27,919 其他 進口 ,240.0
111/12/27,C9 柑橘 進口 ,448.5
111/12/27,F9 雜柑 進口 ,472.7
111/12/27,G49 奇異果 進口 ,66.6
111/12/27,O9 梨 其他進口 ,66.4
111/12/27,S9 葡萄 進口 ,324.6
111/12/27,X09 蘋果 其他進口 ,148.5
111/12/27,X49 蘋果 金冠進口 ,118.8
111/12/27,X69 蘋果 富士進口 ,116.8
111/12/27,Y39 桃子 甜桃進口 ,253.6
111/12/27,Z39 柿子 柿餅進口 ,426.8
111/12/28,459 草莓 進口 ,654.7
111/12/28,469 藍莓 進口 ,129.4
111/12/28,839 櫻桃 進口 ,485.9
111/12/28,C9 柑橘 進口 ,428.2
111/12/28,F9 雜柑 進口 ,550.4
111/12/28,G49 奇異果 進口 ,127.8
111/12/28,O9 梨 其他進口 ,96.7
111/12/28,S49 葡萄 無子進口 ,109.6
111/12/28,S9 葡萄 進口 ,454.5
111/12/28,W9 洋香瓜 進口 ,325.9
111/12/28,X09 蘋果 其他進口 ,173.3
111/12/28,X49 蘋果 金冠進口 ,113.1
111/12/28,X69 蘋果 富士進口 ,111.6
111/12/28,Z39 柿子 柿餅進口 ,458.1
111/12/29,459 草莓 進口 ,603.6
111/12/29,469 藍莓 進口 ,133.3
111/12/29,839 櫻桃 進口 ,360.2
111/12/29,859 榴槤 進口 ,113.3
111/12/29,919 其他 進口 ,97.8
111/12/29,C9 柑橘 進口 ,252.5
111/12/29,F9 雜柑 進口 ,232.0
111/12/29,G49 奇異果 進口 ,107.5
111/12/29,O9 梨 其他進口 ,112.7
111/12/29,S49 葡萄 無子進口 ,102.4
111/12/29,S9 葡萄 進口 ,275.4
111/12/29,W9 洋香瓜 進口 ,333.2
111/12/29,X09 蘋果 其他進口 ,159.4
111/12/29,X69 蘋果 富士進口 ,105.4
111/12/29,Z39 柿子 柿餅進口 ,557.2
111/12/30,459 草莓 進口 ,229.5
111/12/30,839 櫻桃 進口 ,269.8
111/12/30,919 其他 進口 ,22.2
111/12/30,C9 柑橘 進口 ,226.7
111/12/30,E9 甜橙 進口 ,10.0
111/12/30,F9 雜柑 進口 ,372.2
111/12/30,G49 奇異果 進口 ,22.0
111/12/30,O9 梨 其他進口 ,81.1
111/12/30,S49 葡萄 無子進口 ,83.3
111/12/30,S9 葡萄 進口 ,397.3
111/12/30,W9 洋香瓜 進口 ,266.7
111/12/30,X09 蘋果 其他進口 ,169.2
111/12/30,X49 蘋果 金冠進口 ,107.2
111/12/30,X69 蘋果 富士進口 ,98.1
111/12/30,X79 蘋果 陸奧進口 ,106.7
111/12/30,Z39 柿子 柿餅進口 ,173.2
111/12/31,459 草莓 進口 ,297.1
111/12/31,469 藍莓 進口 ,100.0
111/12/31,839 櫻桃 進口 ,395.0
111/12/31,919 其他 進口 ,220.0
111/12/31,C9 柑橘 進口 ,387.3
111/12/31,E9 甜橙 進口 ,10.0
111/12/31,F9 雜柑 進口 ,433.0
111/12/31,G49 奇異果 進口 ,78.6
111/12/31,O9 梨 其他進口 ,65.8
111/12/31,S49 葡萄 無子進口 ,124.0
111/12/31,S9 葡萄 進口 ,443.0
111/12/31,W9 洋香瓜 進口 ,266.7
111/12/31,X09 蘋果 其他進口 ,122.8
111/12/31,X59 蘋果 紅玉進口 ,160.0
111/12/31,X69 蘋果 富士進口 ,97.8
111/12/31,Z39 柿子 柿餅進口 ,329.0
114/01/01,459 草莓 進口 ,483.1
114/01/01,469 藍莓 進口 ,118.3
114/01/01,839 櫻桃 進口 ,336.5
114/01/01,849 石榴 進口 ,106.9
114/01/01,919 其他 進口 ,75.6
114/01/01,C9 柑橘 進口 ,239.0
114/01/01,F9 雜柑 進口 ,429.2
114/01/01,G49 奇異果 進口 ,82.0
114/01/01,O9 梨 其他進口 ,98.5
114/01/01,S9 葡萄 進口 ,320.3
114/01/01,W9 洋香瓜 進口 ,371.4
114/01/01,X09 蘋果 其他進口 ,150.2
114/01/01,X49 蘋果 金冠進口 ,93.3
114/01/01,X69 蘋果 富士進口 ,94.3
114/01/01,Y19 桃子 水蜜桃進口 ,173.3
114/01/01,Y39 桃子 甜桃進口 ,80.0
114/01/01,Y9 桃子 進口 ,260.7
114/01/01,Z39 柿子 柿餅進口 ,611.4
114/01/02,459 草莓 進口 ,308.6
114/01/02,469 藍莓 進口 ,131.2
114/01/02,839 櫻桃 進口 ,477.6
114/01/02,919 其他 進口 ,600.0
114/01/02,C9 柑橘 進口 ,348.8
114/01/02,F9 雜柑 進口 ,356.9
114/01/02,G39 酪梨 進口 ,153.3
114/01/02,G49 奇異果 進口 ,96.4
114/01/02,O9 梨 其他進口 ,226.9
114/01/02,S9 葡萄 進口 ,335.0
114/01/02,W9 洋香瓜 進口 ,372.9
114/01/02,X09 蘋果 其他進口 ,135.4
114/01/02,X49 蘋果 金冠進口 ,103.8
114/01/02,X59 蘋果 紅玉進口 ,240.0
114/01/02,X69 蘋果 富士進口 ,108.0
114/01/02,Y19 桃子 水蜜桃進口 ,180.0
114/01/02,Z39 柿子 柿餅進口 ,614.0
114/01/03,459 草莓 進口 ,282.3
114/01/03,469 藍莓 進口 ,157.7
114/01/03,839 櫻桃 進口 ,466.2
114/01/03,849 石榴 進口 ,100.0
114/01/03,919 其他 進口 ,240.0
114/01/03,C9 柑橘 進口 ,385.6
114/01/03,F9 雜柑 進口 ,374.3
114/01/03,G49 奇異果 進口 ,53.6
114/01/03,O9 梨 其他進口 ,117.3
114/01/03,S9 葡萄 進口 ,250.0
114/01/03,W9 洋香瓜 進口 ,366.7
114/01/03,X09 蘋果 其他進口 ,178.6
114/01/03,X59 蘋果 紅玉進口 ,200.0
114/01/03,X69 蘋果 富士進口 ,87.9
114/01/03,Y39 桃子 甜桃進口 ,89.9
114/01/03,Z39 柿子 柿餅進口 ,621.4
114/01/03,Z9 柿子 進口 ,831.3
114/01/04,459 草莓 進口 ,341.4
114/01/04,469 藍莓 進口 ,140.5
114/01/04,839 櫻桃 進口 ,311.5
114/01/04,849 石榴 進口 ,120.0
114/01/04,C9 柑橘 進口 ,392.7
114/01/04,F9 雜柑 進口 ,528.9
114/01/04,G49 奇異果 進口 ,62.4
114/01/04,O9 梨 其他進口 ,83.0
114/01/04,S9 葡萄 進口 ,272.7
114/01/04,X09 蘋果 其他進口 ,152.3
114/01/04,X59 蘋果 紅玉進口 ,240.0
114/01/04,X69 蘋果 富士進口 ,94.2
114/01/04,Y19 桃子 水蜜桃進口 ,170.0
114/01/04,Y39 桃子 甜桃進口 ,86.7
114/01/04,Z39 柿子 柿餅進口 ,513.9
114/01/05,459 草莓 進口 ,409.5
114/01/05,469 藍莓 進口 ,124.8
114/01/05,839 櫻桃 進口 ,277.7
114/01/05,849 石榴 進口 ,106.4
114/01/05,C9 柑橘 進口 ,391.1
114/01/05,F9 雜柑 進口 ,533.3
114/01/05,G49 奇異果 進口 ,113.8
114/01/05,O9 梨 其他進口 ,104.7
114/01/05,S49 葡萄 無子進口 ,162.1
114/01/05,S9 葡萄 進口 ,245.3
114/01/05,X59 蘋果 紅玉進口 ,240.0
114/01/05,X69 蘋果 富士進口 ,97.2
114/01/05,Y19 桃子 水蜜桃進口 ,110.0
114/01/05,Y39 桃子 甜桃進口 ,110.1
114/01/05,Y9 桃子 進口 ,266.7
114/01/05,Z39 柿子 柿餅進口 ,505.8
114/01/07,459 草莓 進口 ,427.4
114/01/07,469 藍莓 進口 ,131.2
114/01/07,839 櫻桃 進口 ,358.7
114/01/07,919 其他 進口 ,240.0
114/01/07,C9 柑橘 進口 ,252.3
114/01/07,F9 雜柑 進口 ,488.9
114/01/07,G49 奇異果 進口 ,79.0
114/01/07,O9 梨 其他進口 ,106.6
114/01/07,S49 葡萄 無子進口 ,147.9
114/01/07,S9 葡萄 進口 ,262.8
114/01/07,X09 蘋果 其他進口 ,160.0
114/01/07,X69 蘋果 富士進口 ,115.2
114/01/07,Y39 桃子 甜桃進口 ,81.7
114/01/07,Z39 柿子 柿餅進口 ,540.7
114/01/07,Z9 柿子 進口 ,200.0
114/01/08,129 椰子 剝殼進口 ,26.7
114/01/08,459 草莓 進口 ,307.0
114/01/08,469 藍莓 進口 ,131.6
114/01/08,839 櫻桃 進口 ,324.6
114/01/08,849 石榴 進口 ,106.7
114/01/08,919 其他 進口 ,142.2
114/01/08,C9 柑橘 進口 ,346.7
114/01/08,F9 雜柑 進口 ,480.7
114/01/08,G49 奇異果 進口 ,72.7
114/01/08,O9 梨 其他進口 ,93.3
114/01/08,S49 葡萄 無子進口 ,171.9
114/01/08,S9 葡萄 進口 ,248.3
114/01/08,W9 洋香瓜 進口 ,583.3
114/01/08,X09 蘋果 其他進口 ,162.2
114/01/08,X49 蘋果 金冠進口 ,93.3
114/01/08,X59 蘋果 紅玉進口 ,240.0
114/01/08,X69 蘋果 富士進口 ,115.1
114/01/08,Y39 桃子 甜桃進口 ,96.3
114/01/08,Z39 柿子 柿餅進口 ,428.6
114/01/09,459 草莓 進口 ,316.8
114/01/09,469 藍莓 進口 ,133.3
114/01/09,839 櫻桃 進口 ,389.7
114/01/09,919 其他 進口 ,141.7
114/01/09,C9 柑橘 進口 ,352.1
114/01/09,F9 雜柑 進口 ,428.6
114/01/09,G49 奇異果 進口 ,54.7
114/01/09,N9 李 進口 ,457.5
114/01/09,O9 梨 其他進口 ,234.4
114/01/09,S49 葡萄 無子進口 ,150.0
114/01/09,S9 葡萄 進口 ,283.0
114/01/09,W9 洋香瓜 進口 ,583.3
114/01/09,X09 蘋果 其他進口 ,163.5
114/01/09,X49 蘋果 金冠進口 ,93.3
114/01/09,X69 蘋果 富士進口 ,117.0
114/01/09,Y39 桃子 甜桃進口 ,72.0
114/01/09,Z39 柿子 柿餅進口 ,463.2
114/01/10,459 草莓 進口 ,412.1
114/01/10,469 藍莓 進口 ,155.5
114/01/10,839 櫻桃 進口 ,350.4
114/01/10,849 石榴 進口 ,115.0
114/01/10,919 其他 進口 ,220.0
114/01/10,C9 柑橘 進口 ,334.5
114/01/10,F9 雜柑 進口 ,333.4
114/01/10,G49 奇異果 進口 ,74.0
114/01/10,N9 李 進口 ,160.0
114/01/10,O9 梨 其他進口 ,225.6
114/01/10,S49 葡萄 無子進口 ,145.3
114/01/10,S9 葡萄 進口 ,256.5
114/01/10,W9 洋香瓜 進口 ,188.1
114/01/10,X09 蘋果 其他進口 ,102.6
114/01/10,X49 蘋果 金冠進口 ,106.7
114/01/10,X69 蘋果 富士進口 ,103.0
114/01/10,Y39 桃子 甜桃進口 ,86.7
114/01/10,Z39 柿子 柿餅進口 ,635.0
114/01/11,459 草莓 進口 ,414.7
114/01/11,469 藍莓 進口 ,55.0
114/01/11,839 櫻桃 進口 ,358.3
114/01/11,849 石榴 進口 ,110.0
114/01/11,919 其他 進口 ,455.6
114/01/11,C9 柑橘 進口 ,139.9
114/01/11,F9 雜柑 進口 ,117.0
114/01/11,G39 酪梨 進口 ,153.3
114/01/11,G49 奇異果 進口 ,58.2
114/01/11,N9 李 進口 ,404.6
114/01/11,O9 梨 其他進口 ,77.5
114/01/11,S49 葡萄 無子進口 ,133.3
114/01/11,S9 葡萄 進口 ,237.9
114/01/11,W9 洋香瓜 進口 ,244.9
114/01/11,X09 蘋果 其他進口 ,157.4
114/01/11,X49 蘋果 金冠進口 ,113.3
114/01/11,X69 蘋果 富士進口 ,96.9
114/01/11,Y9 桃子 進口 ,142.9
114/01/11,Z39 柿子 柿餅進口 ,538.6
114/01/12,459 草莓 進口 ,537.0
114/01/12,469 藍莓 進口 ,166.7
114/01/12,839 櫻桃 進口 ,316.9
114/01/12,849 石榴 進口 ,110.0
114/01/12,C9 柑橘 進口 ,458.0
114/01/12,F9 雜柑 進口 ,543.8
114/01/12,G49 奇異果 進口 ,88.9
114/01/12,N9 李 進口 ,400.0
114/01/12,O9 梨 其他進口 ,101.1
114/01/12,S49 葡萄 無子進口 ,227.6
114/01/12,S9 葡萄 進口 ,298.0
114/01/12,W9 洋香瓜 進口 ,414.9
114/01/12,X09 蘋果 其他進口 ,137.6
114/01/12,X49 蘋果 金冠進口 ,106.7
114/01/12,X59 蘋果 紅玉進口 ,240.0
114/01/12,X69 蘋果 富士進口 ,107.1
114/01/12,Y39 桃子 甜桃進口 ,89.3
114/01/12,Y9 桃子 進口 ,145.0
114/01/12,Z39 柿子 柿餅進口 ,392.7
114/01/14,459 草莓 進口 ,370.6
114/01/14,469 藍莓 進口 ,118.8
114/01/14,839 櫻桃 進口 ,360.9
114/01/14,919 其他 進口 ,200.0
114/01/14,C9 柑橘 進口 ,278.9
114/01/14,F9 雜柑 進口 ,298.9
114/01/14,G49 奇異果 進口 ,70.1
114/01/14,N9 李 進口 ,298.8
114/01/14,O9 梨 其他進口 ,122.3
114/01/14,S49 葡萄 無子進口 ,151.7
114/01/14,S9 葡萄 進口 ,258.6
114/01/14,W9 洋香瓜 進口 ,307.4
114/01/14,X09 蘋果 其他進口 ,166.2
114/01/14,X49 蘋果 金冠進口 ,106.7
114/01/14,X59 蘋果 紅玉進口 ,240.0
114/01/14,X69 蘋果 富士進口 ,127.3
114/01/14,Y39 桃子 甜桃進口 ,71.5
114/01/14,Z39 柿子 柿餅進口 ,505.7
114/01/15,459 草莓 進口 ,290.5
114/01/15,469 藍莓 進口 ,126.1
114/01/15,839 櫻桃 進口 ,345.9
114/01/15,849 石榴 進口 ,120.0
114/01/15,919 其他 進口 ,1066.7
114/01/15,C9 柑橘 進口 ,394.1
114/01/15,F9 雜柑 進口 ,415.6
114/01/15,G49 奇異果 進口 ,53.2
114/01/15,O9 梨 其他進口 ,102.9
114/01/15,S9 葡萄 進口 ,269.8
114/01/15,W9 洋香瓜 進口 ,401.8
114/01/15,X09 蘋果 其他進口 ,293.3
114/01/15,X49 蘋果 金冠進口 ,100.0
114/01/15,X69 蘋果 富士進口 ,118.6
114/01/15,Z39 柿子 柿餅進口 ,539.4
114/01/17,459 草莓 進口 ,469.3
114/01/17,469 藍莓 進口 ,122.1
114/01/17,839 櫻桃 進口 ,394.0
114/01/17,919 其他 進口 ,253.3
114/01/17,C9 柑橘 進口 ,376.0
114/01/17,F9 雜柑 進口 ,471.8
114/01/17,G49 奇異果 進口 ,54.7
114/01/17,O9 梨 其他進口 ,101.7
114/01/17,S9 葡萄 進口 ,259.2
114/01/17,W9 洋香瓜 進口 ,851.9
114/01/17,X09 蘋果 其他進口 ,168.3
114/01/17,X49 蘋果 金冠進口 ,106.7
114/01/17,X69 蘋果 富士進口 ,117.7
114/01/17,Z39 柿子 柿餅進口 ,593.6
114/01/18,459 草莓 進口 ,481.3
114/01/18,469 藍莓 進口 ,124.9
114/01/18,839 櫻桃 進口 ,323.0
114/01/18,919 其他 進口 ,241.9
114/01/18,C9 柑橘 進口 ,427.2
114/01/18,F9 雜柑 進口 ,463.8
114/01/18,G49 奇異果 進口 ,50.0
114/01/18,N9 李 進口 ,296.3
114/01/18,O9 梨 其他進口 ,101.8
114/01/18,S9 葡萄 進口 ,262.0
114/01/18,W9 洋香瓜 進口 ,416.6
114/01/18,X09 蘋果 其他進口 ,175.4
114/01/18,X39 蘋果 惠進口 ,40.0
114/01/18,X49 蘋果 金冠進口 ,100.0
114/01/18,X59 蘋果 紅玉進口 ,377.8
114/01/18,X69 蘋果 富士進口 ,108.0
114/01/18,Y19 桃子 水蜜桃進口 ,128.0
114/01/18,Y39 桃子 甜桃進口 ,75.3
114/01/18,Z39 柿子 柿餅進口 ,627.9
114/01/19,459 草莓 進口 ,958.8
114/01/19,469 藍莓 進口 ,148.1
114/01/19,839 櫻桃 進口 ,285.7
114/01/19,859 榴槤 進口 ,200.0
114/01/19,C9 柑橘 進口 ,442.2
114/01/19,G49 奇異果 進口 ,88.9
114/01/19,O9 梨 其他進口 ,105.1
114/01/19,S9 葡萄 進口 ,226.3
114/01/19,W9 洋香瓜 進口 ,546.3
114/01/19,X09 蘋果 其他進口 ,180.2
114/01/19,X49 蘋果 金冠進口 ,107.3
114/01/19,X59 蘋果 紅玉進口 ,240.0
114/01/19,X69 蘋果 富士進口 ,120.3
114/01/19,Y19 桃子 水蜜桃進口 ,86.7
114/01/19,Y39 桃子 甜桃進口 ,92.7
114/01/19,Z39 柿子 柿餅進口 ,713.2
114/01/21,459 草莓 進口 ,434.6
114/01/21,469 藍莓 進口 ,164.9
114/01/21,839 櫻桃 進口 ,331.6
114/01/21,849 石榴 進口 ,103.6
114/01/21,919 其他 進口 ,209.5
114/01/21,C9 柑橘 進口 ,430.3
114/01/21,F9 雜柑 進口 ,449.3
114/01/21,G49 奇異果 進口 ,77.3
114/01/21,N9 李 進口 ,335.9
114/01/21,O9 梨 其他進口 ,88.5
114/01/21,S9 葡萄 進口 ,271.1
114/01/21,W9 洋香瓜 進口 ,416.7
114/01/21,X09 蘋果 其他進口 ,156.5
114/01/21,X69 蘋果 富士進口 ,106.6
114/01/21,Y39 桃子 甜桃進口 ,83.8
114/01/21,Z39 柿子 柿餅進口 ,461.5
114/01/22,459 草莓 進口 ,542.3
114/01/22,469 藍莓 進口 ,137.8
114/01/22,839 櫻桃 進口 ,322.4
114/01/22,849 石榴 進口 ,115.6
114/01/22,919 其他 進口 ,600.0
114/01/22,C9 柑橘 進口 ,449.7
114/01/22,F9 雜柑 進口 ,663.7
114/01/22,G49 奇異果 進口 ,77.4
114/01/22,N9 李 進口 ,130.0
114/01/22,O9 梨 其他進口 ,97.8
114/01/22,S49 葡萄 無子進口 ,143.5
114/01/22,S9 葡萄 進口 ,264.4
114/01/22,W9 洋香瓜 進口 ,343.0
114/01/22,X09 蘋果 其他進口 ,162.1
114/01/22,X49 蘋果 金冠進口 ,106.7
114/01/22,X69 蘋果 富士進口 ,102.3
114/01/22,Y39 桃子 甜桃進口 ,69.8
114/01/22,Z39 柿子 柿餅進口 ,395.7
114/01/23,459 草莓 進口 ,492.6
114/01/23,469 藍莓 進口 ,164.6
114/01/23,839 櫻桃 進口 ,342.0
114/01/23,859 榴槤 進口 ,266.6
114/01/23,C9 柑橘 進口 ,462.4
114/01/23,E9 甜橙 進口 ,40.0
114/01/23,F9 雜柑 進口 ,444.8
114/01/23,G49 奇異果 進口 ,66.7
114/01/23,N9 李 進口 ,333.3
114/01/23,O9 梨 其他進口 ,280.0
114/01/23,S49 葡萄 無子進口 ,147.4
114/01/23,S9 葡萄 進口 ,236.0
114/01/23,W9 洋香瓜 進口 ,487.4
114/01/23,X09 蘋果 其他進口 ,154.5
114/01/23,X49 蘋果 金冠進口 ,99.5
114/01/23,X69 蘋果 富士進口 ,91.0
114/01/23,Y19 桃子 水蜜桃進口 ,103.8
114/01/23,Y39 桃子 甜桃進口 ,81.5
114/01/23,Z39 柿子 柿餅進口 ,512.1
114/01/24,459 草莓 進口 ,519.3
114/01/24,469 藍莓 進口 ,160.4
114/01/24,839 櫻桃 進口 ,308.3
114/01/24,919 其他 進口 ,45.4
114/01/24,C9 柑橘 進口 ,323.6
114/01/24,F9 雜柑 進口 ,463.7
114/01/24,G49 奇異果 進口 ,65.9
114/01/24,N9 李 進口 ,250.0
114/01/24,O9 梨 其他進口 ,78.2
114/01/24,S49 葡萄 無子進口 ,166.7
114/01/24,S9 葡萄 進口 ,220.0
114/01/24,W9 洋香瓜 進口 ,1266.7
114/01/24,X09 蘋果 其他進口 ,169.2
114/01/24,X49 蘋果 金冠進口 ,93.3
114/01/24,X69 蘋果 富士進口 ,100.6
114/01/24,Z39 柿子 柿餅進口 ,559.6
114/01/25,459 草莓 進口 ,557.7
114/01/25,469 藍莓 進口 ,100.8
114/01/25,839 櫻桃 進口 ,269.6
114/01/25,C9 柑橘 進口 ,397.7
114/01/25,E9 甜橙 進口 ,26.7
114/01/25,F9 雜柑 進口 ,443.6
114/01/25,G49 奇異果 進口 ,99.6
114/01/25,N9 李 進口 ,264.7
114/01/25,O9 梨 其他進口 ,104.6
114/01/25,S49 葡萄 無子進口 ,166.7
114/01/25,S9 葡萄 進口 ,227.9
114/01/25,W9 洋香瓜 進口 ,356.2
114/01/25,X09 蘋果 其他進口 ,147.7
114/01/25,X49 蘋果 金冠進口 ,94.0
114/01/25,X69 蘋果 富士進口 ,92.4
114/01/25,Z39 柿子 柿餅進口 ,516.7
114/01/26,459 草莓 進口 ,509.4
114/01/26,469 藍莓 進口 ,163.0
114/01/26,839 櫻桃 進口 ,261.0
114/01/26,919 其他 進口 ,144.7
114/01/26,C9 柑橘 進口 ,369.5
114/01/26,F9 雜柑 進口 ,417.9
114/01/26,N9 李 進口 ,177.8
114/01/26,O9 梨 其他進口 ,107.4
114/01/26,S49 葡萄 無子進口 ,162.3
114/01/26,S9 葡萄 進口 ,233.1
114/01/26,W9 洋香瓜 進口 ,416.7
114/01/26,X09 蘋果 其他進口 ,66.7
114/01/26,X69 蘋果 富士進口 ,91.8
114/01/26,Y39 桃子 甜桃進口 ,78.4
114/01/26,Z39 柿子 柿餅進口 ,469.6
114/01/27,459 草莓 進口 ,523.1
114/01/27,469 藍莓 進口 ,166.6
114/01/27,839 櫻桃 進口 ,294.4
114/01/27,919 其他 進口 ,600.0
114/01/27,C9 柑橘 進口 ,266.7
114/01/27,F9 雜柑 進口 ,443.0
114/01/27,O9 梨 其他進口 ,88.9
114/01/27,S49 葡萄 無子進口 ,168.8
114/01/27,S9 葡萄 進口 ,218.8
114/01/27,W9 洋香瓜 進口 ,216.7
114/01/27,X09 蘋果 其他進口 ,109.5
114/01/27,X69 蘋果 富士進口 ,80.5
114/01/27,Z39 柿子 柿餅進口 ,465.3
114/01/28,459 草莓 進口 ,494.3
114/01/28,839 櫻桃 進口 ,218.2
114/01/28,919 其他 進口 ,603.8
114/01/28,C9 柑橘 進口 ,234.5
114/01/28,F9 雜柑 進口 ,478.4
114/01/28,G49 奇異果 進口 ,61.8
114/01/28,O9 梨 其他進口 ,88.9
114/01/28,S9 葡萄 進口 ,826.7
114/01/28,X69 蘋果 富士進口 ,95.4
114/01/28,Z39 柿子 柿餅進口 ,506.9
114/02/03,469 藍莓 進口 ,166.7
114/02/03,839 櫻桃 進口 ,224.7
114/02/03,919 其他 進口 ,173.4
114/02/03,C9 柑橘 進口 ,300.0
114/02/03,F9 雜柑 進口 ,401.3
114/02/03,G49 奇異果 進口 ,66.7
114/02/03,N9 李 進口 ,266.7
114/02/03,O9 梨 其他進口 ,83.1
114/02/03,S9 葡萄 進口 ,509.7
114/02/03,W9 洋香瓜 進口 ,518.5
114/02/03,X69 蘋果 富士進口 ,60.3
114/02/03,Y39 桃子 甜桃進口 ,150.0
114/02/03,Y9 桃子 進口 ,195.0
114/02/03,Z39 柿子 柿餅進口 ,503.9
114/02/04,459 草莓 進口 ,530.8
114/02/04,839 櫻桃 進口 ,328.7
114/02/04,849 石榴 進口 ,111.1
114/02/04,919 其他 進口 ,200.0
114/02/04,C9 柑橘 進口 ,386.7
114/02/04,F9 雜柑 進口 ,82.6
114/02/04,G49 奇異果 進口 ,66.7
114/02/04,N9 李 進口 ,211.9
114/02/04,S49 葡萄 無子進口 ,149.6
114/02/04,S9 葡萄 進口 ,189.9
114/02/04,W9 洋香瓜 進口 ,222.2
114/02/04,X49 蘋果 金冠進口 ,45.3
114/02/04,X69 蘋果 富士進口 ,55.0
114/02/04,Y39 桃子 甜桃進口 ,84.9
114/02/04,Z39 柿子 柿餅進口 ,474.7
114/02/05,459 草莓 進口 ,460.4
114/02/05,469 藍莓 進口 ,164.6
114/02/05,839 櫻桃 進口 ,267.3
114/02/05,C9 柑橘 進口 ,361.9
114/02/05,F9 雜柑 進口 ,444.0
114/02/05,G49 奇異果 進口 ,59.8
114/02/05,N9 李 進口 ,186.2
114/02/05,O9 梨 其他進口 ,88.9
114/02/05,S49 葡萄 無子進口 ,165.2
114/02/05,S9 葡萄 進口 ,225.7
114/02/05,W9 洋香瓜 進口 ,216.6
114/02/05,X69 蘋果 富士進口 ,58.2
114/02/05,Y39 桃子 甜桃進口 ,94.4
114/02/05,Z39 柿子 柿餅進口 ,428.6
114/02/07,459 草莓 進口 ,441.2
114/02/07,469 藍莓 進口 ,129.0
114/02/07,839 櫻桃 進口 ,191.8
114/02/07,919 其他 進口 ,186.7
114/02/07,C9 柑橘 進口 ,232.2
114/02/07,E9 甜橙 進口 ,89.6
114/02/07,F9 雜柑 進口 ,438.3
114/02/07,G49 奇異果 進口 ,61.1
114/02/07,S49 葡萄 無子進口 ,166.7
114/02/07,S9 葡萄 進口 ,150.4
114/02/07,W9 洋香瓜 進口 ,231.0
114/02/07,X09 蘋果 其他進口 ,100.0
114/02/07,X49 蘋果 金冠進口 ,46.7
114/02/07,X69 蘋果 富士進口 ,51.2
114/02/07,Y19 桃子 水蜜桃進口 ,122.1
114/02/07,Y39 桃子 甜桃進口 ,83.2
114/02/07,Z39 柿子 柿餅進口 ,462.5
114/02/08,459 草莓 進口 ,466.6
114/02/08,469 藍莓 進口 ,203.6
114/02/08,839 櫻桃 進口 ,400.1
114/02/08,C9 柑橘 進口 ,305.9
114/02/08,F9 雜柑 進口 ,470.7
114/02/08,G49 奇異果 進口 ,49.8
114/02/08,N9 李 進口 ,157.8
114/02/08,S49 葡萄 無子進口 ,154.2
114/02/08,S9 葡萄 進口 ,237.9
114/02/08,W9 洋香瓜 進口 ,272.2
114/02/08,X69 蘋果 富士進口 ,59.5
114/02/08,Y19 桃子 水蜜桃進口 ,40.0
114/02/08,Y39 桃子 甜桃進口 ,101.5
114/02/08,Z39 柿子 柿餅進口 ,375.5
114/02/09,459 草莓 進口 ,379.2
114/02/09,469 藍莓 進口 ,190.9
114/02/09,839 櫻桃 進口 ,200.4
114/02/09,919 其他 進口 ,173.3
114/02/09,C9 柑橘 進口 ,340.8
114/02/09,E9 甜橙 進口 ,48.9
114/02/09,F9 雜柑 進口 ,423.4
114/02/09,G49 奇異果 進口 ,85.4
114/02/09,N9 李 進口 ,213.3
114/02/09,O9 梨 其他進口 ,189.9
114/02/09,S49 葡萄 無子進口 ,150.2
114/02/09,S9 葡萄 進口 ,249.7
114/02/09,W9 洋香瓜 進口 ,200.0
114/02/09,X69 蘋果 富士進口 ,91.3
114/02/09,Y19 桃子 水蜜桃進口 ,110.0
114/02/09,Y39 桃子 甜桃進口 ,84.6
114/02/09,Y9 桃子 進口 ,88.9
114/02/09,Z39 柿子 柿餅進口 ,408.3
114/02/11,459 草莓 進口 ,416.4
114/02/11,469 藍莓 進口 ,146.7
114/02/11,839 櫻桃 進口 ,159.6
114/02/11,859 榴槤 進口 ,126.7
114/02/11,C9 柑橘 進口 ,255.6
114/02/11,F9 雜柑 進口 ,479.4
114/02/11,G49 奇異果 進口 ,35.0
114/02/11,N9 李 進口 ,123.1
114/02/11,O9 梨 其他進口 ,190.0
114/02/11,S49 葡萄 無子進口 ,83.3
114/02/11,S9 葡萄 進口 ,850.7
114/02/11,X69 蘋果 富士進口 ,56.6
114/02/11,Y39 桃子 甜桃進口 ,98.6
114/02/11,Z39 柿子 柿餅進口 ,466.6
114/02/12,459 草莓 進口 ,382.9
114/02/12,469 藍莓 進口 ,148.8
114/02/12,839 櫻桃 進口 ,218.0
114/02/12,C9 柑橘 進口 ,307.0
114/02/12,E9 甜橙 進口 ,48.2
114/02/12,F9 雜柑 進口 ,430.0
114/02/12,G49 奇異果 進口 ,103.4
114/02/12,N9 李 進口 ,198.9
114/02/12,S49 葡萄 無子進口 ,143.1
114/02/12,S9 葡萄 進口 ,155.2
114/02/12,W9 洋香瓜 進口 ,200.0
114/02/12,X69 蘋果 富士進口 ,67.6
114/02/12,Y39 桃子 甜桃進口 ,87.6
114/02/12,Y9 桃子 進口 ,74.1
114/02/12,Z39 柿子 柿餅進口 ,466.6
114/02/15,459 草莓 進口 ,415.0
114/02/15,469 藍莓 進口 ,187.7
114/02/15,839 櫻桃 進口 ,193.3
114/02/15,859 榴槤 進口 ,140.0
114/02/15,919 其他 進口 ,76.3
114/02/15,C9 柑橘 進口 ,373.4
114/02/15,E9 甜橙 進口 ,54.2
114/02/15,F9 雜柑 進口 ,457.2
114/02/15,G49 奇異果 進口 ,57.3
114/02/15,N9 李 進口 ,69.4
114/02/15,S49 葡萄 無子進口 ,175.9
114/02/15,S9 葡萄 進口 ,253.2
114/02/15,W9 洋香瓜 進口 ,200.0
114/02/15,X69 蘋果 富士進口 ,61.3
114/02/15,Y39 桃子 甜桃進口 ,76.1
114/02/15,Z39 柿子 柿餅進口 ,485.4
114/02/16,459 草莓 進口 ,441.8
114/02/16,469 藍莓 進口 ,160.1
114/02/16,839 櫻桃 進口 ,189.9
114/02/16,919 其他 進口 ,163.0
114/02/16,C9 柑橘 進口 ,481.1
114/02/16,E9 甜橙 進口 ,46.9
114/02/16,F9 雜柑 進口 ,389.5
114/02/16,G49 奇異果 進口 ,99.7
114/02/16,O9 梨 其他進口 ,186.7
114/02/16,S49 葡萄 無子進口 ,166.7
114/02/16,S9 葡萄 進口 ,239.0
114/02/16,W9 洋香瓜 進口 ,400.0
114/02/16,X69 蘋果 富士進口 ,67.8
114/02/16,Y39 桃子 甜桃進口 ,80.0
114/02/16,Z39 柿子 柿餅進口 ,466.6
114/02/18,459 草莓 進口 ,443.6
114/02/18,469 藍莓 進口 ,140.8
114/02/18,839 櫻桃 進口 ,222.0
114/02/18,859 榴槤 進口 ,112.0
114/02/18,919 其他 進口 ,207.6
114/02/18,C9 柑橘 進口 ,373.4
114/02/18,F9 雜柑 進口 ,69.4
114/02/18,G39 酪梨 進口 ,146.7
114/02/18,G49 奇異果 進口 ,73.2
114/02/18,N9 李 進口 ,141.1
114/02/18,O9 梨 其他進口 ,140.0
114/02/18,O99 梨 西洋梨進口 ,80.7
114/02/18,S49 葡萄 無子進口 ,164.5
114/02/18,S9 葡萄 進口 ,153.2
114/02/18,W9 洋香瓜 進口 ,272.2
114/02/18,X69 蘋果 富士進口 ,51.9
114/02/18,Y39 桃子 甜桃進口 ,79.4
114/02/18,Y9 桃子 進口 ,200.0
114/02/18,Z39 柿子 柿餅進口 ,411.1
114/02/19,459 草莓 進口 ,385.6
114/02/19,469 藍莓 進口 ,266.7
114/02/19,839 櫻桃 進口 ,242.8
114/02/19,919 其他 進口 ,198.1
114/02/19,C9 柑橘 進口 ,33.3
114/02/19,E9 甜橙 進口 ,47.7
114/02/19,F9 雜柑 進口 ,116.1
114/02/19,G39 酪梨 進口 ,146.7
114/02/19,G49 奇異果 進口 ,58.4
114/02/19,N9 李 進口 ,75.0
114/02/19,O9 梨 其他進口 ,136.5
114/02/19,O99 梨 西洋梨進口 ,83.3
114/02/19,S9 葡萄 進口 ,284.1
114/02/19,W9 洋香瓜 進口 ,200.0
114/02/19,X69 蘋果 富士進口 ,64.0
114/02/19,Y19 桃子 水蜜桃進口 ,88.9
114/02/19,Y39 桃子 甜桃進口 ,73.8
114/02/19,Z39 柿子 柿餅進口 ,393.3
114/02/20,459 草莓 進口 ,395.1
114/02/20,469 藍莓 進口 ,166.7
114/02/20,839 櫻桃 進口 ,222.1
114/02/20,859 榴槤 進口 ,106.7
114/02/20,919 其他 進口 ,233.4
114/02/20,C9 柑橘 進口 ,92.2
114/02/20,E9 甜橙 進口 ,45.8
114/02/20,F9 雜柑 進口 ,451.4
114/02/20,G49 奇異果 進口 ,80.7
114/02/20,N9 李 進口 ,166.8
114/02/20,O9 梨 其他進口 ,213.4
114/02/20,O99 梨 西洋梨進口 ,88.9
114/02/20,S9 葡萄 進口 ,281.8
114/02/20,W9 洋香瓜 進口 ,416.7
114/02/20,X69 蘋果 富士進口 ,65.5
114/02/20,Y39 桃子 甜桃進口 ,67.5
114/02/21,459 草莓 進口 ,440.1
114/02/21,469 藍莓 進口 ,182.0
114/02/21,839 櫻桃 進口 ,256.8
114/02/21,859 榴槤 進口 ,106.7
114/02/21,919 其他 進口 ,62.7
114/02/21,C9 柑橘 進口 ,144.0
114/02/21,E9 甜橙 進口 ,54.3
114/02/21,F9 雜柑 進口 ,419.9
114/02/21,G49 奇異果 進口 ,45.0
114/02/21,N9 李 進口 ,170.2
114/02/21,S9 葡萄 進口 ,107.9
114/02/21,W9 洋香瓜 進口 ,200.0
114/02/21,X69 蘋果 富士進口 ,62.1
114/02/21,Y39 桃子 甜桃進口 ,71.0
114/02/21,Y9 桃子 進口 ,186.7
114/02/21,Z39 柿子 柿餅進口 ,400.0
114/02/22,459 草莓 進口 ,604.5
114/02/22,469 藍莓 進口 ,198.3
114/02/22,839 櫻桃 進口 ,170.9
114/02/22,859 榴槤 進口 ,100.0
114/02/22,919 其他 進口 ,200.0
114/02/22,C9 柑橘 進口 ,30.1
114/02/22,E9 甜橙 進口 ,47.6
114/02/22,G49 奇異果 進口 ,45.7
114/02/22,N9 李 進口 ,160.0
114/02/22,S49 葡萄 無子進口 ,107.0
114/02/22,S9 葡萄 進口 ,221.8
114/02/22,X69 蘋果 富士進口 ,52.1
114/02/22,Y39 桃子 甜桃進口 ,87.7
114/02/22,Z39 柿子 柿餅進口 ,366.7
114/02/23,459 草莓 進口 ,440.5
114/02/23,469 藍莓 進口 ,154.4
114/02/23,839 櫻桃 進口 ,127.0
114/02/23,919 其他 進口 ,167.2
114/02/23,C9 柑橘 進口 ,208.6
114/02/23,E9 甜橙 進口 ,56.7
114/02/23,F9 雜柑 進口 ,446.4
114/02/23,G49 奇異果 進口 ,95.4
114/02/23,N9 李 進口 ,106.7
114/02/23,S49 葡萄 無子進口 ,157.8
114/02/23,S9 葡萄 進口 ,156.8
114/02/23,X69 蘋果 富士進口 ,63.5
114/02/23,Y19 桃子 水蜜桃進口 ,70.3
114/02/23,Y39 桃子 甜桃進口 ,102.6
114/02/23,Y9 桃子 進口 ,206.3
114/02/23,Z39 柿子 柿餅進口 ,396.7
114/02/25,459 草莓 進口 ,496.4
114/02/25,469 藍莓 進口 ,162.5
114/02/25,839 櫻桃 進口 ,176.4
114/02/25,859 榴槤 進口 ,106.7
114/02/25,919 其他 進口 ,1000.0
114/02/25,C9 柑橘 進口 ,369.5
114/02/25,E9 甜橙 進口 ,50.6
114/02/25,G49 奇異果 進口 ,37.7
114/02/25,N9 李 進口 ,78.4
114/02/25,S49 葡萄 無子進口 ,166.2
114/02/25,S9 葡萄 進口 ,217.7
114/02/25,W9 洋香瓜 進口 ,200.0
114/02/25,X69 蘋果 富士進口 ,74.6
114/02/25,Y39 桃子 甜桃進口 ,73.4
114/02/25,Y9 桃子 進口 ,133.3
114/02/25,Z39 柿子 柿餅進口 ,400.0
114/02/26,459 草莓 進口 ,582.4
114/02/26,469 藍莓 進口 ,82.4
114/02/26,839 櫻桃 進口 ,133.7
114/02/26,859 榴槤 進口 ,120.0
114/02/26,C9 柑橘 進口 ,180.2
114/02/26,E9 甜橙 進口 ,145.5
114/02/26,F9 雜柑 進口 ,416.6
114/02/26,G49 奇異果 進口 ,116.4
114/02/26,N9 李 進口 ,56.2
114/02/26,O9 梨 其他進口 ,169.2
114/02/26,S49 葡萄 無子進口 ,145.7
114/02/26,S9 葡萄 進口 ,165.0
114/02/26,X69 蘋果 富士進口 ,54.0
114/02/26,Y19 桃子 水蜜桃進口 ,130.0
114/02/26,Y39 桃子 甜桃進口 ,63.6
114/02/26,Z39 柿子 柿餅進口 ,383.3
114/02/27,129 椰子 剝殼進口 ,39.0
114/02/27,459 草莓 進口 ,514.4
114/02/27,469 藍莓 進口 ,194.0
114/02/27,839 櫻桃 進口 ,141.1
114/02/27,859 榴槤 進口 ,100.0
114/02/27,919 其他 進口 ,133.4
114/02/27,C9 柑橘 進口 ,410.9
114/02/27,E9 甜橙 進口 ,47.4
114/02/27,F9 雜柑 進口 ,420.0
114/02/27,G49 奇異果 進口 ,91.0
114/02/27,N9 李 進口 ,139.2
114/02/27,S49 葡萄 無子進口 ,153.1
114/02/27,S9 葡萄 進口 ,176.9
114/02/27,X29 蘋果 秋香進口 ,57.8
114/02/27,X49 蘋果 金冠進口 ,157.6
114/02/27,X69 蘋果 富士進口 ,53.5
114/02/27,Y19 桃子 水蜜桃進口 ,130.0
114/02/27,Y39 桃子 甜桃進口 ,73.8
114/02/27,Z39 柿子 柿餅進口 ,357.4
114/02/28,459 草莓 進口 ,514.9
114/02/28,469 藍莓 進口 ,102.3
114/02/28,839 櫻桃 進口 ,197.5
114/02/28,859 榴槤 進口 ,106.7
114/02/28,919 其他 進口 ,181.2
114/02/28,C9 柑橘 進口 ,94.9
114/02/28,E9 甜橙 進口 ,150.0
114/02/28,G49 奇異果 進口 ,49.1
114/02/28,N9 李 進口 ,160.0
114/02/28,S49 葡萄 無子進口 ,146.6
114/02/28,S9 葡萄 進口 ,208.1
114/02/28,X69 蘋果 富士進口 ,53.8
114/02/28,Y19 桃子 水蜜桃進口 ,55.0
114/02/28,Y39 桃子 甜桃進口 ,82.1
114/02/28,Z39 柿子 柿餅進口 ,285.7
114/03/01,129 椰子 剝殼進口 ,95.0
114/03/01,459 草莓 進口 ,491.7
114/03/01,839 櫻桃 進口 ,285.0
114/03/01,919 其他 進口 ,46.7
114/03/01,C9 柑橘 進口 ,407.0
114/03/01,E9 甜橙 進口 ,145.7
114/03/01,F9 雜柑 進口 ,418.5
114/03/01,G49 奇異果 進口 ,108.6
114/03/01,N9 李 進口 ,90.3
114/03/01,O9 梨 其他進口 ,85.3
114/03/01,S49 葡萄 無子進口 ,80.0
114/03/01,S9 葡萄 進口 ,185.8
114/03/01,X69 蘋果 富士進口 ,57.9
114/03/01,Y19 桃子 水蜜桃進口 ,120.0
114/03/01,Y39 桃子 甜桃進口 ,81.7
114/03/01,Z39 柿子 柿餅進口 ,307.1
114/03/02,459 草莓 進口 ,566.3
114/03/02,469 藍莓 進口 ,20.0
114/03/02,839 櫻桃 進口 ,289.2
114/03/02,919 其他 進口 ,200.0
114/03/02,F9 雜柑 進口 ,471.2
114/03/02,G49 奇異果 進口 ,88.9
114/03/02,N9 李 進口 ,59.3
114/03/02,O9 梨 其他進口 ,80.0
114/03/02,S49 葡萄 無子進口 ,88.9
114/03/02,S9 葡萄 進口 ,162.7
114/03/02,X69 蘋果 富士進口 ,60.0
114/03/02,Y39 桃子 甜桃進口 ,77.9
114/03/02,Z39 柿子 柿餅進口 ,400.0
114/03/04,459 草莓 進口 ,421.1
114/03/04,469 藍莓 進口 ,179.1
114/03/04,839 櫻桃 進口 ,227.0
114/03/04,919 其他 進口 ,223.8
114/03/04,C9 柑橘 進口 ,141.4
114/03/04,E9 甜橙 進口 ,46.8
114/03/04,F9 雜柑 進口 ,326.4
114/03/04,G49 奇異果 進口 ,116.3
114/03/04,N9 李 進口 ,56.0
114/03/04,O9 梨 其他進口 ,144.8
114/03/04,O99 梨 西洋梨進口 ,80.2
114/03/04,S49 葡萄 無子進口 ,136.4
114/03/04,S9 葡萄 進口 ,166.9
114/03/04,X69 蘋果 富士進口 ,64.4
114/03/04,Y19 桃子 水蜜桃進口 ,66.7
114/03/04,Y39 桃子 甜桃進口 ,71.5
114/03/04,Z39 柿子 柿餅進口 ,338.5
114/03/05,459 草莓 進口 ,504.0
114/03/05,469 藍莓 進口 ,154.3
114/03/05,839 櫻桃 進口 ,194.3
114/03/05,919 其他 進口 ,213.3
114/03/05,C9 柑橘 進口 ,80.9
114/03/05,E9 甜橙 進口 ,155.0
114/03/05,G49 奇異果 進口 ,70.1
114/03/05,N9 李 進口 ,72.4
114/03/05,O9 梨 其他進口 ,227.7
114/03/05,O99 梨 西洋梨進口 ,82.6
114/03/05,S49 葡萄 無子進口 ,146.7
114/03/05,S9 葡萄 進口 ,153.0
114/03/05,W9 洋香瓜 進口 ,363.2
114/03/05,X69 蘋果 富士進口 ,63.3
114/03/05,Y19 桃子 水蜜桃進口 ,130.0
114/03/05,Y39 桃子 甜桃進口 ,84.0
114/03/05,Z39 柿子 柿餅進口 ,333.4
114/03/07,459 草莓 進口 ,405.0
114/03/07,469 藍莓 進口 ,161.4
114/03/07,839 櫻桃 進口 ,176.0
114/03/07,859 榴槤 進口 ,106.7
114/03/07,919 其他 進口 ,186.7
114/03/07,C9 柑橘 進口 ,85.5
114/03/07,E9 甜橙 進口 ,47.4
114/03/07,F9 雜柑 進口 ,101.9
114/03/07,G49 奇異果 進口 ,105.8
114/03/07,N9 李 進口 ,113.8
114/03/07,O9 梨 其他進口 ,105.7
114/03/07,O99 梨 西洋梨進口 ,61.8
114/03/07,S49 葡萄 無子進口 ,127.9
114/03/07,S9 葡萄 進口 ,163.6
114/03/07,W9 洋香瓜 進口 ,262.9
114/03/07,X59 蘋果 紅玉進口 ,106.7
114/03/07,X69 蘋果 富士進口 ,75.6
114/03/07,Y39 桃子 甜桃進口 ,60.6
114/03/07,Z39 柿子 柿餅進口 ,45.5
114/03/08,459 草莓 進口 ,494.1
114/03/08,469 藍莓 進口 ,131.1
114/03/08,839 櫻桃 進口 ,165.3
114/03/08,859 榴槤 進口 ,366.6
114/03/08,919 其他 進口 ,53.3
114/03/08,C9 柑橘 進口 ,185.2
114/03/08,E9 甜橙 進口 ,44.4
114/03/08,G49 奇異果 進口 ,194.4
114/03/08,N9 李 進口 ,62.5
114/03/08,O9 梨 其他進口 ,181.8
114/03/08,S49 葡萄 無子進口 ,108.3
114/03/08,S9 葡萄 進口 ,166.0
114/03/08,W9 洋香瓜 進口 ,231.0
114/03/08,X69 蘋果 富士進口 ,79.6
114/03/08,Y39 桃子 甜桃進口 ,94.5
114/03/08,Z39 柿子 柿餅進口 ,333.4
114/03/09,459 草莓 進口 ,406.8
114/03/09,469 藍莓 進口 ,54.5
114/03/09,839 櫻桃 進口 ,100.4
114/03/09,919 其他 進口 ,328.9
114/03/09,C9 柑橘 進口 ,244.2
114/03/09,E9 甜橙 進口 ,43.3
114/03/09,F9 雜柑 進口 ,446.6
114/03/09,G49 奇異果 進口 ,271.8
114/03/09,N9 李 進口 ,109.3
114/03/09,O9 梨 其他進口 ,148.2
114/03/09,O99 梨 西洋梨進口 ,130.0
114/03/09,S49 葡萄 無子進口 ,122.6
114/03/09,S9 葡萄 進口 ,105.6
114/03/09,X69 蘋果 富士進口 ,68.6
114/03/09,Y19 桃子 水蜜桃進口 ,88.3
114/03/09,Y39 桃子 甜桃進口 ,101.8
114/03/09,Z39 柿子 柿餅進口 ,300.0
114/03/11,229 棗子 進口 ,150.0
114/03/11,459 草莓 進口 ,520.0
114/03/11,469 藍莓 進口 ,137.8
114/03/11,829 蜜棗 進口 ,83.4
114/03/11,839 櫻桃 進口 ,182.6
114/03/11,859 榴槤 進口 ,106.7
114/03/11,919 其他 進口 ,172.7
114/03/11,C9 柑橘 進口 ,90.0
114/03/11,E9 甜橙 進口 ,45.7
114/03/11,F9 雜柑 進口 ,506.7
114/03/11,G39 酪梨 進口 ,186.7
114/03/11,N9 李 進口 ,58.5
114/03/11,O9 梨 其他進口 ,100.7
114/03/11,O99 梨 西洋梨進口 ,51.6
114/03/11,S49 葡萄 無子進口 ,154.0
114/03/11,S9 葡萄 進口 ,142.9
114/03/11,W9 洋香瓜 進口 ,305.5
114/03/11,X69 蘋果 富士進口 ,68.9
114/03/11,Y39 桃子 甜桃進口 ,67.8
114/03/12,459 草莓 進口 ,525.1
114/03/12,469 藍莓 進口 ,151.0
114/03/12,829 蜜棗 進口 ,82.6
114/03/12,839 櫻桃 進口 ,156.8
114/03/12,919 其他 進口 ,213.3
114/03/12,C9 柑橘 進口 ,329.7
114/03/12,E9 甜橙 進口 ,42.9
114/03/12,F9 雜柑 進口 ,222.8
114/03/12,G49 奇異果 進口 ,333.3
114/03/12,L9 枇杷 進口 ,800.0
114/03/12,N9 李 進口 ,98.0
114/03/12,O9 梨 其他進口 ,76.7
114/03/12,O99 梨 西洋梨進口 ,69.5
114/03/12,S49 葡萄 無子進口 ,155.4
114/03/12,S9 葡萄 進口 ,142.0
114/03/12,T9 西瓜 進口 ,26.7
114/03/12,X39 蘋果 惠進口 ,43.3
114/03/12,X69 蘋果 富士進口 ,83.0
114/03/12,Y19 桃子 水蜜桃進口 ,66.7
114/03/12,Y39 桃子 甜桃進口 ,98.5
114/03/12,Z39 柿子 柿餅進口 ,333.3
114/03/13,459 草莓 進口 ,362.5
114/03/13,469 藍莓 進口 ,60.0
114/03/13,829 蜜棗 進口 ,80.0
114/03/13,839 櫻桃 進口 ,118.1
114/03/13,C9 柑橘 進口 ,101.0
114/03/13,E9 甜橙 進口 ,42.4
114/03/13,F9 雜柑 進口 ,84.7
114/03/13,G49 奇異果 進口 ,110.2
114/03/13,N9 李 進口 ,90.9
114/03/13,O9 梨 其他進口 ,103.8
114/03/13,O99 梨 西洋梨進口 ,64.4
114/03/13,S49 葡萄 無子進口 ,135.6
114/03/13,S9 葡萄 進口 ,152.2
114/03/13,X69 蘋果 富士進口 ,63.3
114/03/13,Y39 桃子 甜桃進口 ,85.4
114/03/13,Z39 柿子 柿餅進口 ,333.3
114/03/14,459 草莓 進口 ,370.8
114/03/14,469 藍莓 進口 ,79.6
114/03/14,829 蜜棗 進口 ,80.0
114/03/14,839 櫻桃 進口 ,187.4
114/03/14,919 其他 進口 ,61.4
114/03/14,C9 柑橘 進口 ,63.6
114/03/14,E9 甜橙 進口 ,57.0
114/03/14,F9 雜柑 進口 ,800.0
114/03/14,N9 李 進口 ,93.8
114/03/14,O9 梨 其他進口 ,144.6
114/03/14,O99 梨 西洋梨進口 ,70.0
114/03/14,S49 葡萄 無子進口 ,137.6
114/03/14,S9 葡萄 進口 ,162.6
114/03/14,W9 洋香瓜 進口 ,708.4
114/03/14,X69 蘋果 富士進口 ,60.2
114/03/14,Y39 桃子 甜桃進口 ,80.5
114/03/15,459 草莓 進口 ,338.6
114/03/15,469 藍莓 進口 ,65.3
114/03/15,829 蜜棗 進口 ,95.6
114/03/15,839 櫻桃 進口 ,144.7
114/03/15,859 榴槤 進口 ,107.6
114/03/15,919 其他 進口 ,208.5
114/03/15,C9 柑橘 進口 ,94.3
114/03/15,E9 甜橙 進口 ,46.0
114/03/15,G39 酪梨 進口 ,213.3
114/03/15,G49 奇異果 進口 ,96.6
114/03/15,L9 枇杷 進口 ,701.7
114/03/15,N9 李 進口 ,117.7
114/03/15,O9 梨 其他進口 ,121.7
114/03/15,O99 梨 西洋梨進口 ,63.9
114/03/15,S49 葡萄 無子進口 ,148.6
114/03/15,S9 葡萄 進口 ,119.3
114/03/15,W9 洋香瓜 進口 ,416.8
114/03/15,X69 蘋果 富士進口 ,73.4
114/03/15,Y39 桃子 甜桃進口 ,33.0
114/03/16,459 草莓 進口 ,401.7
114/03/16,469 藍莓 進口 ,147.3
114/03/16,839 櫻桃 進口 ,134.7
114/03/16,859 榴槤 進口 ,108.2
114/03/16,C9 柑橘 進口 ,214.1
114/03/16,E9 甜橙 進口 ,49.5
114/03/16,F9 雜柑 進口 ,416.7
114/03/16,G49 奇異果 進口 ,70.0
114/03/16,N9 李 進口 ,100.0
114/03/16,O99 梨 西洋梨進口 ,120.0
114/03/16,S49 葡萄 無子進口 ,121.5
114/03/16,S9 葡萄 進口 ,129.8
114/03/16,W9 洋香瓜 進口 ,416.7
114/03/16,X39 蘋果 惠進口 ,40.7
114/03/16,X69 蘋果 富士進口 ,71.0
114/03/16,Y39 桃子 甜桃進口 ,58.3
114/03/18,459 草莓 進口 ,382.7
114/03/18,469 藍莓 進口 ,144.7
114/03/18,839 櫻桃 進口 ,224.5
114/03/18,859 榴槤 進口 ,96.1
114/03/18,919 其他 進口 ,140.6
114/03/18,C9 柑橘 進口 ,101.3
114/03/18,E9 甜橙 進口 ,51.1
114/03/18,F9 雜柑 進口 ,416.7
114/03/18,G49 奇異果 進口 ,91.4
114/03/18,L9 枇杷 進口 ,666.7
114/03/18,N9 李 進口 ,86.8
114/03/18,O9 梨 其他進口 ,124.8
114/03/18,O99 梨 西洋梨進口 ,56.2
114/03/18,S49 葡萄 無子進口 ,161.9
114/03/18,S9 葡萄 進口 ,149.4
114/03/18,T9 西瓜 進口 ,26.7
114/03/18,W9 洋香瓜 進口 ,200.0
114/03/18,X69 蘋果 富士進口 ,94.7
114/03/18,Y39 桃子 甜桃進口 ,160.0
114/03/19,459 草莓 進口 ,460.4
114/03/19,469 藍莓 進口 ,138.2
114/03/19,829 蜜棗 進口 ,87.0
114/03/19,839 櫻桃 進口 ,205.7
114/03/19,919 其他 進口 ,135.8
114/03/19,C9 柑橘 進口 ,363.4
114/03/19,E9 甜橙 進口 ,40.7
114/03/19,F9 雜柑 進口 ,577.8
114/03/19,G49 奇異果 進口 ,131.0
114/03/19,L9 枇杷 進口 ,713.3
114/03/19,N9 李 進口 ,62.7
114/03/19,O9 梨 其他進口 ,286.2
114/03/19,O99 梨 西洋梨進口 ,68.0
114/03/19,S49 葡萄 無子進口 ,102.9
114/03/19,S9 葡萄 進口 ,175.8
114/03/19,W9 洋香瓜 進口 ,416.6
114/03/19,X09 蘋果 其他進口 ,86.7
114/03/19,X69 蘋果 富士進口 ,74.0
114/03/19,Y39 桃子 甜桃進口 ,74.7
114/03/20,459 草莓 進口 ,320.4
114/03/20,469 藍莓 進口 ,62.2
114/03/20,829 蜜棗 進口 ,133.3
114/03/20,839 櫻桃 進口 ,84.6
114/03/20,859 榴槤 進口 ,100.0
114/03/20,919 其他 進口 ,167.5
114/03/20,C9 柑橘 進口 ,121.7
114/03/20,E9 甜橙 進口 ,51.3
114/03/20,F9 雜柑 進口 ,766.6
114/03/20,G49 奇異果 進口 ,244.6
114/03/20,L9 枇杷 進口 ,666.7
114/03/20,N9 李 進口 ,77.0
114/03/20,O9 梨 其他進口 ,285.0
114/03/20,S49 葡萄 無子進口 ,100.8
114/03/20,S9 葡萄 進口 ,128.5
114/03/20,W9 洋香瓜 進口 ,200.0
114/03/20,X09 蘋果 其他進口 ,66.7
114/03/20,X69 蘋果 富士進口 ,97.3
114/03/20,Y39 桃子 甜桃進口 ,46.7
114/03/21,459 草莓 進口 ,434.5
114/03/21,469 藍莓 進口 ,46.7
114/03/21,829 蜜棗 進口 ,133.3
114/03/21,839 櫻桃 進口 ,106.7
114/03/21,859 榴槤 進口 ,102.7
114/03/21,919 其他 進口 ,41.8
114/03/21,C9 柑橘 進口 ,80.2
114/03/21,E9 甜橙 進口 ,50.1
114/03/21,F9 雜柑 進口 ,664.8
114/03/21,G49 奇異果 進口 ,136.3
114/03/21,L9 枇杷 進口 ,733.4
114/03/21,N9 李 進口 ,82.7
114/03/21,O9 梨 其他進口 ,153.0
114/03/21,O99 梨 西洋梨進口 ,55.5
114/03/21,S49 葡萄 無子進口 ,151.1
114/03/21,S9 葡萄 進口 ,144.6
114/03/21,W9 洋香瓜 進口 ,416.6
114/03/21,X39 蘋果 惠進口 ,84.9
114/03/21,X69 蘋果 富士進口 ,63.9
114/03/21,Y39 桃子 甜桃進口 ,106.3
114/03/22,459 草莓 進口 ,480.3
114/03/22,839 櫻桃 進口 ,110.2
114/03/22,859 榴槤 進口 ,102.4
114/03/22,E9 甜橙 進口 ,77.8
114/03/22,F9 雜柑 進口 ,788.8
114/03/22,G39 酪梨 進口 ,246.7
114/03/22,G49 奇異果 進口 ,99.2
114/03/22,L9 枇杷 進口 ,733.0
114/03/22,N9 李 進口 ,83.9
114/03/22,O9 梨 其他進口 ,105.5
114/03/22,O99 梨 西洋梨進口 ,73.0
114/03/22,S49 葡萄 無子進口 ,127.7
114/03/22,S9 葡萄 進口 ,151.1
114/03/22,W9 洋香瓜 進口 ,200.0
114/03/22,X39 蘋果 惠進口 ,70.9
114/03/22,X69 蘋果 富士進口 ,62.8
114/03/22,Y39 桃子 甜桃進口 ,80.1
114/03/23,459 草莓 進口 ,278.0
114/03/23,469 藍莓 進口 ,34.9
114/03/23,839 櫻桃 進口 ,192.9
114/03/23,859 榴槤 進口 ,150.3
114/03/23,919 其他 進口 ,49.3
114/03/23,C9 柑橘 進口 ,82.6
114/03/23,E9 甜橙 進口 ,137.9
114/03/23,G49 奇異果 進口 ,158.1
114/03/23,N9 李 進口 ,68.0
114/03/23,O99 梨 西洋梨進口 ,55.6
114/03/23,S49 葡萄 無子進口 ,118.1
114/03/23,S9 葡萄 進口 ,152.0
114/03/23,W9 洋香瓜 進口 ,200.0
114/03/23,X69 蘋果 富士進口 ,67.0
114/03/23,Y39 桃子 甜桃進口 ,67.0
114/03/25,459 草莓 進口 ,319.0
114/03/25,469 藍莓 進口 ,192.7
114/03/25,829 蜜棗 進口 ,90.0
114/03/25,839 櫻桃 進口 ,56.7
114/03/25,859 榴槤 進口 ,154.8
114/03/25,919 其他 進口 ,59.6
114/03/25,C9 柑橘 進口 ,87.6
114/03/25,E9 甜橙 進口 ,47.5
114/03/25,F9 雜柑 進口 ,586.7
114/03/25,G49 奇異果 進口 ,75.1
114/03/25,L9 枇杷 進口 ,702.1
114/03/25,N9 李 進口 ,69.9
114/03/25,O9 梨 其他進口 ,115.2
114/03/25,O99 梨 西洋梨進口 ,50.0
114/03/25,S49 葡萄 無子進口 ,141.7
114/03/25,S9 葡萄 進口 ,138.7
114/03/25,W9 洋香瓜 進口 ,200.0
114/03/25,X69 蘋果 富士進口 ,82.1
114/03/25,Y39 桃子 甜桃進口 ,73.2
114/03/25,Y9 桃子 進口 ,133.3
114/03/26,459 草莓 進口 ,449.0
114/03/26,469 藍莓 進口 ,178.0
114/03/26,839 櫻桃 進口 ,166.7
114/03/26,859 榴槤 進口 ,131.1
114/03/26,919 其他 進口 ,322.6
114/03/26,C9 柑橘 進口 ,347.1
114/03/26,E9 甜橙 進口 ,48.8
114/03/26,G49 奇異果 進口 ,125.2
114/03/26,L9 枇杷 進口 ,698.7
114/03/26,N9 李 進口 ,98.3
114/03/26,O9 梨 其他進口 ,285.0
114/03/26,S49 葡萄 無子進口 ,104.7
114/03/26,S9 葡萄 進口 ,106.7
114/03/26,T9 西瓜 進口 ,26.7
114/03/26,W9 洋香瓜 進口 ,416.7
114/03/26,X39 蘋果 惠進口 ,36.7
114/03/26,X49 蘋果 金冠進口 ,100.0
114/03/26,X69 蘋果 富士進口 ,97.0
114/03/26,Y39 桃子 甜桃進口 ,76.0
114/03/27,459 草莓 進口 ,617.3
114/03/27,469 藍莓 進口 ,70.0
114/03/27,829 蜜棗 進口 ,116.2
114/03/27,839 櫻桃 進口 ,166.7
114/03/27,859 榴槤 進口 ,170.0
114/03/27,919 其他 進口 ,100.5
114/03/27,C9 柑橘 進口 ,82.4
114/03/27,E9 甜橙 進口 ,43.5
114/03/27,F9 雜柑 進口 ,426.6
114/03/27,G39 酪梨 進口 ,233.3
114/03/27,G49 奇異果 進口 ,121.4
114/03/27,L9 枇杷 進口 ,615.7
114/03/27,N9 李 進口 ,91.5
114/03/27,O9 梨 其他進口 ,138.1
114/03/27,S49 葡萄 無子進口 ,122.4
114/03/27,S9 葡萄 進口 ,180.2
114/03/27,W9 洋香瓜 進口 ,357.6
114/03/27,X69 蘋果 富士進口 ,96.6
114/03/27,Y39 桃子 甜桃進口 ,79.2
114/03/28,129 椰子 剝殼進口 ,53.3
114/03/28,459 草莓 進口 ,372.4
114/03/28,469 藍莓 進口 ,142.0
114/03/28,839 櫻桃 進口 ,162.6
114/03/28,859 榴槤 進口 ,138.1
114/03/28,919 其他 進口 ,451.3
114/03/28,C9 柑橘 進口 ,104.1
114/03/28,E9 甜橙 進口 ,63.4
114/03/28,F9 雜柑 進口 ,466.7
114/03/28,G39 酪梨 進口 ,221.3
114/03/28,G49 奇異果 進口 ,93.0
114/03/28,N9 李 進口 ,77.2
114/03/28,O9 梨 其他進口 ,132.2
114/03/28,S49 葡萄 無子進口 ,128.9
114/03/28,S9 葡萄 進口 ,116.1
114/03/28,W9 洋香瓜 進口 ,416.7
114/03/28,X69 蘋果 富士進口 ,120.8
114/03/28,Y19 桃子 水蜜桃進口 ,99.9
114/03/29,459 草莓 進口 ,211.2
114/03/29,469 藍莓 進口 ,154.5
114/03/29,829 蜜棗 進口 ,86.8
114/03/29,919 其他 進口 ,108.4
114/03/29,C9 柑橘 進口 ,78.4
114/03/29,E9 甜橙 進口 ,62.1
114/03/29,F9 雜柑 進口 ,82.4
114/03/29,G39 酪梨 進口 ,266.7
114/03/29,G49 奇異果 進口 ,71.0
114/03/29,L9 枇杷 進口 ,600.0
114/03/29,N9 李 進口 ,78.4
114/03/29,O9 梨 其他進口 ,130.8
114/03/29,S49 葡萄 無子進口 ,104.8
114/03/29,S9 葡萄 進口 ,95.2
114/03/29,W9 洋香瓜 進口 ,419.0
114/03/29,X69 蘋果 富士進口 ,138.0
114/03/29,Y39 桃子 甜桃進口 ,104.5
114/03/30,459 草莓 進口 ,303.6
114/03/30,469 藍莓 進口 ,68.2
114/03/30,829 蜜棗 進口 ,73.4
114/03/30,919 其他 進口 ,58.1
114/03/30,E9 甜橙 進口 ,46.2
114/03/30,G39 酪梨 進口 ,253.3
114/03/30,G49 奇異果 進口 ,107.5
114/03/30,L9 枇杷 進口 ,638.7
114/03/30,N9 李 進口 ,64.1
114/03/30,O9 梨 其他進口 ,143.5
114/03/30,O99 梨 西洋梨進口 ,54.6
114/03/30,S49 葡萄 無子進口 ,152.3
114/03/30,S9 葡萄 進口 ,114.6
114/03/30,W9 洋香瓜 進口 ,225.5
114/03/30,X39 蘋果 惠進口 ,40.0
114/03/30,X69 蘋果 富士進口 ,76.2
114/03/30,Y39 桃子 甜桃進口 ,53.1
114/04/01,459 草莓 進口 ,318.7
114/04/01,469 藍莓 進口 ,89.9
114/04/01,829 蜜棗 進口 ,52.1
114/04/01,859 榴槤 進口 ,106.7
114/04/01,C9 柑橘 進口 ,423.8
114/04/01,E9 甜橙 進口 ,43.4
114/04/01,G39 酪梨 進口 ,233.3
114/04/01,G49 奇異果 進口 ,88.4
114/04/01,L9 枇杷 進口 ,654.2
114/04/01,N9 李 進口 ,103.1
114/04/01,O9 梨 其他進口 ,110.0
114/04/01,S49 葡萄 無子進口 ,135.1
114/04/01,S9 葡萄 進口 ,116.3
114/04/01,X09 蘋果 其他進口 ,106.7
114/04/01,X39 蘋果 惠進口 ,40.0
114/04/01,X69 蘋果 富士進口 ,71.6
114/04/01,Y39 桃子 甜桃進口 ,79.5
114/04/01,Y9 桃子 進口 ,30.0
114/04/02,459 草莓 進口 ,374.8
114/04/02,469 藍莓 進口 ,143.5
114/04/02,829 蜜棗 進口 ,48.0
114/04/02,859 榴槤 進口 ,266.7
114/04/02,919 其他 進口 ,213.3
114/04/02,C9 柑橘 進口 ,228.3
114/04/02,E9 甜橙 進口 ,42.7
114/04/02,F9 雜柑 進口 ,1533.2
114/04/02,G39 酪梨 進口 ,233.3
114/04/02,G49 奇異果 進口 ,69.5
114/04/02,L9 枇杷 進口 ,622.2
114/04/02,N9 李 進口 ,100.0
114/04/02,O9 梨 其他進口 ,120.0
114/04/02,S49 葡萄 無子進口 ,86.0
114/04/02,S9 葡萄 進口 ,127.3
114/04/02,X49 蘋果 金冠進口 ,130.5
114/04/02,X69 蘋果 富士進口 ,73.9
114/04/02,Y39 桃子 甜桃進口 ,90.3
114/04/03,459 草莓 進口 ,434.6
114/04/03,469 藍莓 進口 ,113.4
114/04/03,829 蜜棗 進口 ,60.0
114/04/03,859 榴槤 進口 ,280.0
114/04/03,919 其他 進口 ,53.2
114/04/03,C9 柑橘 進口 ,160.6
114/04/03,E9 甜橙 進口 ,41.9
114/04/03,F9 雜柑 進口 ,53.3
114/04/03,G39 酪梨 進口 ,233.3
114/04/03,G49 奇異果 進口 ,121.2
114/04/03,L9 枇杷 進口 ,620.5
114/04/03,N9 李 進口 ,99.4
114/04/03,O9 梨 其他進口 ,97.1
114/04/03,S49 葡萄 無子進口 ,106.7
114/04/03,S9 葡萄 進口 ,96.2
114/04/03,W9 洋香瓜 進口 ,340.5
114/04/03,X69 蘋果 富士進口 ,79.3
114/04/03,Y39 桃子 甜桃進口 ,130.0
114/04/06,459 草莓 進口 ,328.5
114/04/06,469 藍莓 進口 ,278.0
114/04/06,859 榴槤 進口 ,141.5
114/04/06,919 其他 進口 ,66.7
114/04/06,C9 柑橘 進口 ,163.4
114/04/06,E9 甜橙 進口 ,42.1
114/04/06,F9 雜柑 進口 ,58.5
114/04/06,G49 奇異果 進口 ,128.9
114/04/06,O9 梨 其他進口 ,300.0
114/04/06,O99 梨 西洋梨進口 ,55.6
114/04/06,S49 葡萄 無子進口 ,100.0
114/04/06,S9 葡萄 進口 ,103.0
114/04/06,X69 蘋果 富士進口 ,95.7
114/04/06,Y39 桃子 甜桃進口 ,29.6
114/04/08,459 草莓 進口 ,177.8
114/04/08,469 藍莓 進口 ,233.4
114/04/08,859 榴槤 進口 ,258.8
114/04/08,C9 柑橘 進口 ,87.3
114/04/08,E9 甜橙 進口 ,49.5
114/04/08,G49 奇異果 進口 ,115.9
114/04/08,N9 李 進口 ,65.3
114/04/08,O99 梨 西洋梨進口 ,62.5
114/04/08,S49 葡萄 無子進口 ,102.8
114/04/08,S9 葡萄 進口 ,106.8
114/04/08,X69 蘋果 富士進口 ,108.5
114/04/08,Y39 桃子 甜桃進口 ,64.5
114/04/09,459 草莓 進口 ,318.8
114/04/09,469 藍莓 進口 ,250.9
114/04/09,859 榴槤 進口 ,167.7
114/04/09,919 其他 進口 ,183.0
114/04/09,C9 柑橘 進口 ,100.8
114/04/09,E9 甜橙 進口 ,45.2
114/04/09,G49 奇異果 進口 ,115.1
114/04/09,L9 枇杷 進口 ,470.7
114/04/09,N9 李 進口 ,105.9
114/04/09,O9 梨 其他進口 ,110.3
114/04/09,S49 葡萄 無子進口 ,78.4
114/04/09,S9 葡萄 進口 ,94.4
114/04/09,W9 洋香瓜 進口 ,248.1
114/04/09,X39 蘋果 惠進口 ,40.0
114/04/09,X69 蘋果 富士進口 ,62.3
114/04/09,Y39 桃子 甜桃進口 ,81.0
114/04/11,459 草莓 進口 ,269.9
114/04/11,469 藍莓 進口 ,261.1
114/04/11,859 榴槤 進口 ,113.3
114/04/11,919 其他 進口 ,75.4
114/04/11,C9 柑橘 進口 ,94.4
114/04/11,E9 甜橙 進口 ,58.2
114/04/11,F9 雜柑 進口 ,766.7
114/04/11,G49 奇異果 進口 ,114.6
114/04/11,L9 枇杷 進口 ,483.3
114/04/11,N9 李 進口 ,71.6
114/04/11,O9 梨 其他進口 ,87.6
114/04/11,S49 葡萄 無子進口 ,101.3
114/04/11,S9 葡萄 進口 ,115.9
114/04/11,W9 洋香瓜 進口 ,555.5
114/04/11,X49 蘋果 金冠進口 ,66.7
114/04/11,X69 蘋果 富士進口 ,68.4
114/04/11,Y39 桃子 甜桃進口 ,63.1
114/04/12,129 椰子 剝殼進口 ,53.3
114/04/12,459 草莓 進口 ,309.6
114/04/12,469 藍莓 進口 ,316.0
114/04/12,859 榴槤 進口 ,92.5
114/04/12,919 其他 進口 ,296.8
114/04/12,C9 柑橘 進口 ,114.3
114/04/12,E9 甜橙 進口 ,44.6
114/04/12,F9 雜柑 進口 ,1533.3
114/04/12,G49 奇異果 進口 ,114.5
114/04/12,L9 枇杷 進口 ,473.0
114/04/12,N9 李 進口 ,67.9
114/04/12,O9 梨 其他進口 ,98.0
114/04/12,S49 葡萄 無子進口 ,112.0
114/04/12,S9 葡萄 進口 ,128.6
114/04/12,W9 洋香瓜 進口 ,214.4
114/04/12,X69 蘋果 富士進口 ,85.6
114/04/12,Y39 桃子 甜桃進口 ,64.1
114/04/13,459 草莓 進口 ,533.4
114/04/13,839 櫻桃 進口 ,1600.0
114/04/13,859 榴槤 進口 ,101.0
114/04/13,919 其他 進口 ,982.3
114/04/13,C9 柑橘 進口 ,95.6
114/04/13,E9 甜橙 進口 ,43.0
114/04/13,F9 雜柑 進口 ,53.3
114/04/13,G39 酪梨 進口 ,233.3
114/04/13,G49 奇異果 進口 ,121.2
114/04/13,L9 枇杷 進口 ,505.9
114/04/13,N9 李 進口 ,109.4
114/04/13,O9 梨 其他進口 ,115.6
114/04/13,S49 葡萄 無子進口 ,114.7
114/04/13,S9 葡萄 進口 ,146.1
114/04/13,W9 洋香瓜 進口 ,400.0
114/04/13,X69 蘋果 富士進口 ,91.5
114/04/15,459 草莓 進口 ,201.4
114/04/15,469 藍莓 進口 ,251.9
114/04/15,859 榴槤 進口 ,141.4
114/04/15,919 其他 進口 ,160.0
114/04/15,C9 柑橘 進口 ,97.2
114/04/15,E9 甜橙 進口 ,45.7
114/04/15,F9 雜柑 進口 ,10.0
114/04/15,G39 酪梨 進口 ,233.3
114/04/15,G49 奇異果 進口 ,113.5
114/04/15,L9 枇杷 進口 ,511.1
114/04/15,N9 李 進口 ,75.6
114/04/15,O9 梨 其他進口 ,109.4
114/04/15,S49 葡萄 無子進口 ,139.1
114/04/15,S9 葡萄 進口 ,94.8
114/04/15,W9 洋香瓜 進口 ,400.0
114/04/15,X69 蘋果 富士進口 ,72.7
114/04/16,459 草莓 進口 ,354.5
114/04/16,469 藍莓 進口 ,265.0
114/04/16,859 榴槤 進口 ,119.0
114/04/16,919 其他 進口 ,1200.0
114/04/16,C9 柑橘 進口 ,85.1
114/04/16,E9 甜橙 進口 ,48.6
114/04/16,F9 雜柑 進口 ,82.4
114/04/16,G49 奇異果 進口 ,131.3
114/04/16,L9 枇杷 進口 ,560.0
114/04/16,N9 李 進口 ,105.9
114/04/16,S49 葡萄 無子進口 ,112.6
114/04/16,S9 葡萄 進口 ,85.1
114/04/16,W9 洋香瓜 進口 ,386.1
114/04/16,X49 蘋果 金冠進口 ,133.3
114/04/16,X69 蘋果 富士進口 ,84.7
114/04/17,459 草莓 進口 ,222.2
114/04/17,469 藍莓 進口 ,285.7
114/04/17,839 櫻桃 進口 ,1333.3
114/04/17,859 榴槤 進口 ,104.4
114/04/17,919 其他 進口 ,50.6
114/04/17,C9 柑橘 進口 ,110.4
114/04/17,E9 甜橙 進口 ,62.5
114/04/17,F9 雜柑 進口 ,1533.2
114/04/17,G39 酪梨 進口 ,375.0
114/04/17,G49 奇異果 進口 ,102.2
114/04/17,L9 枇杷 進口 ,393.6
114/04/17,N9 李 進口 ,131.3
114/04/17,S49 葡萄 無子進口 ,108.8
114/04/17,S9 葡萄 進口 ,161.0
114/04/17,W9 洋香瓜 進口 ,280.0
114/04/17,X69 蘋果 富士進口 ,63.7
114/04/18,129 椰子 剝殼進口 ,66.7
114/04/18,459 草莓 進口 ,390.6
114/04/18,469 藍莓 進口 ,182.4
114/04/18,839 櫻桃 進口 ,1333.2
114/04/18,859 榴槤 進口 ,93.8
114/04/18,919 其他 進口 ,114.0
114/04/18,C9 柑橘 進口 ,103.5
114/04/18,E9 甜橙 進口 ,40.8
114/04/18,F9 雜柑 進口 ,1600.0
114/04/18,G49 奇異果 進口 ,122.0
114/04/18,L9 枇杷 進口 ,516.6
114/04/18,N9 李 進口 ,81.8
114/04/18,S49 葡萄 無子進口 ,146.4
114/04/18,S9 葡萄 進口 ,95.7
114/04/18,W9 洋香瓜 進口 ,401.5
114/04/18,X69 蘋果 富士進口 ,64.0
114/04/19,469 藍莓 進口 ,825.8
114/04/19,859 榴槤 進口 ,103.7
114/04/19,C9 柑橘 進口 ,285.0
114/04/19,E9 甜橙 進口 ,47.5
114/04/19,G39 酪梨 進口 ,370.0
114/04/19,G49 奇異果 進口 ,123.9
114/04/19,L9 枇杷 進口 ,484.4
114/04/19,N9 李 進口 ,69.1
114/04/19,O99 梨 西洋梨進口 ,56.1
114/04/19,S49 葡萄 無子進口 ,118.0
114/04/19,S9 葡萄 進口 ,97.0
114/04/19,W9 洋香瓜 進口 ,229.6
114/04/19,X49 蘋果 金冠進口 ,124.5
114/04/19,X69 蘋果 富士進口 ,78.4
114/04/19,Y39 桃子 甜桃進口 ,37.0
114/04/20,459 草莓 進口 ,325.9
114/04/20,469 藍莓 進口 ,300.0
114/04/20,859 榴槤 進口 ,161.6
114/04/20,919 其他 進口 ,854.3
114/04/20,C9 柑橘 進口 ,69.9
114/04/20,E9 甜橙 進口 ,69.3
114/04/20,G49 奇異果 進口 ,120.6
114/04/20,L9 枇杷 進口 ,546.7
114/04/20,N9 李 進口 ,130.0
114/04/20,O99 梨 西洋梨進口 ,60.4
114/04/20,S49 葡萄 無子進口 ,83.3
114/04/20,S9 葡萄 進口 ,128.4
114/04/20,W9 洋香瓜 進口 ,200.0
114/04/20,X49 蘋果 金冠進口 ,134.6
114/04/20,X69 蘋果 富士進口 ,65.2
114/04/22,459 草莓 進口 ,177.8
114/04/22,469 藍莓 進口 ,898.9
114/04/22,859 榴槤 進口 ,100.7
114/04/22,919 其他 進口 ,700.0
114/04/22,C9 柑橘 進口 ,95.3
114/04/22,E9 甜橙 進口 ,46.0
114/04/22,F9 雜柑 進口 ,52.5
114/04/22,G39 酪梨 進口 ,239.7
114/04/22,G49 奇異果 進口 ,113.6
114/04/22,L9 枇杷 進口 ,457.1
114/04/22,N9 李 進口 ,85.5
114/04/22,O9 梨 其他進口 ,111.2
114/04/22,O99 梨 西洋梨進口 ,174.8
114/04/22,S49 葡萄 無子進口 ,101.3
114/04/22,S9 葡萄 進口 ,111.2
114/04/22,W9 洋香瓜 進口 ,416.6
114/04/22,X69 蘋果 富士進口 ,71.7
114/04/23,129 椰子 剝殼進口 ,66.7
114/04/23,469 藍莓 進口 ,173.2
114/04/23,839 櫻桃 進口 ,1200.0
114/04/23,859 榴槤 進口 ,91.9
114/04/23,919 其他 進口 ,682.6
114/04/23,C9 柑橘 進口 ,107.4
114/04/23,E9 甜橙 進口 ,49.4
114/04/23,F9 雜柑 進口 ,254.6
114/04/23,G39 酪梨 進口 ,342.5
114/04/23,G49 奇異果 進口 ,114.4
114/04/23,L9 枇杷 進口 ,558.1
114/04/23,N9 李 進口 ,48.9
114/04/23,O9 梨 其他進口 ,115.0
114/04/23,S49 葡萄 無子進口 ,101.5
114/04/23,S9 葡萄 進口 ,87.8
114/04/23,W9 洋香瓜 進口 ,407.4
114/04/23,X69 蘋果 富士進口 ,75.0
114/04/24,129 椰子 剝殼進口 ,53.3
114/04/24,459 草莓 進口 ,177.8
114/04/24,469 藍莓 進口 ,1124.6
114/04/24,859 榴槤 進口 ,96.8
114/04/24,919 其他 進口 ,1066.6
114/04/24,C9 柑橘 進口 ,175.4
114/04/24,E9 甜橙 進口 ,50.8
114/04/24,F9 雜柑 進口 ,52.9
114/04/24,G39 酪梨 進口 ,200.0
114/04/24,G49 奇異果 進口 ,113.0
114/04/24,L9 枇杷 進口 ,462.9
114/04/24,N9 李 進口 ,110.0
114/04/24,O9 梨 其他進口 ,290.0
114/04/24,S49 葡萄 無子進口 ,87.6
114/04/24,S9 葡萄 進口 ,69.4
114/04/24,W9 洋香瓜 進口 ,200.0
114/04/24,X69 蘋果 富士進口 ,69.4
114/04/25,459 草莓 進口 ,129.3
114/04/25,839 櫻桃 進口 ,566.7
114/04/25,859 榴槤 進口 ,95.9
114/04/25,919 其他 進口 ,1813.3
114/04/25,C9 柑橘 進口 ,102.6
114/04/25,E9 甜橙 進口 ,45.8
114/04/25,F9 雜柑 進口 ,10.0
114/04/25,G39 酪梨 進口 ,228.2
114/04/25,G49 奇異果 進口 ,90.8
114/04/25,L9 枇杷 進口 ,533.3
114/04/25,N9 李 進口 ,64.2
114/04/25,O9 梨 其他進口 ,272.3
114/04/25,S49 葡萄 無子進口 ,116.9
114/04/25,S9 葡萄 進口 ,87.4
114/04/25,W9 洋香瓜 進口 ,250.0
114/04/25,X69 蘋果 富士進口 ,80.3
114/04/26,229 棗子 進口 ,33.3
114/04/26,459 草莓 進口 ,269.8
114/04/26,469 藍莓 進口 ,286.1
114/04/26,839 櫻桃 進口 ,582.2
114/04/26,859 榴槤 進口 ,90.3
114/04/26,919 其他 進口 ,63.4
114/04/26,C9 柑橘 進口 ,97.6
114/04/26,E9 甜橙 進口 ,42.8
114/04/26,F9 雜柑 進口 ,10.0
114/04/26,G39 酪梨 進口 ,226.7
114/04/26,G49 奇異果 進口 ,123.2
114/04/26,L9 枇杷 進口 ,542.9
114/04/26,N9 李 進口 ,67.0
114/04/26,O9 梨 其他進口 ,116.0
114/04/26,O99 梨 西洋梨進口 ,53.3
114/04/26,S49 葡萄 無子進口 ,92.4
114/04/26,S9 葡萄 進口 ,79.0
114/04/26,W9 洋香瓜 進口 ,300.0
114/04/26,X69 蘋果 富士進口 ,65.3
114/04/26,Y39 桃子 甜桃進口 ,66.7
114/04/26,Y9 桃子 進口 ,818.2
114/04/27,459 草莓 進口 ,210.0
114/04/27,469 藍莓 進口 ,233.4
114/04/27,839 櫻桃 進口 ,280.0
114/04/27,859 榴槤 進口 ,192.5
114/04/27,919 其他 進口 ,360.0
114/04/27,C9 柑橘 進口 ,101.0
114/04/27,E9 甜橙 進口 ,46.5
114/04/27,F9 雜柑 進口 ,10.0
114/04/27,G39 酪梨 進口 ,226.7
114/04/27,G49 奇異果 進口 ,98.4
114/04/27,L9 枇杷 進口 ,518.8
114/04/27,N9 李 進口 ,64.7
114/04/27,O9 梨 其他進口 ,280.7
114/04/27,S49 葡萄 無子進口 ,112.1
114/04/27,S9 葡萄 進口 ,88.6
114/04/27,W9 洋香瓜 進口 ,290.7
114/04/27,X69 蘋果 富士進口 ,75.2
114/04/27,Y39 桃子 甜桃進口 ,108.7
114/04/27,Y9 桃子 進口 ,1666.7
114/04/29,459 草莓 進口 ,171.0
114/04/29,469 藍莓 進口 ,265.7
114/04/29,839 櫻桃 進口 ,486.3
114/04/29,859 榴槤 進口 ,110.3
114/04/29,919 其他 進口 ,1200.0
114/04/29,C9 柑橘 進口 ,101.3
114/04/29,E9 甜橙 進口 ,52.2
114/04/29,F9 雜柑 進口 ,10.0
114/04/29,G39 酪梨 進口 ,226.7
114/04/29,G49 奇異果 進口 ,94.5
114/04/29,L9 枇杷 進口 ,533.3
114/04/29,N9 李 進口 ,56.5
114/04/29,O9 梨 其他進口 ,112.3
114/04/29,S49 葡萄 無子進口 ,126.8
114/04/29,S9 葡萄 進口 ,96.3
114/04/29,W9 洋香瓜 進口 ,220.4
114/04/29,X69 蘋果 富士進口 ,74.3
114/04/29,Y9 桃子 進口 ,1738.5
114/04/30,469 藍莓 進口 ,1088.9
114/04/30,859 榴槤 進口 ,95.7
114/04/30,919 其他 進口 ,1111.1
114/04/30,C9 柑橘 進口 ,103.6
114/04/30,E9 甜橙 進口 ,45.6
114/04/30,F9 雜柑 進口 ,52.6
114/04/30,G49 奇異果 進口 ,110.6
114/04/30,L9 枇杷 進口 ,510.7
114/04/30,N9 李 進口 ,65.7
114/04/30,O9 梨 其他進口 ,117.5
114/04/30,S49 葡萄 無子進口 ,97.4
114/04/30,S9 葡萄 進口 ,122.5
114/04/30,W9 洋香瓜 進口 ,307.1
114/04/30,X69 蘋果 富士進口 ,62.0
114/04/30,Y9 桃子 進口 ,1666.7
114/05/01,459 草莓 進口 ,177.8
114/05/01,469 藍莓 進口 ,300.0
114/05/01,C9 柑橘 進口 ,107.3
114/05/01,E9 甜橙 進口 ,44.5
114/05/01,F9 雜柑 進口 ,445.3
114/05/01,G39 酪梨 進口 ,226.7
114/05/01,G49 奇異果 進口 ,96.8
114/05/01,L9 枇杷 進口 ,482.3
114/05/01,N9 李 進口 ,250.0
114/05/01,O99 梨 西洋梨進口 ,66.7
114/05/01,S49 葡萄 無子進口 ,82.1
114/05/01,S9 葡萄 進口 ,81.2
114/05/01,W9 洋香瓜 進口 ,253.6
114/05/01,X69 蘋果 富士進口 ,101.2
114/05/01,Y9 桃子 進口 ,1746.7
114/05/02,459 草莓 進口 ,122.4
114/05/02,469 藍莓 進口 ,1066.7
114/05/02,859 榴槤 進口 ,117.6
114/05/02,919 其他 進口 ,275.6
114/05/02,C9 柑橘 進口 ,111.9
114/05/02,E9 甜橙 進口 ,46.5
114/05/02,G39 酪梨 進口 ,226.7
114/05/02,G49 奇異果 進口 ,113.5
114/05/02,L9 枇杷 進口 ,477.8
114/05/02,N9 李 進口 ,68.3
114/05/02,O9 梨 其他進口 ,251.0
114/05/02,S49 葡萄 無子進口 ,77.2
114/05/02,S9 葡萄 進口 ,107.6
114/05/02,W9 洋香瓜 進口 ,200.0
114/05/02,X69 蘋果 富士進口 ,55.9
114/05/02,Y39 桃子 甜桃進口 ,5.0
114/05/02,Y9 桃子 進口 ,1633.4
114/05/03,459 草莓 進口 ,146.4
114/05/03,469 藍莓 進口 ,400.0
114/05/03,839 櫻桃 進口 ,400.0
114/05/03,859 榴槤 進口 ,99.9
114/05/03,919 其他 進口 ,1588.9
114/05/03,C9 柑橘 進口 ,97.1
114/05/03,E9 甜橙 進口 ,50.7
114/05/03,F9 雜柑 進口 ,10.0
114/05/03,G49 奇異果 進口 ,73.9
114/05/03,L9 枇杷 進口 ,533.4
114/05/03,N9 李 進口 ,67.5
114/05/03,O9 梨 其他進口 ,118.3
114/05/03,S49 葡萄 無子進口 ,107.5
114/05/03,S9 葡萄 進口 ,81.0
114/05/03,W9 洋香瓜 進口 ,383.4
114/05/03,X69 蘋果 富士進口 ,60.4
114/05/03,Y9 桃子 進口 ,1776.2
114/05/04,459 草莓 進口 ,177.8
114/05/04,839 櫻桃 進口 ,500.0
114/05/04,859 榴槤 進口 ,247.1
114/05/04,919 其他 進口 ,240.0
114/05/04,C9 柑橘 進口 ,203.6
114/05/04,E9 甜橙 進口 ,48.2
114/05/04,F9 雜柑 進口 ,1533.5
114/05/04,G39 酪梨 進口 ,226.7
114/05/04,G49 奇異果 進口 ,117.9
114/05/04,L9 枇杷 進口 ,500.0
114/05/04,N9 李 進口 ,110.0
114/05/04,S49 葡萄 無子進口 ,95.4
114/05/04,S9 葡萄 進口 ,84.3
114/05/04,W9 洋香瓜 進口 ,338.9
114/05/04,X69 蘋果 富士進口 ,65.8
114/05/04,Y9 桃子 進口 ,1733.0
114/05/06,459 草莓 進口 ,237.0
114/05/06,469 藍莓 進口 ,1066.6
114/05/06,839 櫻桃 進口 ,364.8
114/05/06,859 榴槤 進口 ,147.1
114/05/06,919 其他 進口 ,440.4
114/05/06,C9 柑橘 進口 ,111.9
114/05/06,E9 甜橙 進口 ,45.7
114/05/06,F9 雜柑 進口 ,348.6
114/05/06,G39 酪梨 進口 ,226.6
114/05/06,G49 奇異果 進口 ,115.4
114/05/06,L9 枇杷 進口 ,419.0
114/05/06,N9 李 進口 ,84.6
114/05/06,O9 梨 其他進口 ,115.0
114/05/06,S49 葡萄 無子進口 ,95.7
114/05/06,S9 葡萄 進口 ,77.6
114/05/06,W9 洋香瓜 進口 ,700.0
114/05/06,X69 蘋果 富士進口 ,63.8
114/05/06,Y9 桃子 進口 ,1790.6
114/05/06,Z39 柿子 柿餅進口 ,216.7
114/05/07,469 藍莓 進口 ,307.2
114/05/07,839 櫻桃 進口 ,366.7
114/05/07,859 榴槤 進口 ,144.5
114/05/07,919 其他 進口 ,726.6
114/05/07,C9 柑橘 進口 ,112.8
114/05/07,E9 甜橙 進口 ,20.7
114/05/07,F9 雜柑 進口 ,52.9
114/05/07,G39 酪梨 進口 ,226.7
114/05/07,G49 奇異果 進口 ,98.8
114/05/07,H49 葡萄柚 紅肉進口 ,44.4
114/05/07,L9 枇杷 進口 ,477.8
114/05/07,N9 李 進口 ,113.1
114/05/07,O9 梨 其他進口 ,111.1
114/05/07,S49 葡萄 無子進口 ,89.8
114/05/07,S9 葡萄 進口 ,77.5
114/05/07,X69 蘋果 富士進口 ,54.4
114/05/07,Y9 桃子 進口 ,1763.0
114/05/09,459 草莓 進口 ,177.8
114/05/09,839 櫻桃 進口 ,328.4
114/05/09,859 榴槤 進口 ,130.3
114/05/09,919 其他 進口 ,34.3
114/05/09,C9 柑橘 進口 ,89.1
114/05/09,E9 甜橙 進口 ,49.7
114/05/09,F9 雜柑 進口 ,60.1
114/05/09,G39 酪梨 進口 ,226.7
114/05/09,G49 奇異果 進口 ,102.4
114/05/09,H49 葡萄柚 紅肉進口 ,35.6
114/05/09,L9 枇杷 進口 ,424.2
114/05/09,N9 李 進口 ,64.1
114/05/09,O9 梨 其他進口 ,111.0
114/05/09,S49 葡萄 無子進口 ,82.4
114/05/09,S9 葡萄 進口 ,91.7
114/05/09,W9 洋香瓜 進口 ,216.6
114/05/09,X69 蘋果 富士進口 ,62.6
114/05/09,Y9 桃子 進口 ,351.5
114/05/10,469 藍莓 進口 ,388.5
114/05/10,839 櫻桃 進口 ,330.5
114/05/10,859 榴槤 進口 ,100.8
114/05/10,919 其他 進口 ,1066.7
114/05/10,C9 柑橘 進口 ,132.6
114/05/10,E9 甜橙 進口 ,48.9
114/05/10,F9 雜柑 進口 ,59.9
114/05/10,G39 酪梨 進口 ,226.7
114/05/10,G49 奇異果 進口 ,104.0
114/05/10,L9 枇杷 進口 ,446.8
114/05/10,N9 李 進口 ,55.6
114/05/10,O9 梨 其他進口 ,110.8
114/05/10,O99 梨 西洋梨進口 ,60.2
114/05/10,S49 葡萄 無子進口 ,94.9
114/05/10,S9 葡萄 進口 ,99.4
114/05/10,W9 洋香瓜 進口 ,302.1
114/05/10,X69 蘋果 富士進口 ,59.2
114/05/10,Y9 桃子 進口 ,1173.3
114/05/11,469 藍莓 進口 ,333.3
114/05/11,839 櫻桃 進口 ,346.0
114/05/11,859 榴槤 進口 ,113.1
114/05/11,869 山竹 進口 ,375.0
114/05/11,919 其他 進口 ,1200.0
114/05/11,C9 柑橘 進口 ,161.0
114/05/11,E9 甜橙 進口 ,52.7
114/05/11,F9 雜柑 進口 ,10.0
114/05/11,G39 酪梨 進口 ,220.0
114/05/11,G49 奇異果 進口 ,98.1
114/05/11,L9 枇杷 進口 ,425.6
114/05/11,N9 李 進口 ,62.3
114/05/11,O9 梨 其他進口 ,280.0
114/05/11,O99 梨 西洋梨進口 ,150.0
114/05/11,S49 葡萄 無子進口 ,96.5
114/05/11,S9 葡萄 進口 ,82.4
114/05/11,W9 洋香瓜 進口 ,225.0
114/05/11,X69 蘋果 富士進口 ,61.8
114/05/11,Y9 桃子 進口 ,272.3
114/05/13,459 草莓 進口 ,177.8
114/05/13,469 藍莓 進口 ,566.2
114/05/13,839 櫻桃 進口 ,383.3
114/05/13,859 榴槤 進口 ,150.2
114/05/13,869 山竹 進口 ,375.0
114/05/13,919 其他 進口 ,215.6
114/05/13,C9 柑橘 進口 ,337.5
114/05/13,E9 甜橙 進口 ,49.6
114/05/13,G39 酪梨 進口 ,220.0
114/05/13,G49 奇異果 進口 ,101.1
114/05/13,L9 枇杷 進口 ,475.8
114/05/13,N9 李 進口 ,74.6
114/05/13,O9 梨 其他進口 ,270.0
114/05/13,O99 梨 西洋梨進口 ,66.8
114/05/13,S49 葡萄 無子進口 ,83.9
114/05/13,S9 葡萄 進口 ,108.4
114/05/13,W9 洋香瓜 進口 ,439.4
114/05/13,X69 蘋果 富士進口 ,66.1
114/05/13,Y19 桃子 水蜜桃進口 ,200.0
114/05/13,Y9 桃子 進口 ,250.1
114/05/14,469 藍莓 進口 ,282.9
114/05/14,839 櫻桃 進口 ,253.3
114/05/14,859 榴槤 進口 ,128.5
114/05/14,C9 柑橘 進口 ,106.2
114/05/14,E9 甜橙 進口 ,63.5
114/05/14,F9 雜柑 進口 ,53.3
114/05/14,G49 奇異果 進口 ,101.6
114/05/14,H49 葡萄柚 紅肉進口 ,35.6
114/05/14,L9 枇杷 進口 ,405.0
114/05/14,N9 李 進口 ,105.0
114/05/14,O9 梨 其他進口 ,114.9
114/05/14,S49 葡萄 無子進口 ,94.6
114/05/14,S9 葡萄 進口 ,159.0
114/05/14,W9 洋香瓜 進口 ,311.1
114/05/14,X39 蘋果 惠進口 ,48.2
114/05/14,X69 蘋果 富士進口 ,73.6
114/05/14,Y19 桃子 水蜜桃進口 ,189.0
114/05/14,Y9 桃子 進口 ,340.8
114/05/15,459 草莓 進口 ,177.8
114/05/15,469 藍莓 進口 ,333.3
114/05/15,859 榴槤 進口 ,160.1
114/05/15,919 其他 進口 ,1233.4
114/05/15,C9 柑橘 進口 ,124.0
114/05/15,E9 甜橙 進口 ,45.6
114/05/15,G49 奇異果 進口 ,77.2
114/05/15,L9 枇杷 進口 ,458.9
114/05/15,N9 李 進口 ,100.0
114/05/15,S49 葡萄 無子進口 ,72.6
114/05/15,S9 葡萄 進口 ,93.6
114/05/15,W9 洋香瓜 進口 ,403.9
114/05/15,X69 蘋果 富士進口 ,72.3
114/05/15,Y19 桃子 水蜜桃進口 ,130.0
114/05/15,Y9 桃子 進口 ,346.6
114/05/16,459 草莓 進口 ,220.1
114/05/16,469 藍莓 進口 ,230.0
114/05/16,839 櫻桃 進口 ,393.5
114/05/16,859 榴槤 進口 ,111.4
114/05/16,C9 柑橘 進口 ,109.0
114/05/16,E9 甜橙 進口 ,43.0
114/05/16,G39 酪梨 進口 ,213.3
114/05/16,G49 奇異果 進口 ,112.8
114/05/16,L9 枇杷 進口 ,400.0
114/05/16,N9 李 進口 ,250.0
114/05/16,S49 葡萄 無子進口 ,89.4
114/05/16,S9 葡萄 進口 ,79.4
114/05/16,W9 洋香瓜 進口 ,383.4
114/05/16,X69 蘋果 富士進口 ,60.8
114/05/16,Y9 桃子 進口 ,209.5
114/05/16,Z9 柿子 進口 ,166.7
114/05/17,469 藍莓 進口 ,304.0
114/05/17,839 櫻桃 進口 ,378.7
114/05/17,859 榴槤 進口 ,107.9
114/05/17,919 其他 進口 ,1666.7
114/05/17,C9 柑橘 進口 ,100.8
114/05/17,E9 甜橙 進口 ,44.6
114/05/17,G39 酪梨 進口 ,233.3
114/05/17,G49 奇異果 進口 ,119.1
114/05/17,H49 葡萄柚 紅肉進口 ,31.5
114/05/17,L9 枇杷 進口 ,400.0
114/05/17,N9 李 進口 ,82.9
114/05/17,O9 梨 其他進口 ,250.0
114/05/17,O99 梨 西洋梨進口 ,50.2
114/05/17,S49 葡萄 無子進口 ,70.6
114/05/17,S9 葡萄 進口 ,149.2
114/05/17,W9 洋香瓜 進口 ,198.5
114/05/17,X69 蘋果 富士進口 ,63.1
114/05/17,Y19 桃子 水蜜桃進口 ,115.6
114/05/17,Y9 桃子 進口 ,225.3
114/05/18,119 椰子 進口 ,70.0
114/05/18,129 椰子 剝殼進口 ,80.0
114/05/18,469 藍莓 進口 ,325.0
114/05/18,839 櫻桃 進口 ,360.0
114/05/18,859 榴槤 進口 ,151.9
114/05/18,919 其他 進口 ,1066.7
114/05/18,C9 柑橘 進口 ,136.0
114/05/18,E9 甜橙 進口 ,44.8
114/05/18,G39 酪梨 進口 ,233.4
114/05/18,G49 奇異果 進口 ,131.4
114/05/18,L9 枇杷 進口 ,400.0
114/05/18,N9 李 進口 ,59.2
114/05/18,S49 葡萄 無子進口 ,93.0
114/05/18,S9 葡萄 進口 ,90.6
114/05/18,W9 洋香瓜 進口 ,440.0
114/05/18,X69 蘋果 富士進口 ,52.6
114/05/18,Y19 桃子 水蜜桃進口 ,110.0
114/05/18,Y9 桃子 進口 ,335.7
114/05/20,119 椰子 進口 ,72.5
114/05/20,459 草莓 進口 ,196.1
114/05/20,469 藍莓 進口 ,325.3
114/05/20,839 櫻桃 進口 ,273.5
114/05/20,859 榴槤 進口 ,122.9
114/05/20,869 山竹 進口 ,333.3
114/05/20,C9 柑橘 進口 ,110.7
114/05/20,E9 甜橙 進口 ,61.5
114/05/20,G39 酪梨 進口 ,220.0
114/05/20,G49 奇異果 進口 ,106.1
114/05/20,L9 枇杷 進口 ,400.0
114/05/20,N9 李 進口 ,74.4
114/05/20,O9 梨 其他進口 ,240.0
114/05/20,S49 葡萄 無子進口 ,90.4
114/05/20,S9 葡萄 進口 ,185.4
114/05/20,W9 洋香瓜 進口 ,55.0
114/05/20,X69 蘋果 富士進口 ,57.8
114/05/20,Y19 桃子 水蜜桃進口 ,175.8
114/05/20,Y9 桃子 進口 ,357.0
114/05/21,469 藍莓 進口 ,257.1
114/05/21,839 櫻桃 進口 ,328.9
114/05/21,859 榴槤 進口 ,109.6
114/05/21,919 其他 進口 ,833.3
114/05/21,C9 柑橘 進口 ,252.8
114/05/21,E9 甜橙 進口 ,46.1
114/05/21,G39 酪梨 進口 ,220.0
114/05/21,G49 奇異果 進口 ,106.0
114/05/21,H49 葡萄柚 紅肉進口 ,35.6
114/05/21,L9 枇杷 進口 ,400.0
114/05/21,N9 李 進口 ,66.9
114/05/21,O9 梨 其他進口 ,94.7
114/05/21,O99 梨 西洋梨進口 ,55.6
114/05/21,S49 葡萄 無子進口 ,86.7
114/05/21,S9 葡萄 進口 ,139.9
114/05/21,W9 洋香瓜 進口 ,333.3
114/05/21,X39 蘋果 惠進口 ,44.4
114/05/21,X69 蘋果 富士進口 ,50.5
114/05/21,Y19 桃子 水蜜桃進口 ,120.0
114/05/21,Y9 桃子 進口 ,250.5
114/05/22,459 草莓 進口 ,177.8
114/05/22,469 藍莓 進口 ,205.4
114/05/22,839 櫻桃 進口 ,350.3
114/05/22,859 榴槤 進口 ,89.3
114/05/22,869 山竹 進口 ,250.0
114/05/22,919 其他 進口 ,760.0
114/05/22,C9 柑橘 進口 ,75.3
114/05/22,E9 甜橙 進口 ,64.3
114/05/22,G49 奇異果 進口 ,107.2
114/05/22,H49 葡萄柚 紅肉進口 ,31.1
114/05/22,O99 梨 西洋梨進口 ,51.8
114/05/22,S49 葡萄 無子進口 ,78.5
114/05/22,S9 葡萄 進口 ,179.3
114/05/22,W9 洋香瓜 進口 ,339.3
114/05/22,X69 蘋果 富士進口 ,54.0
114/05/22,Y19 桃子 水蜜桃進口 ,125.0
114/05/22,Y9 桃子 進口 ,317.9
114/05/23,459 草莓 進口 ,177.4
114/05/23,469 藍莓 進口 ,225.1
114/05/23,839 櫻桃 進口 ,505.6
114/05/23,859 榴槤 進口 ,121.8
114/05/23,919 其他 進口 ,600.0
114/05/23,C9 柑橘 進口 ,78.0
114/05/23,E9 甜橙 進口 ,47.6
114/05/23,G39 酪梨 進口 ,220.0
114/05/23,G49 奇異果 進口 ,97.2
114/05/23,L9 枇杷 進口 ,400.0
114/05/23,O9 梨 其他進口 ,97.8
114/05/23,O99 梨 西洋梨進口 ,130.4
114/05/23,S49 葡萄 無子進口 ,79.9
114/05/23,S9 葡萄 進口 ,103.0
114/05/23,W9 洋香瓜 進口 ,397.0
114/05/23,X69 蘋果 富士進口 ,57.6
114/05/23,Y39 桃子 甜桃進口 ,105.4
114/05/23,Y9 桃子 進口 ,494.8
114/05/24,469 藍莓 進口 ,224.6
114/05/24,839 櫻桃 進口 ,367.7
114/05/24,859 榴槤 進口 ,101.5
114/05/24,C9 柑橘 進口 ,61.6
114/05/24,E9 甜橙 進口 ,45.8
114/05/24,F9 雜柑 進口 ,53.3
114/05/24,G39 酪梨 進口 ,213.3
114/05/24,G49 奇異果 進口 ,103.1
114/05/24,N9 李 進口 ,110.0
114/05/24,O9 梨 其他進口 ,66.7
114/05/24,S49 葡萄 無子進口 ,105.8
114/05/24,S9 葡萄 進口 ,92.4
114/05/24,W9 洋香瓜 進口 ,400.0
114/05/24,X39 蘋果 惠進口 ,37.0
114/05/24,X69 蘋果 富士進口 ,56.1
114/05/24,Y19 桃子 水蜜桃進口 ,187.5
114/05/24,Y9 桃子 進口 ,256.6
114/05/24,Z9 柿子 進口 ,129.8
114/05/25,459 草莓 進口 ,90.0
114/05/25,469 藍莓 進口 ,220.1
114/05/25,839 櫻桃 進口 ,286.5
114/05/25,859 榴槤 進口 ,112.2
114/05/25,C9 柑橘 進口 ,112.7
114/05/25,E9 甜橙 進口 ,57.5
114/05/25,G49 奇異果 進口 ,105.9
114/05/25,O99 梨 西洋梨進口 ,60.4
114/05/25,S49 葡萄 無子進口 ,74.8
114/05/25,S9 葡萄 進口 ,189.0
114/05/25,W9 洋香瓜 進口 ,945.4
114/05/25,X69 蘋果 富士進口 ,65.1
114/05/25,Y9 桃子 進口 ,328.8
114/05/27,469 藍莓 進口 ,267.8
114/05/27,839 櫻桃 進口 ,307.8
114/05/27,859 榴槤 進口 ,95.8
114/05/27,C9 柑橘 進口 ,102.8
114/05/27,E9 甜橙 進口 ,46.7
114/05/27,G49 奇異果 進口 ,117.2
114/05/27,H49 葡萄柚 紅肉進口 ,35.6
114/05/27,L9 枇杷 進口 ,400.0
114/05/27,N9 李 進口 ,110.0
114/05/27,O9 梨 其他進口 ,91.7
114/05/27,O99 梨 西洋梨進口 ,53.7
114/05/27,S49 葡萄 無子進口 ,73.4
114/05/27,S9 葡萄 進口 ,146.2
114/05/27,X69 蘋果 富士進口 ,65.9
114/05/27,Y19 桃子 水蜜桃進口 ,195.9
114/05/27,Y9 桃子 進口 ,242.2
114/05/28,459 草莓 進口 ,177.8
114/05/28,469 藍莓 進口 ,247.2
114/05/28,839 櫻桃 進口 ,314.7
114/05/28,859 榴槤 進口 ,94.2
114/05/28,919 其他 進口 ,66.7
114/05/28,C9 柑橘 進口 ,125.7
114/05/28,E9 甜橙 進口 ,41.4
114/05/28,G49 奇異果 進口 ,115.7
114/05/28,O99 梨 西洋梨進口 ,56.0
114/05/28,S49 葡萄 無子進口 ,95.0
114/05/28,S9 葡萄 進口 ,83.1
114/05/28,W9 洋香瓜 進口 ,416.7
114/05/28,X69 蘋果 富士進口 ,53.9
114/05/28,Y19 桃子 水蜜桃進口 ,230.0
114/05/28,Y9 桃子 進口 ,480.9
114/05/29,469 藍莓 進口 ,273.6
114/05/29,839 櫻桃 進口 ,272.8
114/05/29,859 榴槤 進口 ,93.6
114/05/29,C9 柑橘 進口 ,117.9
114/05/29,E9 甜橙 進口 ,43.2
114/05/29,G39 酪梨 進口 ,206.7
114/05/29,G49 奇異果 進口 ,114.3
114/05/29,L9 枇杷 進口 ,400.0
114/05/29,O9 梨 其他進口 ,170.0
114/05/29,O99 梨 西洋梨進口 ,59.5
114/05/29,S49 葡萄 無子進口 ,102.7
114/05/29,S9 葡萄 進口 ,138.7
114/05/29,W9 洋香瓜 進口 ,398.1
114/05/29,X69 蘋果 富士進口 ,61.2
114/05/29,Y9 桃子 進口 ,713.1
114/05/30,459 草莓 進口 ,177.8
114/05/30,469 藍莓 進口 ,242.2
114/05/30,839 櫻桃 進口 ,285.0
114/05/30,859 榴槤 進口 ,109.5
114/05/30,C9 柑橘 進口 ,65.6
114/05/30,E9 甜橙 進口 ,48.6
114/05/30,G39 酪梨 進口 ,106.7
114/05/30,G49 奇異果 進口 ,96.6
114/05/30,S49 葡萄 無子進口 ,88.5
114/05/30,S9 葡萄 進口 ,91.8
114/05/30,W9 洋香瓜 進口 ,366.7
114/05/30,X69 蘋果 富士進口 ,54.4
114/05/30,Y19 桃子 水蜜桃進口 ,230.0
114/05/30,Y39 桃子 甜桃進口 ,208.3
114/05/30,Y9 桃子 進口 ,329.3
114/05/31,469 藍莓 進口 ,256.9
114/05/31,839 櫻桃 進口 ,301.5
114/05/31,859 榴槤 進口 ,200.0
114/05/31,C9 柑橘 進口 ,61.9
114/05/31,E9 甜橙 進口 ,55.6
114/05/31,G49 奇異果 進口 ,93.0
114/05/31,O99 梨 西洋梨進口 ,53.3
114/05/31,S49 葡萄 無子進口 ,75.1
114/05/31,S9 葡萄 進口 ,83.9
114/05/31,W9 洋香瓜 進口 ,377.8
114/05/31,X69 蘋果 富士進口 ,61.8
114/05/31,Y39 桃子 甜桃進口 ,208.3
114/05/31,Y9 桃子 進口 ,312.7
114/06/03,459 草莓 進口 ,177.8
114/06/03,469 藍莓 進口 ,236.4
114/06/03,839 櫻桃 進口 ,304.6
114/06/03,859 榴槤 進口 ,110.3
114/06/03,869 山竹 進口 ,283.3
114/06/03,C9 柑橘 進口 ,59.6
114/06/03,E9 甜橙 進口 ,44.6
114/06/03,G49 奇異果 進口 ,93.8
114/06/03,O9 梨 其他進口 ,57.8
114/06/03,O99 梨 西洋梨進口 ,44.4
114/06/03,S49 葡萄 無子進口 ,62.9
114/06/03,S9 葡萄 進口 ,103.6
114/06/03,W9 洋香瓜 進口 ,400.0
114/06/03,X69 蘋果 富士進口 ,54.5
114/06/03,Y19 桃子 水蜜桃進口 ,202.7
114/06/03,Y39 桃子 甜桃進口 ,191.7
114/06/03,Y9 桃子 進口 ,242.4
114/06/04,469 藍莓 進口 ,204.9
114/06/04,839 櫻桃 進口 ,328.1
114/06/04,859 榴槤 進口 ,99.5
114/06/04,919 其他 進口 ,28.9
114/06/04,C9 柑橘 進口 ,71.5
114/06/04,E9 甜橙 進口 ,43.2
114/06/04,G39 酪梨 進口 ,140.0
114/06/04,G49 奇異果 進口 ,106.5
114/06/04,H49 葡萄柚 紅肉進口 ,35.6
114/06/04,S49 葡萄 無子進口 ,89.4
114/06/04,S9 葡萄 進口 ,187.7
114/06/04,W9 洋香瓜 進口 ,333.4
114/06/04,X69 蘋果 富士進口 ,51.5
114/06/04,Y19 桃子 水蜜桃進口 ,227.5
114/06/04,Y39 桃子 甜桃進口 ,166.7
114/06/04,Y9 桃子 進口 ,337.3
114/06/05,459 草莓 進口 ,177.8
114/06/05,469 藍莓 進口 ,217.9
114/06/05,839 櫻桃 進口 ,299.8
114/06/05,859 榴槤 進口 ,60.9
114/06/05,869 山竹 進口 ,208.3
114/06/05,919 其他 進口 ,1000.0
114/06/05,C9 柑橘 進口 ,77.7
114/06/05,E9 甜橙 進口 ,43.5
114/06/05,G39 酪梨 進口 ,192.2
114/06/05,G49 奇異果 進口 ,93.0
114/06/05,O9 梨 其他進口 ,62.2
114/06/05,S49 葡萄 無子進口 ,67.7
114/06/05,S9 葡萄 進口 ,99.4
114/06/05,X69 蘋果 富士進口 ,44.4
114/06/05,Y19 桃子 水蜜桃進口 ,213.3
114/06/05,Y39 桃子 甜桃進口 ,172.2
114/06/05,Y9 桃子 進口 ,266.1
114/06/06,129 椰子 剝殼進口 ,60.0
114/06/06,459 草莓 進口 ,177.8
114/06/06,469 藍莓 進口 ,257.2
114/06/06,839 櫻桃 進口 ,349.2
114/06/06,859 榴槤 進口 ,99.2
114/06/06,919 其他 進口 ,66.7
114/06/06,C9 柑橘 進口 ,123.7
114/06/06,E9 甜橙 進口 ,47.9
114/06/06,G39 酪梨 進口 ,160.0
114/06/06,G49 奇異果 進口 ,78.5
114/06/06,H49 葡萄柚 紅肉進口 ,35.6
114/06/06,O99 梨 西洋梨進口 ,48.2
114/06/06,S49 葡萄 無子進口 ,66.7
114/06/06,S9 葡萄 進口 ,106.4
114/06/06,W9 洋香瓜 進口 ,533.5
114/06/06,X69 蘋果 富士進口 ,46.8
114/06/06,Y19 桃子 水蜜桃進口 ,200.0
114/06/06,Y39 桃子 甜桃進口 ,105.3
114/06/06,Y9 桃子 進口 ,170.2
114/06/07,469 藍莓 進口 ,255.6
114/06/07,839 櫻桃 進口 ,315.1
114/06/07,859 榴槤 進口 ,90.2
114/06/07,869 山竹 進口 ,250.0
114/06/07,C9 柑橘 進口 ,44.8
114/06/07,E9 甜橙 進口 ,45.2
114/06/07,G49 奇異果 進口 ,101.6
114/06/07,S49 葡萄 無子進口 ,166.8
114/06/07,S9 葡萄 進口 ,118.6
114/06/07,W9 洋香瓜 進口 ,366.8
114/06/07,X69 蘋果 富士進口 ,64.4
114/06/07,Y19 桃子 水蜜桃進口 ,160.0
114/06/07,Y9 桃子 進口 ,306.4
114/06/08,469 藍莓 進口 ,308.8
114/06/08,839 櫻桃 進口 ,293.3
114/06/08,869 山竹 進口 ,250.0
114/06/08,C9 柑橘 進口 ,139.5
114/06/08,E9 甜橙 進口 ,44.0
114/06/08,G49 奇異果 進口 ,91.0
114/06/08,O9 梨 其他進口 ,200.0
114/06/08,S49 葡萄 無子進口 ,59.3
114/06/08,S9 葡萄 進口 ,92.6
114/06/08,X39 蘋果 惠進口 ,48.2
114/06/08,X69 蘋果 富士進口 ,61.4
114/06/08,Y19 桃子 水蜜桃進口 ,160.0
114/06/08,Y9 桃子 進口 ,249.0
114/06/10,129 椰子 剝殼進口 ,66.7
114/06/10,459 草莓 進口 ,177.8
114/06/10,469 藍莓 進口 ,238.6
114/06/10,839 櫻桃 進口 ,357.8
114/06/10,859 榴槤 進口 ,96.9
114/06/10,C9 柑橘 進口 ,63.6
114/06/10,E9 甜橙 進口 ,44.3
114/06/10,G39 酪梨 進口 ,178.7
114/06/10,G49 奇異果 進口 ,86.8
114/06/10,H49 葡萄柚 紅肉進口 ,35.6
114/06/10,O99 梨 西洋梨進口 ,48.2
114/06/10,S49 葡萄 無子進口 ,78.5
114/06/10,S9 葡萄 進口 ,113.2
114/06/10,W9 洋香瓜 進口 ,577.8
114/06/10,X69 蘋果 富士進口 ,63.9
114/06/10,Y39 桃子 甜桃進口 ,150.0
114/06/10,Y9 桃子 進口 ,373.6
114/06/11,469 藍莓 進口 ,80.0
114/06/11,839 櫻桃 進口 ,380.0
114/06/11,859 榴槤 進口 ,100.0
114/06/11,C9 柑橘 進口 ,75.1
114/06/11,E9 甜橙 進口 ,51.0
114/06/11,F9 雜柑 進口 ,66.7
114/06/11,G49 奇異果 進口 ,101.1
114/06/11,O99 梨 西洋梨進口 ,40.0
114/06/11,S49 葡萄 無子進口 ,71.7
114/06/11,S9 葡萄 進口 ,172.2
114/06/11,X39 蘋果 惠進口 ,48.2
114/06/11,X69 蘋果 富士進口 ,67.8
114/06/11,Y19 桃子 水蜜桃進口 ,163.3
114/06/11,Y39 桃子 甜桃進口 ,158.3
114/06/11,Y9 桃子 進口 ,124.7
114/06/12,459 草莓 進口 ,177.8
114/06/12,469 藍莓 進口 ,1066.6
114/06/12,839 櫻桃 進口 ,290.1
114/06/12,859 榴槤 進口 ,84.1
114/06/12,869 山竹 進口 ,250.0
114/06/12,919 其他 進口 ,69.0
114/06/12,C9 柑橘 進口 ,90.2
114/06/12,E9 甜橙 進口 ,43.0
114/06/12,G49 奇異果 進口 ,92.3
114/06/12,S49 葡萄 無子進口 ,56.7
114/06/12,S9 葡萄 進口 ,110.3
114/06/12,W9 洋香瓜 進口 ,1106.6
114/06/12,X09 蘋果 其他進口 ,104.4
114/06/12,X69 蘋果 富士進口 ,52.4
114/06/12,Y19 桃子 水蜜桃進口 ,230.0
114/06/12,Y9 桃子 進口 ,132.6
114/06/13,459 草莓 進口 ,177.8
114/06/13,469 藍莓 進口 ,1066.6
114/06/13,839 櫻桃 進口 ,334.2
114/06/13,859 榴槤 進口 ,114.1
114/06/13,869 山竹 進口 ,291.7
114/06/13,C9 柑橘 進口 ,86.3
114/06/13,E9 甜橙 進口 ,49.9
114/06/13,G39 酪梨 進口 ,160.0
114/06/13,G49 奇異果 進口 ,94.2
114/06/13,H49 葡萄柚 紅肉進口 ,35.6
114/06/13,O99 梨 西洋梨進口 ,44.4
114/06/13,S49 葡萄 無子進口 ,56.7
114/06/13,S9 葡萄 進口 ,292.6
114/06/13,W9 洋香瓜 進口 ,283.4
114/06/13,X69 蘋果 富士進口 ,58.2
114/06/13,Y9 桃子 進口 ,273.7
114/06/14,469 藍莓 進口 ,233.7
114/06/14,839 櫻桃 進口 ,300.7
114/06/14,859 榴槤 進口 ,127.1
114/06/14,C9 柑橘 進口 ,105.8
114/06/14,E9 甜橙 進口 ,38.4
114/06/14,F9 雜柑 進口 ,66.7
114/06/14,G39 酪梨 進口 ,200.0
114/06/14,G49 奇異果 進口 ,80.9
114/06/14,S9 葡萄 進口 ,112.7
114/06/14,W9 洋香瓜 進口 ,375.0
114/06/14,X69 蘋果 富士進口 ,54.6
114/06/14,Y19 桃子 水蜜桃進口 ,200.0
114/06/14,Y39 桃子 甜桃進口 ,150.0
114/06/14,Y9 桃子 進口 ,259.8
114/06/15,469 藍莓 進口 ,170.0
114/06/15,839 櫻桃 進口 ,244.8
114/06/15,859 榴槤 進口 ,115.8
114/06/15,869 山竹 進口 ,250.0
114/06/15,C9 柑橘 進口 ,130.0
114/06/15,E9 甜橙 進口 ,45.0
114/06/15,G49 奇異果 進口 ,89.1
114/06/15,H49 葡萄柚 紅肉進口 ,35.6
114/06/15,O99 梨 西洋梨進口 ,46.7
114/06/15,S9 葡萄 進口 ,126.8
114/06/15,X69 蘋果 富士進口 ,61.2
114/06/15,Y19 桃子 水蜜桃進口 ,164.9
114/06/15,Y9 桃子 進口 ,178.6
114/06/15,Z39 柿子 柿餅進口 ,100.0
114/06/17,459 草莓 進口 ,177.8
114/06/17,469 藍莓 進口 ,394.8
114/06/17,839 櫻桃 進口 ,268.4
114/06/17,859 榴槤 進口 ,119.4
114/06/17,869 山竹 進口 ,291.7
114/06/17,C9 柑橘 進口 ,90.3
114/06/17,E9 甜橙 進口 ,43.6
114/06/17,G49 奇異果 進口 ,99.6
114/06/17,N9 李 進口 ,283.5
114/06/17,S49 葡萄 無子進口 ,63.5
114/06/17,S9 葡萄 進口 ,85.1
114/06/17,X39 蘋果 惠進口 ,44.4
114/06/17,X69 蘋果 富士進口 ,57.6
114/06/17,Y19 桃子 水蜜桃進口 ,205.0
114/06/17,Y39 桃子 甜桃進口 ,240.7
114/06/17,Y9 桃子 進口 ,250.8
114/06/18,469 藍莓 進口 ,266.7
114/06/18,839 櫻桃 進口 ,211.6
114/06/18,859 榴槤 進口 ,104.5
114/06/18,919 其他 進口 ,75.0
114/06/18,C9 柑橘 進口 ,55.6
114/06/18,E9 甜橙 進口 ,74.5
114/06/18,G49 奇異果 進口 ,91.8
114/06/18,N9 李 進口 ,293.3
114/06/18,S49 葡萄 無子進口 ,54.2
114/06/18,S9 葡萄 進口 ,98.0
114/06/18,W9 洋香瓜 進口 ,573.4
114/06/18,X69 蘋果 富士進口 ,44.3
114/06/18,Y19 桃子 水蜜桃進口 ,200.0
114/06/18,Y9 桃子 進口 ,287.2
114/06/20,129 椰子 剝殼進口 ,43.3
114/06/20,459 草莓 進口 ,177.8
114/06/20,469 藍莓 進口 ,1099.9
114/06/20,839 櫻桃 進口 ,213.8
114/06/20,859 榴槤 進口 ,102.0
114/06/20,919 其他 進口 ,53.3
114/06/20,C9 柑橘 進口 ,64.3
114/06/20,E9 甜橙 進口 ,42.2
114/06/20,G39 酪梨 進口 ,200.0
114/06/20,G49 奇異果 進口 ,87.0
114/06/20,H49 葡萄柚 紅肉進口 ,30.0
114/06/20,N9 李 進口 ,266.7
114/06/20,S9 葡萄 進口 ,648.4
114/06/20,W9 洋香瓜 進口 ,297.2
114/06/20,X69 蘋果 富士進口 ,55.9
114/06/20,Y19 桃子 水蜜桃進口 ,190.0
114/06/20,Y9 桃子 進口 ,252.7
114/06/21,469 藍莓 進口 ,372.8
114/06/21,839 櫻桃 進口 ,239.0
114/06/21,859 榴槤 進口 ,88.9
114/06/21,919 其他 進口 ,53.3
114/06/21,C9 柑橘 進口 ,60.0
114/06/21,E9 甜橙 進口 ,45.2
114/06/21,G49 奇異果 進口 ,106.8
114/06/21,H49 葡萄柚 紅肉進口 ,26.7
114/06/21,O99 梨 西洋梨進口 ,37.8
114/06/21,S9 葡萄 進口 ,197.9
114/06/21,W9 洋香瓜 進口 ,533.5
114/06/21,X69 蘋果 富士進口 ,59.6
114/06/21,Y19 桃子 水蜜桃進口 ,220.0
114/06/21,Y9 桃子 進口 ,293.2
114/06/22,469 藍莓 進口 ,211.8
114/06/22,839 櫻桃 進口 ,211.4
114/06/22,859 榴槤 進口 ,84.4
114/06/22,C9 柑橘 進口 ,56.8
114/06/22,E9 甜橙 進口 ,41.9
114/06/22,G39 酪梨 進口 ,200.0
114/06/22,G49 奇異果 進口 ,94.8
114/06/22,H49 葡萄柚 紅肉進口 ,35.6
114/06/22,S9 葡萄 進口 ,160.1
114/06/22,X69 蘋果 富士進口 ,53.7
114/06/22,Y19 桃子 水蜜桃進口 ,206.7
114/06/22,Y39 桃子 甜桃進口 ,73.2
114/06/22,Y9 桃子 進口 ,271.2
114/06/24,459 草莓 進口 ,177.8
114/06/24,469 藍莓 進口 ,233.5
114/06/24,839 櫻桃 進口 ,205.0
114/06/24,859 榴槤 進口 ,114.8
114/06/24,C9 柑橘 進口 ,45.2
114/06/24,E9 甜橙 進口 ,45.0
114/06/24,F9 雜柑 進口 ,66.7
114/06/24,G39 酪梨 進口 ,187.9
114/06/24,G49 奇異果 進口 ,88.7
114/06/24,O99 梨 西洋梨進口 ,53.3
114/06/24,S49 葡萄 無子進口 ,57.1
114/06/24,S9 葡萄 進口 ,214.0
114/06/24,W9 洋香瓜 進口 ,377.8
114/06/24,X69 蘋果 富士進口 ,54.6
114/06/24,Y19 桃子 水蜜桃進口 ,200.0
114/06/24,Y39 桃子 甜桃進口 ,75.8
114/06/24,Y9 桃子 進口 ,280.1
114/06/25,469 藍莓 進口 ,233.0
114/06/25,839 櫻桃 進口 ,226.3
114/06/25,859 榴槤 進口 ,89.7
114/06/25,C9 柑橘 進口 ,46.8
114/06/25,E9 甜橙 進口 ,36.5
114/06/25,G49 奇異果 進口 ,91.0
114/06/25,H49 葡萄柚 紅肉進口 ,35.6
114/06/25,S49 葡萄 無子進口 ,76.2
114/06/25,S9 葡萄 進口 ,128.8
114/06/25,W9 洋香瓜 進口 ,290.5
114/06/25,X39 蘋果 惠進口 ,44.4
114/06/25,X69 蘋果 富士進口 ,55.0
114/06/25,Y19 桃子 水蜜桃進口 ,195.0
114/06/25,Y39 桃子 甜桃進口 ,86.5
114/06/25,Y9 桃子 進口 ,272.6
114/06/26,459 草莓 進口 ,177.8
114/06/26,469 藍莓 進口 ,266.7
114/06/26,839 櫻桃 進口 ,288.3
114/06/26,859 榴槤 進口 ,122.6
114/06/26,869 山竹 進口 ,316.6
114/06/26,C9 柑橘 進口 ,70.2
114/06/26,E9 甜橙 進口 ,43.6
114/06/26,G49 奇異果 進口 ,94.6
114/06/26,S9 葡萄 進口 ,122.1
114/06/26,T9 西瓜 進口 ,300.0
114/06/26,W9 洋香瓜 進口 ,300.0
114/06/26,X69 蘋果 富士進口 ,47.3
114/06/26,Y19 桃子 水蜜桃進口 ,180.0
114/06/26,Y39 桃子 甜桃進口 ,190.0
114/06/26,Y9 桃子 進口 ,376.3
114/06/27,459 草莓 進口 ,177.8
114/06/27,469 藍莓 進口 ,98.0
114/06/27,839 櫻桃 進口 ,247.9
114/06/27,859 榴槤 進口 ,114.3
114/06/27,C9 柑橘 進口 ,142.2
114/06/27,E9 甜橙 進口 ,43.3
114/06/27,G39 酪梨 進口 ,173.4
114/06/27,G49 奇異果 進口 ,109.0
114/06/27,S9 葡萄 進口 ,351.4
114/06/27,X69 蘋果 富士進口 ,66.6
114/06/27,Y19 桃子 水蜜桃進口 ,240.0
114/06/27,Y9 桃子 進口 ,290.8
114/06/28,469 藍莓 進口 ,260.4
114/06/28,839 櫻桃 進口 ,215.0
114/06/28,859 榴槤 進口 ,116.2
114/06/28,C9 柑橘 進口 ,469.0
114/06/28,E9 甜橙 進口 ,37.8
114/06/28,G49 奇異果 進口 ,115.1
114/06/28,S9 葡萄 進口 ,828.9
114/06/28,W9 洋香瓜 進口 ,88.9
114/06/28,X69 蘋果 富士進口 ,65.5
114/06/28,Y19 桃子 水蜜桃進口 ,200.0
114/06/28,Y39 桃子 甜桃進口 ,20.0
114/06/28,Y9 桃子 進口 ,327.9
114/06/29,469 藍莓 進口 ,114.5
114/06/29,839 櫻桃 進口 ,199.5
114/06/29,919 其他 進口 ,75.0
114/06/29,C9 柑橘 進口 ,266.5
114/06/29,E9 甜橙 進口 ,38.7
114/06/29,G49 奇異果 進口 ,103.0
114/06/29,S49 葡萄 無子進口 ,76.2
114/06/29,S9 葡萄 進口 ,708.5
114/06/29,W9 洋香瓜 進口 ,223.8
114/06/29,X69 蘋果 富士進口 ,56.1
114/06/29,Y39 桃子 甜桃進口 ,53.3
114/06/29,Y9 桃子 進口 ,290.1
114/07/01,459 草莓 進口 ,177.8
114/07/01,469 藍莓 進口 ,263.2
114/07/01,839 櫻桃 進口 ,233.7
114/07/01,859 榴槤 進口 ,96.6
114/07/01,869 山竹 進口 ,250.0
114/07/01,C9 柑橘 進口 ,91.7
114/07/01,E9 甜橙 進口 ,55.3
114/07/01,G39 酪梨 進口 ,200.0
114/07/01,G49 奇異果 進口 ,109.7
114/07/01,S49 葡萄 無子進口 ,250.0
114/07/01,S9 葡萄 進口 ,764.1
114/07/01,W9 洋香瓜 進口 ,69.2
114/07/01,X69 蘋果 富士進口 ,74.8
114/07/01,Y19 桃子 水蜜桃進口 ,173.3
114/07/01,Y39 桃子 甜桃進口 ,95.9
114/07/01,Y9 桃子 進口 ,187.5
114/07/02,129 椰子 剝殼進口 ,40.0
114/07/02,469 藍莓 進口 ,311.3
114/07/02,839 櫻桃 進口 ,257.4
114/07/02,859 榴槤 進口 ,99.0
114/07/02,C9 柑橘 進口 ,87.7
114/07/02,E9 甜橙 進口 ,33.3
114/07/02,G49 奇異果 進口 ,96.2
114/07/02,H49 葡萄柚 紅肉進口 ,31.1
114/07/02,N9 李 進口 ,168.0
114/07/02,O99 梨 西洋梨進口 ,46.7
114/07/02,S9 葡萄 進口 ,232.7
114/07/02,W9 洋香瓜 進口 ,136.9
114/07/02,X39 蘋果 惠進口 ,35.4
114/07/02,X69 蘋果 富士進口 ,32.4
114/07/02,Y19 桃子 水蜜桃進口 ,210.0
114/07/02,Y9 桃子 進口 ,285.2
114/07/03,129 椰子 剝殼進口 ,46.7
114/07/03,459 草莓 進口 ,177.8
114/07/03,469 藍莓 進口 ,175.6
114/07/03,839 櫻桃 進口 ,182.7
114/07/03,859 榴槤 進口 ,95.6
114/07/03,869 山竹 進口 ,208.3
114/07/03,C9 柑橘 進口 ,419.7
114/07/03,E9 甜橙 進口 ,33.3
114/07/03,G49 奇異果 進口 ,110.5
114/07/03,H49 葡萄柚 紅肉進口 ,26.7
114/07/03,N9 李 進口 ,138.7
114/07/03,S49 葡萄 無子進口 ,58.3
114/07/03,S9 葡萄 進口 ,858.6
114/07/03,W9 洋香瓜 進口 ,329.5
114/07/03,X49 蘋果 金冠進口 ,40.0
114/07/03,X69 蘋果 富士進口 ,92.0
114/07/03,Y19 桃子 水蜜桃進口 ,200.0
114/07/03,Y39 桃子 甜桃進口 ,215.2
114/07/03,Y9 桃子 進口 ,243.5
114/07/04,129 椰子 剝殼進口 ,40.0
114/07/04,459 草莓 進口 ,177.8
114/07/04,469 藍莓 進口 ,261.4
114/07/04,839 櫻桃 進口 ,181.2
114/07/04,859 榴槤 進口 ,105.9
114/07/04,919 其他 進口 ,71.2
114/07/04,C9 柑橘 進口 ,219.7
114/07/04,E9 甜橙 進口 ,38.9
114/07/04,G49 奇異果 進口 ,82.4
114/07/04,H49 葡萄柚 紅肉進口 ,16.7
114/07/04,N9 李 進口 ,150.8
114/07/04,S9 葡萄 進口 ,784.6
114/07/04,W9 洋香瓜 進口 ,90.0
114/07/04,X39 蘋果 惠進口 ,44.4
114/07/04,X69 蘋果 富士進口 ,56.5
114/07/04,Y19 桃子 水蜜桃進口 ,170.0
114/07/04,Y39 桃子 甜桃進口 ,82.2
114/07/04,Y9 桃子 進口 ,363.3
114/07/05,469 藍莓 進口 ,208.7
114/07/05,839 櫻桃 進口 ,194.8
114/07/05,859 榴槤 進口 ,95.5
114/07/05,C9 柑橘 進口 ,67.0
114/07/05,E9 甜橙 進口 ,130.0
114/07/05,F9 雜柑 進口 ,73.3
114/07/05,G49 奇異果 進口 ,106.4
114/07/05,N9 李 進口 ,280.0
114/07/05,S49 葡萄 無子進口 ,185.2
114/07/05,S9 葡萄 進口 ,105.7
114/07/05,T9 西瓜 進口 ,266.5
114/07/05,W9 洋香瓜 進口 ,83.3
114/07/05,X69 蘋果 富士進口 ,63.9
114/07/05,Y19 桃子 水蜜桃進口 ,170.0
114/07/05,Y39 桃子 甜桃進口 ,123.6
114/07/05,Y9 桃子 進口 ,269.6
114/07/06,469 藍莓 進口 ,249.8
114/07/06,839 櫻桃 進口 ,179.0
114/07/06,859 榴槤 進口 ,48.9
114/07/06,C9 柑橘 進口 ,305.2
114/07/06,E9 甜橙 進口 ,89.9
114/07/06,G39 酪梨 進口 ,200.0
114/07/06,G49 奇異果 進口 ,91.1
114/07/06,S9 葡萄 進口 ,124.9
114/07/06,W9 洋香瓜 進口 ,172.2
114/07/06,X69 蘋果 富士進口 ,58.2
114/07/06,Y39 桃子 甜桃進口 ,70.9
114/07/06,Y9 桃子 進口 ,247.4
114/07/08,459 草莓 進口 ,177.8
114/07/08,469 藍莓 進口 ,211.8
114/07/08,839 櫻桃 進口 ,191.8
114/07/08,859 榴槤 進口 ,100.0
114/07/08,919 其他 進口 ,240.0
114/07/08,C9 柑橘 進口 ,92.7
114/07/08,E9 甜橙 進口 ,37.4
114/07/08,G39 酪梨 進口 ,186.7
114/07/08,G49 奇異果 進口 ,99.3
114/07/08,H49 葡萄柚 紅肉進口 ,26.7
114/07/08,N9 李 進口 ,159.1
114/07/08,O99 梨 西洋梨進口 ,40.0
114/07/08,S49 葡萄 無子進口 ,134.7
114/07/08,S9 葡萄 進口 ,103.8
114/07/08,X39 蘋果 惠進口 ,40.7
114/07/08,X49 蘋果 金冠進口 ,66.7
114/07/08,X69 蘋果 富士進口 ,56.3
114/07/08,Y19 桃子 水蜜桃進口 ,170.0
114/07/08,Y9 桃子 進口 ,269.5
114/07/09,469 藍莓 進口 ,230.5
114/07/09,839 櫻桃 進口 ,168.4
114/07/09,859 榴槤 進口 ,95.0
114/07/09,C9 柑橘 進口 ,172.0
114/07/09,E9 甜橙 進口 ,36.9
114/07/09,G49 奇異果 進口 ,92.3
114/07/09,N9 李 進口 ,173.3
114/07/09,O99 梨 西洋梨進口 ,48.2
114/07/09,S49 葡萄 無子進口 ,173.3
114/07/09,S9 葡萄 進口 ,171.3
114/07/09,W9 洋香瓜 進口 ,284.0
114/07/09,X69 蘋果 富士進口 ,66.4
114/07/09,Y39 桃子 甜桃進口 ,92.1
114/07/09,Y9 桃子 進口 ,381.8
114/07/10,459 草莓 進口 ,177.8
114/07/10,469 藍莓 進口 ,238.1
114/07/10,839 櫻桃 進口 ,195.3
114/07/10,859 榴槤 進口 ,80.0
114/07/10,919 其他 進口 ,46.7
114/07/10,C9 柑橘 進口 ,396.9
114/07/10,E9 甜橙 進口 ,34.8
114/07/10,F9 雜柑 進口 ,73.3
114/07/10,G39 酪梨 進口 ,173.3
114/07/10,G49 奇異果 進口 ,84.9
114/07/10,H49 葡萄柚 紅肉進口 ,25.4
114/07/10,N9 李 進口 ,170.0
114/07/10,S49 葡萄 無子進口 ,85.1
114/07/10,S9 葡萄 進口 ,533.9
114/07/10,W9 洋香瓜 進口 ,800.0
114/07/10,X09 蘋果 其他進口 ,113.3
114/07/10,X69 蘋果 富士進口 ,49.8
114/07/10,Y19 桃子 水蜜桃進口 ,240.0
114/07/10,Y39 桃子 甜桃進口 ,114.5
114/07/10,Y9 桃子 進口 ,265.1
114/07/11,469 藍莓 進口 ,241.7
114/07/11,839 櫻桃 進口 ,190.4
114/07/11,859 榴槤 進口 ,98.4
114/07/11,C9 柑橘 進口 ,73.0
114/07/11,E9 甜橙 進口 ,39.7
114/07/11,G39 酪梨 進口 ,66.7
114/07/11,G49 奇異果 進口 ,120.1
114/07/11,H49 葡萄柚 紅肉進口 ,26.7
114/07/11,N9 李 進口 ,170.0
114/07/11,S49 葡萄 無子進口 ,198.7
114/07/11,S9 葡萄 進口 ,212.2
114/07/11,W9 洋香瓜 進口 ,666.5
114/07/11,X69 蘋果 富士進口 ,72.6
114/07/11,Y19 桃子 水蜜桃進口 ,170.0
114/07/11,Y39 桃子 甜桃進口 ,108.3
114/07/11,Y9 桃子 進口 ,312.4
114/07/12,129 椰子 剝殼進口 ,42.2
114/07/12,469 藍莓 進口 ,125.3
114/07/12,839 櫻桃 進口 ,176.3
114/07/12,859 榴槤 進口 ,120.0
114/07/12,919 其他 進口 ,292.7
114/07/12,C9 柑橘 進口 ,303.0
114/07/12,E9 甜橙 進口 ,40.0
114/07/12,G39 酪梨 進口 ,186.7
114/07/12,G49 奇異果 進口 ,110.8
114/07/12,H49 葡萄柚 紅肉進口 ,17.8
114/07/12,N9 李 進口 ,173.3
114/07/12,O99 梨 西洋梨進口 ,46.7
114/07/12,S49 葡萄 無子進口 ,214.4
114/07/12,S9 葡萄 進口 ,167.0
114/07/12,W9 洋香瓜 進口 ,303.8
114/07/12,X69 蘋果 富士進口 ,55.5
114/07/12,Y19 桃子 水蜜桃進口 ,210.0
114/07/12,Y39 桃子 甜桃進口 ,133.9
114/07/12,Y9 桃子 進口 ,286.4
114/07/13,469 藍莓 進口 ,164.2
114/07/13,839 櫻桃 進口 ,165.1
114/07/13,C9 柑橘 進口 ,382.9
114/07/13,E9 甜橙 進口 ,38.9
114/07/13,G49 奇異果 進口 ,83.7
114/07/13,H49 葡萄柚 紅肉進口 ,26.7
114/07/13,N9 李 進口 ,170.9
114/07/13,S49 葡萄 無子進口 ,201.7
114/07/13,S9 葡萄 進口 ,151.0
114/07/13,W9 洋香瓜 進口 ,426.7
114/07/13,X69 蘋果 富士進口 ,50.6
114/07/13,Y39 桃子 甜桃進口 ,108.3
114/07/13,Y9 桃子 進口 ,268.7
114/07/15,469 藍莓 進口 ,173.3
114/07/15,839 櫻桃 進口 ,156.6
114/07/15,859 榴槤 進口 ,96.0
114/07/15,919 其他 進口 ,75.0
114/07/15,C9 柑橘 進口 ,109.1
114/07/15,E9 甜橙 進口 ,36.9
114/07/15,G49 奇異果 進口 ,111.3
114/07/15,S49 葡萄 無子進口 ,130.6
114/07/15,S9 葡萄 進口 ,210.9
114/07/15,W9 洋香瓜 進口 ,500.0
114/07/15,X69 蘋果 富士進口 ,62.9
114/07/15,Y19 桃子 水蜜桃進口 ,150.0
114/07/15,Y39 桃子 甜桃進口 ,78.6
114/07/15,Y9 桃子 進口 ,318.6
114/07/16,459 草莓 進口 ,177.8
114/07/16,469 藍莓 進口 ,229.9
114/07/16,839 櫻桃 進口 ,173.7
114/07/16,859 榴槤 進口 ,120.6
114/07/16,919 其他 進口 ,384.6
114/07/16,C9 柑橘 進口 ,220.7
114/07/16,E9 甜橙 進口 ,39.9
114/07/16,G49 奇異果 進口 ,83.6
114/07/16,H49 葡萄柚 紅肉進口 ,23.7
114/07/16,S49 葡萄 無子進口 ,188.5
114/07/16,S9 葡萄 進口 ,263.8
114/07/16,W9 洋香瓜 進口 ,58.7
114/07/16,X69 蘋果 富士進口 ,49.5
114/07/16,Y19 桃子 水蜜桃進口 ,172.0
114/07/16,Y39 桃子 甜桃進口 ,85.4
114/07/16,Y9 桃子 進口 ,280.2
114/07/18,129 椰子 剝殼進口 ,40.0
114/07/18,459 草莓 進口 ,177.8
114/07/18,469 藍莓 進口 ,182.3
114/07/18,839 櫻桃 進口 ,177.1
114/07/18,859 榴槤 進口 ,110.5
114/07/18,919 其他 進口 ,240.0
114/07/18,C9 柑橘 進口 ,106.7
114/07/18,E9 甜橙 進口 ,34.4
114/07/18,G49 奇異果 進口 ,105.6
114/07/18,N9 李 進口 ,244.3
114/07/18,S49 葡萄 無子進口 ,200.4
114/07/18,S9 葡萄 進口 ,330.7
114/07/18,W9 洋香瓜 進口 ,733.2
114/07/18,X69 蘋果 富士進口 ,60.0
114/07/18,Y19 桃子 水蜜桃進口 ,230.0
114/07/18,Y39 桃子 甜桃進口 ,83.2
114/07/18,Y9 桃子 進口 ,318.1
114/07/19,469 藍莓 進口 ,189.9
114/07/19,839 櫻桃 進口 ,166.1
114/07/19,C9 柑橘 進口 ,111.4
114/07/19,E9 甜橙 進口 ,36.7
114/07/19,G39 酪梨 進口 ,166.7
114/07/19,G49 奇異果 進口 ,109.8
114/07/19,N9 李 進口 ,185.7
114/07/19,S49 葡萄 無子進口 ,187.6
114/07/19,S9 葡萄 進口 ,275.5
114/07/19,W9 洋香瓜 進口 ,292.6
114/07/19,X69 蘋果 富士進口 ,71.4
114/07/19,Y19 桃子 水蜜桃進口 ,200.6
114/07/19,Y39 桃子 甜桃進口 ,73.8
114/07/19,Y9 桃子 進口 ,271.3
114/07/20,469 藍莓 進口 ,182.5
114/07/20,839 櫻桃 進口 ,183.1
114/07/20,869 山竹 進口 ,208.3
114/07/20,919 其他 進口 ,240.0
114/07/20,C9 柑橘 進口 ,175.3
114/07/20,E9 甜橙 進口 ,34.2
114/07/20,G39 酪梨 進口 ,160.0
114/07/20,G49 奇異果 進口 ,100.7
114/07/20,H49 葡萄柚 紅肉進口 ,22.2
114/07/20,O99 梨 西洋梨進口 ,48.2
114/07/20,S49 葡萄 無子進口 ,172.5
114/07/20,S9 葡萄 進口 ,337.8
114/07/20,W9 洋香瓜 進口 ,71.9
114/07/20,X69 蘋果 富士進口 ,50.6
114/07/20,Y19 桃子 水蜜桃進口 ,110.0
114/07/20,Y39 桃子 甜桃進口 ,66.7
114/07/20,Y9 桃子 進口 ,277.4
114/07/22,129 椰子 剝殼進口 ,98.4
114/07/22,459 草莓 進口 ,177.8
114/07/22,469 藍莓 進口 ,202.2
114/07/22,839 櫻桃 進口 ,171.8
114/07/22,859 榴槤 進口 ,106.7
114/07/22,919 其他 進口 ,144.4
114/07/22,C9 柑橘 進口 ,279.4
114/07/22,E9 甜橙 進口 ,33.5
114/07/22,G39 酪梨 進口 ,133.3
114/07/22,G49 奇異果 進口 ,102.0
114/07/22,H49 葡萄柚 紅肉進口 ,22.2
114/07/22,N9 李 進口 ,176.1
114/07/22,S49 葡萄 無子進口 ,171.0
114/07/22,S9 葡萄 進口 ,423.8
114/07/22,W9 洋香瓜 進口 ,266.7
114/07/22,X69 蘋果 富士進口 ,46.9
114/07/22,Y19 桃子 水蜜桃進口 ,119.3
114/07/22,Y39 桃子 甜桃進口 ,71.7
114/07/22,Y9 桃子 進口 ,255.8
114/07/23,469 藍莓 進口 ,195.1
114/07/23,839 櫻桃 進口 ,174.1
114/07/23,C9 柑橘 進口 ,101.8
114/07/23,E9 甜橙 進口 ,30.0
114/07/23,G49 奇異果 進口 ,86.3
114/07/23,H49 葡萄柚 紅肉進口 ,26.7
114/07/23,N9 李 進口 ,169.2
114/07/23,S49 葡萄 無子進口 ,175.4
114/07/23,S9 葡萄 進口 ,379.6
114/07/23,W9 洋香瓜 進口 ,550.0
114/07/23,X39 蘋果 惠進口 ,44.4
114/07/23,X69 蘋果 富士進口 ,57.6
114/07/23,Y19 桃子 水蜜桃進口 ,165.6
114/07/23,Y39 桃子 甜桃進口 ,77.1
114/07/23,Y9 桃子 進口 ,181.7
114/07/24,459 草莓 進口 ,177.8
114/07/24,469 藍莓 進口 ,221.1
114/07/24,839 櫻桃 進口 ,171.8
114/07/24,869 山竹 進口 ,85.0
114/07/24,C9 柑橘 進口 ,149.4
114/07/24,E9 甜橙 進口 ,33.2
114/07/24,G39 酪梨 進口 ,126.7
114/07/24,G49 奇異果 進口 ,77.4
114/07/24,H49 葡萄柚 紅肉進口 ,22.2
114/07/24,S49 葡萄 無子進口 ,158.0
114/07/24,S9 葡萄 進口 ,587.0
114/07/24,W9 洋香瓜 進口 ,266.8
114/07/24,X69 蘋果 富士進口 ,52.7
114/07/24,Y19 桃子 水蜜桃進口 ,111.6
114/07/24,Y39 桃子 甜桃進口 ,61.5
114/07/24,Y9 桃子 進口 ,294.6
114/07/25,459 草莓 進口 ,177.8
114/07/25,469 藍莓 進口 ,214.2
114/07/25,839 櫻桃 進口 ,164.5
114/07/25,C9 柑橘 進口 ,105.3
114/07/25,E9 甜橙 進口 ,35.4
114/07/25,G39 酪梨 進口 ,153.3
114/07/25,G49 奇異果 進口 ,105.2
114/07/25,O99 梨 西洋梨進口 ,29.6
114/07/25,S49 葡萄 無子進口 ,157.1
114/07/25,S9 葡萄 進口 ,400.0
114/07/25,W9 洋香瓜 進口 ,300.0
114/07/25,X69 蘋果 富士進口 ,70.7
114/07/25,Y19 桃子 水蜜桃進口 ,140.5
114/07/25,Y39 桃子 甜桃進口 ,97.8
114/07/25,Y9 桃子 進口 ,257.6
114/07/26,129 椰子 剝殼進口 ,40.0
114/07/26,469 藍莓 進口 ,196.6
114/07/26,829 蜜棗 進口 ,144.4
114/07/26,839 櫻桃 進口 ,153.4
114/07/26,869 山竹 進口 ,208.3
114/07/26,919 其他 進口 ,230.7
114/07/26,C9 柑橘 進口 ,94.1
114/07/26,E9 甜橙 進口 ,135.4
114/07/26,G49 奇異果 進口 ,111.5
114/07/26,H49 葡萄柚 紅肉進口 ,22.2
114/07/26,O99 梨 西洋梨進口 ,53.3
114/07/26,S49 葡萄 無子進口 ,173.5
114/07/26,S9 葡萄 進口 ,466.4
114/07/26,W9 洋香瓜 進口 ,268.4
114/07/26,X69 蘋果 富士進口 ,65.9
114/07/26,Y19 桃子 水蜜桃進口 ,114.8
114/07/26,Y39 桃子 甜桃進口 ,86.7
114/07/26,Y9 桃子 進口 ,226.3
114/07/27,469 藍莓 進口 ,227.7
114/07/27,839 櫻桃 進口 ,148.2
114/07/27,919 其他 進口 ,240.0
114/07/27,C9 柑橘 進口 ,435.6
114/07/27,E9 甜橙 進口 ,37.7
114/07/27,G49 奇異果 進口 ,84.4
114/07/27,O99 梨 西洋梨進口 ,53.3
114/07/27,S49 葡萄 無子進口 ,137.5
114/07/27,S9 葡萄 進口 ,621.0
114/07/27,W9 洋香瓜 進口 ,550.0
114/07/27,X69 蘋果 富士進口 ,55.2
114/07/27,Y9 桃子 進口 ,288.8
114/07/29,459 草莓 進口 ,177.8
114/07/29,469 藍莓 進口 ,207.1
114/07/29,839 櫻桃 進口 ,165.0
114/07/29,869 山竹 進口 ,208.3
114/07/29,C9 柑橘 進口 ,55.6
114/07/29,E9 甜橙 進口 ,35.0
114/07/29,G49 奇異果 進口 ,114.2
114/07/29,H49 葡萄柚 紅肉進口 ,25.2
114/07/29,N9 李 進口 ,146.8
114/07/29,O99 梨 西洋梨進口 ,35.7
114/07/29,S49 葡萄 無子進口 ,161.4
114/07/29,S9 葡萄 進口 ,495.5
114/07/29,W9 洋香瓜 進口 ,80.8
114/07/29,X39 蘋果 惠進口 ,44.4
114/07/29,X69 蘋果 富士進口 ,55.9
114/07/29,Y19 桃子 水蜜桃進口 ,129.0
114/07/29,Y39 桃子 甜桃進口 ,46.7
114/07/29,Y9 桃子 進口 ,216.3
114/07/30,469 藍莓 進口 ,210.1
114/07/30,839 櫻桃 進口 ,146.5
114/07/30,C9 柑橘 進口 ,176.2
114/07/30,E9 甜橙 進口 ,36.9
114/07/30,G49 奇異果 進口 ,79.1
114/07/30,N9 李 進口 ,147.3
114/07/30,O99 梨 西洋梨進口 ,29.6
114/07/30,S49 葡萄 無子進口 ,166.7
114/07/30,S9 葡萄 進口 ,559.2
114/07/30,W9 洋香瓜 進口 ,120.0
114/07/30,X39 蘋果 惠進口 ,40.7
114/07/30,X69 蘋果 富士進口 ,67.9
114/07/30,Y19 桃子 水蜜桃進口 ,107.6
114/07/30,Y9 桃子 進口 ,254.8
114/07/31,459 草莓 進口 ,222.2
114/07/31,469 藍莓 進口 ,234.1
114/07/31,839 櫻桃 進口 ,144.2
114/07/31,859 榴槤 進口 ,139.5
114/07/31,919 其他 進口 ,88.0
114/07/31,C9 柑橘 進口 ,195.2
114/07/31,E9 甜橙 進口 ,42.5
114/07/31,G49 奇異果 進口 ,99.0
114/07/31,H49 葡萄柚 紅肉進口 ,26.7
114/07/31,N9 李 進口 ,106.7
114/07/31,O99 梨 西洋梨進口 ,53.3
114/07/31,S49 葡萄 無子進口 ,166.7
114/07/31,S9 葡萄 進口 ,490.2
114/07/31,W9 洋香瓜 進口 ,550.0
114/07/31,X69 蘋果 富士進口 ,47.2
114/07/31,Y19 桃子 水蜜桃進口 ,156.0
114/07/31,Y9 桃子 進口 ,158.3
114/08/01,469 藍莓 進口 ,81.0
114/08/01,839 櫻桃 進口 ,150.7
114/08/01,859 榴槤 進口 ,123.3
114/08/01,C9 柑橘 進口 ,79.2
114/08/01,E9 甜橙 進口 ,41.5
114/08/01,G49 奇異果 進口 ,105.2
114/08/01,N9 李 進口 ,122.2
114/08/01,O9 梨 其他進口 ,84.4
114/08/01,S49 葡萄 無子進口 ,166.7
114/08/01,S9 葡萄 進口 ,507.1
114/08/01,W9 洋香瓜 進口 ,300.0
114/08/01,X09 蘋果 其他進口 ,40.0
114/08/01,X69 蘋果 富士進口 ,57.3
114/08/01,Y19 桃子 水蜜桃進口 ,138.8
114/08/01,Y39 桃子 甜桃進口 ,75.1
114/08/01,Y9 桃子 進口 ,224.4
114/08/02,469 藍莓 進口 ,227.5
114/08/02,839 櫻桃 進口 ,178.1
114/08/02,869 山竹 進口 ,266.7
114/08/02,919 其他 進口 ,240.0
114/08/02,C9 柑橘 進口 ,124.8
114/08/02,E9 甜橙 進口 ,44.8
114/08/02,G39 酪梨 進口 ,153.3
114/08/02,G49 奇異果 進口 ,98.6
114/08/02,H49 葡萄柚 紅肉進口 ,26.7
114/08/02,N9 李 進口 ,120.6
114/08/02,O9 梨 其他進口 ,77.6
114/08/02,S49 葡萄 無子進口 ,162.4
114/08/02,S9 葡萄 進口 ,573.0
114/08/02,W9 洋香瓜 進口 ,84.1
114/08/02,X69 蘋果 富士進口 ,46.1
114/08/02,Y19 桃子 水蜜桃進口 ,130.0
114/08/02,Y39 桃子 甜桃進口 ,69.4
114/08/02,Y9 桃子 進口 ,253.4
114/08/03,129 椰子 剝殼進口 ,33.3
114/08/03,469 藍莓 進口 ,233.4
114/08/03,839 櫻桃 進口 ,156.2
114/08/03,869 山竹 進口 ,196.4
114/08/03,C9 柑橘 進口 ,255.2
114/08/03,E9 甜橙 進口 ,29.6
114/08/03,G49 奇異果 進口 ,90.6
114/08/03,H49 葡萄柚 紅肉進口 ,22.2
114/08/03,N9 李 進口 ,114.8
114/08/03,O9 梨 其他進口 ,68.6
114/08/03,O99 梨 西洋梨進口 ,29.6
114/08/03,S49 葡萄 無子進口 ,160.3
114/08/03,S9 葡萄 進口 ,532.6
114/08/03,W9 洋香瓜 進口 ,89.3
114/08/03,X69 蘋果 富士進口 ,62.4
114/08/03,Y19 桃子 水蜜桃進口 ,120.0
114/08/03,Y9 桃子 進口 ,233.8
114/08/05,119 椰子 進口 ,97.5
114/08/05,129 椰子 剝殼進口 ,33.8
114/08/05,459 草莓 進口 ,177.8
114/08/05,469 藍莓 進口 ,48.9
114/08/05,839 櫻桃 進口 ,174.4
114/08/05,859 榴槤 進口 ,126.5
114/08/05,C9 柑橘 進口 ,95.2
114/08/05,E9 甜橙 進口 ,38.7
114/08/05,G49 奇異果 進口 ,91.9
114/08/05,H49 葡萄柚 紅肉進口 ,26.7
114/08/05,N9 李 進口 ,144.7
114/08/05,S49 葡萄 無子進口 ,96.6
114/08/05,S9 葡萄 進口 ,497.5
114/08/05,W9 洋香瓜 進口 ,200.0
114/08/05,X69 蘋果 富士進口 ,61.9
114/08/05,Y19 桃子 水蜜桃進口 ,132.9
114/08/05,Y39 桃子 甜桃進口 ,83.5
114/08/05,Y9 桃子 進口 ,207.7
114/08/06,119 椰子 進口 ,88.0
114/08/06,129 椰子 剝殼進口 ,30.0
114/08/06,469 藍莓 進口 ,221.2
114/08/06,839 櫻桃 進口 ,171.0
114/08/06,919 其他 進口 ,240.0
114/08/06,C9 柑橘 進口 ,215.2
114/08/06,E9 甜橙 進口 ,39.8
114/08/06,F9 雜柑 進口 ,86.7
114/08/06,G49 奇異果 進口 ,79.3
114/08/06,N9 李 進口 ,105.0
114/08/06,O99 梨 西洋梨進口 ,22.2
114/08/06,S49 葡萄 無子進口 ,148.9
114/08/06,S9 葡萄 進口 ,436.1
114/08/06,W9 洋香瓜 進口 ,83.4
114/08/06,X69 蘋果 富士進口 ,55.0
114/08/06,Y19 桃子 水蜜桃進口 ,189.6
114/08/06,Y39 桃子 甜桃進口 ,89.3
114/08/06,Y9 桃子 進口 ,255.4
114/08/07,119 椰子 進口 ,90.0
114/08/07,129 椰子 剝殼進口 ,33.0
114/08/07,229 棗子 進口 ,80.0
114/08/07,459 草莓 進口 ,177.8
114/08/07,469 藍莓 進口 ,163.7
114/08/07,839 櫻桃 進口 ,175.8
114/08/07,869 山竹 進口 ,208.3
114/08/07,919 其他 進口 ,226.6
114/08/07,C9 柑橘 進口 ,82.4
114/08/07,E9 甜橙 進口 ,52.7
114/08/07,G49 奇異果 進口 ,94.4
114/08/07,N9 李 進口 ,147.4
114/08/07,O99 梨 西洋梨進口 ,50.0
114/08/07,S49 葡萄 無子進口 ,137.9
114/08/07,S9 葡萄 進口 ,461.5
114/08/07,W9 洋香瓜 進口 ,95.3
114/08/07,X69 蘋果 富士進口 ,61.5
114/08/07,Y19 桃子 水蜜桃進口 ,140.9
114/08/07,Y39 桃子 甜桃進口 ,82.4
114/08/07,Y9 桃子 進口 ,308.1
114/08/08,119 椰子 進口 ,80.0
114/08/08,129 椰子 剝殼進口 ,29.6
114/08/08,459 草莓 進口 ,177.8
114/08/08,469 藍莓 進口 ,80.5
114/08/08,839 櫻桃 進口 ,167.3
114/08/08,859 榴槤 進口 ,114.0
114/08/08,C9 柑橘 進口 ,75.8
114/08/08,E9 甜橙 進口 ,36.2
114/08/08,G39 酪梨 進口 ,149.7
114/08/08,G49 奇異果 進口 ,101.5
114/08/08,N9 李 進口 ,98.3
114/08/08,S49 葡萄 無子進口 ,147.2
114/08/08,S9 葡萄 進口 ,430.2
114/08/08,W9 洋香瓜 進口 ,108.0
114/08/08,X09 蘋果 其他進口 ,120.0
114/08/08,X69 蘋果 富士進口 ,49.9
114/08/08,Y19 桃子 水蜜桃進口 ,150.0
114/08/08,Y39 桃子 甜桃進口 ,84.9
114/08/08,Y9 桃子 進口 ,200.8
114/08/09,119 椰子 進口 ,73.4
114/08/09,129 椰子 剝殼進口 ,24.6
114/08/09,469 藍莓 進口 ,171.9
114/08/09,839 櫻桃 進口 ,158.3
114/08/09,859 榴槤 進口 ,131.0
114/08/09,919 其他 進口 ,235.2
114/08/09,C9 柑橘 進口 ,83.2
114/08/09,E9 甜橙 進口 ,33.0
114/08/09,G49 奇異果 進口 ,94.8
114/08/09,N9 李 進口 ,117.7
114/08/09,O99 梨 西洋梨進口 ,53.3
114/08/09,S49 葡萄 無子進口 ,164.6
114/08/09,S9 葡萄 進口 ,538.6
114/08/09,W9 洋香瓜 進口 ,79.0
114/08/09,X69 蘋果 富士進口 ,65.6
114/08/09,Y39 桃子 甜桃進口 ,150.0
114/08/09,Y9 桃子 進口 ,278.2
114/08/10,119 椰子 進口 ,70.0
114/08/10,129 椰子 剝殼進口 ,25.4
114/08/10,469 藍莓 進口 ,233.3
114/08/10,839 櫻桃 進口 ,134.0
114/08/10,919 其他 進口 ,173.3
114/08/10,C9 柑橘 進口 ,134.1
114/08/10,E9 甜橙 進口 ,33.7
114/08/10,F9 雜柑 進口 ,73.3
114/08/10,G49 奇異果 進口 ,103.6
114/08/10,H49 葡萄柚 紅肉進口 ,31.1
114/08/10,N9 李 進口 ,131.2
114/08/10,S49 葡萄 無子進口 ,158.7
114/08/10,S9 葡萄 進口 ,443.2
114/08/10,W9 洋香瓜 進口 ,461.5
114/08/10,X69 蘋果 富士進口 ,51.6
114/08/10,Y9 桃子 進口 ,426.5
114/08/12,129 椰子 剝殼進口 ,23.3
114/08/12,469 藍莓 進口 ,142.1
114/08/12,839 櫻桃 進口 ,147.8
114/08/12,919 其他 進口 ,88.9
114/08/12,C9 柑橘 進口 ,69.2
114/08/12,E9 甜橙 進口 ,32.8
114/08/12,G49 奇異果 進口 ,88.0
114/08/12,H49 葡萄柚 紅肉進口 ,22.2
114/08/12,N9 李 進口 ,144.2
114/08/12,S49 葡萄 無子進口 ,150.2
114/08/12,S9 葡萄 進口 ,382.1
114/08/12,W9 洋香瓜 進口 ,83.8
114/08/12,X69 蘋果 富士進口 ,54.1
114/08/12,Y19 桃子 水蜜桃進口 ,138.2
114/08/12,Y9 桃子 進口 ,211.2
114/08/13,129 椰子 剝殼進口 ,33.3
114/08/13,459 草莓 進口 ,177.8
114/08/13,469 藍莓 進口 ,95.0
114/08/13,839 櫻桃 進口 ,165.0
114/08/13,919 其他 進口 ,240.0
114/08/13,C9 柑橘 進口 ,81.6
114/08/13,E9 甜橙 進口 ,43.8
114/08/13,G49 奇異果 進口 ,79.3
114/08/13,N9 李 進口 ,179.0
114/08/13,S49 葡萄 無子進口 ,141.7
114/08/13,S9 葡萄 進口 ,408.0
114/08/13,W9 洋香瓜 進口 ,88.0
114/08/13,X69 蘋果 富士進口 ,43.0
114/08/13,Y19 桃子 水蜜桃進口 ,149.4
114/08/13,Y9 桃子 進口 ,298.6
114/08/15,129 椰子 剝殼進口 ,31.4
114/08/15,459 草莓 進口 ,177.8
114/08/15,469 藍莓 進口 ,176.4
114/08/15,839 櫻桃 進口 ,146.4
114/08/15,859 榴槤 進口 ,116.1
114/08/15,919 其他 進口 ,195.5
114/08/15,C9 柑橘 進口 ,94.9
114/08/15,E9 甜橙 進口 ,98.4
114/08/15,G39 酪梨 進口 ,147.1
114/08/15,G49 奇異果 進口 ,93.0
114/08/15,N9 李 進口 ,145.5
114/08/15,O99 梨 西洋梨進口 ,48.2
114/08/15,S49 葡萄 無子進口 ,137.4
114/08/15,S9 葡萄 進口 ,464.1
114/08/15,W9 洋香瓜 進口 ,68.1
114/08/15,X69 蘋果 富士進口 ,60.7
114/08/15,Y19 桃子 水蜜桃進口 ,135.6
114/08/15,Y39 桃子 甜桃進口 ,89.7
114/08/15,Y9 桃子 進口 ,229.1
114/08/16,129 椰子 剝殼進口 ,27.5
114/08/16,469 藍莓 進口 ,78.5
114/08/16,839 櫻桃 進口 ,142.4
114/08/16,859 榴槤 進口 ,117.2
114/08/16,919 其他 進口 ,240.0
114/08/16,C9 柑橘 進口 ,110.7
114/08/16,E9 甜橙 進口 ,49.6
114/08/16,G49 奇異果 進口 ,80.4
114/08/16,N9 李 進口 ,116.4
114/08/16,O9 梨 其他進口 ,130.0
114/08/16,O99 梨 西洋梨進口 ,43.3
114/08/16,S49 葡萄 無子進口 ,134.7
114/08/16,S9 葡萄 進口 ,502.9
114/08/16,W9 洋香瓜 進口 ,81.4
114/08/16,X69 蘋果 富士進口 ,57.6
114/08/16,Y19 桃子 水蜜桃進口 ,133.0
114/08/16,Y9 桃子 進口 ,286.2
114/08/17,129 椰子 剝殼進口 ,32.1
114/08/17,469 藍莓 進口 ,219.4
114/08/17,839 櫻桃 進口 ,125.4
114/08/17,C9 柑橘 進口 ,442.7
114/08/17,E9 甜橙 進口 ,38.7
114/08/17,G39 酪梨 進口 ,160.0
114/08/17,G49 奇異果 進口 ,102.4
114/08/17,N9 李 進口 ,131.9
114/08/17,S49 葡萄 無子進口 ,146.6
114/08/17,S9 葡萄 進口 ,356.9
114/08/17,W9 洋香瓜 進口 ,98.9
114/08/17,X49 蘋果 金冠進口 ,37.0
114/08/17,X69 蘋果 富士進口 ,50.1
114/08/17,Y19 桃子 水蜜桃進口 ,119.9
114/08/17,Y9 桃子 進口 ,200.8
114/08/19,119 椰子 進口 ,71.8
114/08/19,129 椰子 剝殼進口 ,80.0
114/08/19,459 草莓 進口 ,98.7
114/08/19,469 藍莓 進口 ,201.9
114/08/19,839 櫻桃 進口 ,140.9
114/08/19,859 榴槤 進口 ,127.0
114/08/19,C9 柑橘 進口 ,68.4
114/08/19,E9 甜橙 進口 ,44.4
114/08/19,F9 雜柑 進口 ,66.7
114/08/19,G49 奇異果 進口 ,115.2
114/08/19,N9 李 進口 ,121.8
114/08/19,O99 梨 西洋梨進口 ,40.0
114/08/19,S49 葡萄 無子進口 ,146.1
114/08/19,S9 葡萄 進口 ,286.4
114/08/19,W9 洋香瓜 進口 ,85.7
114/08/19,X69 蘋果 富士進口 ,60.2
114/08/19,Y19 桃子 水蜜桃進口 ,138.0
114/08/19,Y9 桃子 進口 ,188.6
114/08/20,119 椰子 進口 ,72.0
114/08/20,129 椰子 剝殼進口 ,32.3
114/08/20,469 藍莓 進口 ,233.3
114/08/20,839 櫻桃 進口 ,188.0
114/08/20,C9 柑橘 進口 ,76.9
114/08/20,E9 甜橙 進口 ,43.6
114/08/20,G49 奇異果 進口 ,83.8
114/08/20,N9 李 進口 ,112.5
114/08/20,S49 葡萄 無子進口 ,130.4
114/08/20,S9 葡萄 進口 ,334.7
114/08/20,W9 洋香瓜 進口 ,59.8
114/08/20,X49 蘋果 金冠進口 ,44.4
114/08/20,X69 蘋果 富士進口 ,64.6
114/08/20,Y19 桃子 水蜜桃進口 ,119.3
114/08/20,Y9 桃子 進口 ,259.6
114/08/21,119 椰子 進口 ,71.0
114/08/21,129 椰子 剝殼進口 ,24.6
114/08/21,459 草莓 進口 ,177.8
114/08/21,469 藍莓 進口 ,199.3
114/08/21,839 櫻桃 進口 ,122.8
114/08/21,859 榴槤 進口 ,126.7
114/08/21,919 其他 進口 ,321.9
114/08/21,C9 柑橘 進口 ,134.0
114/08/21,E9 甜橙 進口 ,57.1
114/08/21,G49 奇異果 進口 ,88.7
114/08/21,N9 李 進口 ,127.6
114/08/21,S49 葡萄 無子進口 ,146.1
114/08/21,S9 葡萄 進口 ,387.5
114/08/21,W9 洋香瓜 進口 ,79.8
114/08/21,X09 蘋果 其他進口 ,20.0
114/08/21,X69 蘋果 富士進口 ,70.3
114/08/21,Y19 桃子 水蜜桃進口 ,122.1
114/08/21,Y9 桃子 進口 ,226.2
114/08/22,129 椰子 剝殼進口 ,28.1
114/08/22,459 草莓 進口 ,177.8
114/08/22,469 藍莓 進口 ,202.3
114/08/22,839 櫻桃 進口 ,142.0
114/08/22,859 榴槤 進口 ,106.7
114/08/22,919 其他 進口 ,34.7
114/08/22,C9 柑橘 進口 ,78.8
114/08/22,E9 甜橙 進口 ,23.8
114/08/22,G49 奇異果 進口 ,106.3
114/08/22,N9 李 進口 ,101.8
114/08/22,S49 葡萄 無子進口 ,131.9
114/08/22,S9 葡萄 進口 ,208.0
114/08/22,W9 洋香瓜 進口 ,59.2
114/08/22,X69 蘋果 富士進口 ,64.7
114/08/22,Y19 桃子 水蜜桃進口 ,129.4
114/08/22,Y39 桃子 甜桃進口 ,99.9
114/08/22,Y9 桃子 進口 ,191.8
114/08/23,129 椰子 剝殼進口 ,28.6
114/08/23,459 草莓 進口 ,80.0
114/08/23,469 藍莓 進口 ,199.0
114/08/23,839 櫻桃 進口 ,148.3
114/08/23,919 其他 進口 ,324.4
114/08/23,C9 柑橘 進口 ,72.0
114/08/23,E9 甜橙 進口 ,44.4
114/08/23,G49 奇異果 進口 ,89.1
114/08/23,N9 李 進口 ,104.0
114/08/23,O9 梨 其他進口 ,85.9
114/08/23,O99 梨 西洋梨進口 ,40.0
114/08/23,S49 葡萄 無子進口 ,127.0
114/08/23,S9 葡萄 進口 ,325.4
114/08/23,W9 洋香瓜 進口 ,60.1
114/08/23,X49 蘋果 金冠進口 ,44.4
114/08/23,X69 蘋果 富士進口 ,54.4
114/08/23,Y19 桃子 水蜜桃進口 ,138.6
114/08/23,Y39 桃子 甜桃進口 ,91.1
114/08/23,Y9 桃子 進口 ,210.3
114/08/24,129 椰子 剝殼進口 ,40.0
114/08/24,469 藍莓 進口 ,268.4
114/08/24,839 櫻桃 進口 ,152.2
114/08/24,859 榴槤 進口 ,118.3
114/08/24,919 其他 進口 ,240.0
114/08/24,C9 柑橘 進口 ,83.8
114/08/24,E9 甜橙 進口 ,45.9
114/08/24,G49 奇異果 進口 ,87.2
114/08/24,H49 葡萄柚 紅肉進口 ,266.7
114/08/24,N9 李 進口 ,111.1
114/08/24,O9 梨 其他進口 ,80.0
114/08/24,S49 葡萄 無子進口 ,200.0
114/08/24,S9 葡萄 進口 ,342.6
114/08/24,W9 洋香瓜 進口 ,61.1
114/08/24,X69 蘋果 富士進口 ,56.6
114/08/24,Y19 桃子 水蜜桃進口 ,142.2
114/08/24,Y39 桃子 甜桃進口 ,68.1
114/08/24,Y9 桃子 進口 ,168.6
114/08/26,129 椰子 剝殼進口 ,31.0
114/08/26,459 草莓 進口 ,177.8
114/08/26,469 藍莓 進口 ,188.3
114/08/26,839 櫻桃 進口 ,157.5
114/08/26,859 榴槤 進口 ,100.0
114/08/26,919 其他 進口 ,81.0
114/08/26,C9 柑橘 進口 ,74.7
114/08/26,E9 甜橙 進口 ,22.2
114/08/26,F9 雜柑 進口 ,66.7
114/08/26,G39 酪梨 進口 ,153.3
114/08/26,G49 奇異果 進口 ,112.4
114/08/26,H49 葡萄柚 紅肉進口 ,40.0
114/08/26,N9 李 進口 ,104.3
114/08/26,O9 梨 其他進口 ,266.7
114/08/26,S49 葡萄 無子進口 ,144.4
114/08/26,S9 葡萄 進口 ,388.5
114/08/26,W9 洋香瓜 進口 ,49.7
114/08/26,X69 蘋果 富士進口 ,57.4
114/08/26,Y19 桃子 水蜜桃進口 ,120.8
114/08/26,Y9 桃子 進口 ,205.9
114/08/27,129 椰子 剝殼進口 ,33.5
114/08/27,469 藍莓 進口 ,76.7
114/08/27,839 櫻桃 進口 ,113.1
114/08/27,859 榴槤 進口 ,111.1
114/08/27,919 其他 進口 ,233.3
114/08/27,C9 柑橘 進口 ,83.5
114/08/27,E9 甜橙 進口 ,47.4
114/08/27,G49 奇異果 進口 ,78.2
114/08/27,N9 李 進口 ,109.2
114/08/27,O9 梨 其他進口 ,266.7
114/08/27,O99 梨 西洋梨進口 ,40.0
114/08/27,S49 葡萄 無子進口 ,136.9
114/08/27,S9 葡萄 進口 ,175.4
114/08/27,W9 洋香瓜 進口 ,55.3
114/08/27,X69 蘋果 富士進口 ,60.8
114/08/27,Y19 桃子 水蜜桃進口 ,109.0
114/08/27,Y39 桃子 甜桃進口 ,79.2
114/08/27,Y9 桃子 進口 ,340.6
114/08/28,129 椰子 剝殼進口 ,32.1
114/08/28,459 草莓 進口 ,169.9
114/08/28,839 櫻桃 進口 ,198.2
114/08/28,C9 柑橘 進口 ,97.4
114/08/28,E9 甜橙 進口 ,37.3
114/08/28,G49 奇異果 進口 ,87.2
114/08/28,N9 李 進口 ,100.0
114/08/28,O9 梨 其他進口 ,80.0
114/08/28,S49 葡萄 無子進口 ,129.4
114/08/28,S9 葡萄 進口 ,382.4
114/08/28,W9 洋香瓜 進口 ,55.4
114/08/28,X69 蘋果 富士進口 ,63.1
114/08/28,Y19 桃子 水蜜桃進口 ,104.8
114/08/28,Y39 桃子 甜桃進口 ,89.5
114/08/28,Y9 桃子 進口 ,254.4
114/08/29,119 椰子 進口 ,77.5
114/08/29,129 椰子 剝殼進口 ,25.5
114/08/29,459 草莓 進口 ,177.8
114/08/29,469 藍莓 進口 ,75.0
114/08/29,839 櫻桃 進口 ,97.2
114/08/29,C9 柑橘 進口 ,87.5
114/08/29,G49 奇異果 進口 ,101.2
114/08/29,N9 李 進口 ,93.8
114/08/29,O9 梨 其他進口 ,75.6
114/08/29,S49 葡萄 無子進口 ,135.1
114/08/29,S9 葡萄 進口 ,357.8
114/08/29,W9 洋香瓜 進口 ,66.5
114/08/29,X49 蘋果 金冠進口 ,26.7
114/08/29,X69 蘋果 富士進口 ,54.1
114/08/29,Y19 桃子 水蜜桃進口 ,146.2
114/08/29,Y39 桃子 甜桃進口 ,87.5
114/08/29,Y9 桃子 進口 ,237.2
114/08/30,129 椰子 剝殼進口 ,26.0
114/08/30,469 藍莓 進口 ,201.5
114/08/30,839 櫻桃 進口 ,157.5
114/08/30,859 榴槤 進口 ,106.7
114/08/30,919 其他 進口 ,240.0
114/08/30,C9 柑橘 進口 ,72.4
114/08/30,E9 甜橙 進口 ,49.6
114/08/30,G39 酪梨 進口 ,155.2
114/08/30,G49 奇異果 進口 ,76.1
114/08/30,N9 李 進口 ,82.9
114/08/30,S49 葡萄 無子進口 ,136.3
114/08/30,S9 葡萄 進口 ,316.9
114/08/30,W9 洋香瓜 進口 ,53.4
114/08/30,X69 蘋果 富士進口 ,62.8
114/08/30,Y39 桃子 甜桃進口 ,86.7
114/08/30,Y9 桃子 進口 ,353.2
114/08/31,129 椰子 剝殼進口 ,46.6
114/08/31,459 草莓 進口 ,177.8
114/08/31,469 藍莓 進口 ,200.4
114/08/31,839 櫻桃 進口 ,166.2
114/08/31,859 榴槤 進口 ,200.0
114/08/31,C9 柑橘 進口 ,69.7
114/08/31,E9 甜橙 進口 ,50.7
114/08/31,G39 酪梨 進口 ,146.7
114/08/31,G49 奇異果 進口 ,95.1
114/08/31,N9 李 進口 ,95.6
114/08/31,O9 梨 其他進口 ,78.0
114/08/31,S49 葡萄 無子進口 ,134.5
114/08/31,S9 葡萄 進口 ,329.4
114/08/31,W9 洋香瓜 進口 ,51.4
114/08/31,X69 蘋果 富士進口 ,70.8
114/08/31,Y19 桃子 水蜜桃進口 ,167.5
114/08/31,Y39 桃子 甜桃進口 ,79.0
114/08/31,Y9 桃子 進口 ,261.6
114/09/02,129 椰子 剝殼進口 ,30.0
114/09/02,469 藍莓 進口 ,251.2
114/09/02,839 櫻桃 進口 ,203.2
114/09/02,859 榴槤 進口 ,93.3
114/09/02,919 其他 進口 ,166.6
114/09/02,C9 柑橘 進口 ,82.9
114/09/02,E9 甜橙 進口 ,45.8
114/09/02,G49 奇異果 進口 ,80.8
114/09/02,N9 李 進口 ,107.4
114/09/02,O9 梨 其他進口 ,75.6
114/09/02,S49 葡萄 無子進口 ,124.2
114/09/02,S9 葡萄 進口 ,283.0
114/09/02,W9 洋香瓜 進口 ,61.1
114/09/02,X69 蘋果 富士進口 ,60.4
114/09/02,Y19 桃子 水蜜桃進口 ,153.1
114/09/02,Y39 桃子 甜桃進口 ,88.6
114/09/02,Y9 桃子 進口 ,328.8
114/09/03,129 椰子 剝殼進口 ,24.7
114/09/03,459 草莓 進口 ,177.8
114/09/03,469 藍莓 進口 ,233.3
114/09/03,859 榴槤 進口 ,111.8
114/09/03,919 其他 進口 ,72.3
114/09/03,C9 柑橘 進口 ,69.9
114/09/03,E9 甜橙 進口 ,53.5
114/09/03,F9 雜柑 進口 ,73.3
114/09/03,G49 奇異果 進口 ,81.0
114/09/03,N9 李 進口 ,82.3
114/09/03,O9 梨 其他進口 ,93.2
114/09/03,S49 葡萄 無子進口 ,124.7
114/09/03,S9 葡萄 進口 ,257.3
114/09/03,W9 洋香瓜 進口 ,53.9
114/09/03,X69 蘋果 富士進口 ,73.2
114/09/03,Y19 桃子 水蜜桃進口 ,169.2
114/09/03,Y39 桃子 甜桃進口 ,98.8
114/09/03,Y9 桃子 進口 ,324.3
114/09/04,129 椰子 剝殼進口 ,29.7
114/09/04,459 草莓 進口 ,177.8
114/09/04,469 藍莓 進口 ,128.9
114/09/04,859 榴槤 進口 ,180.0
114/09/04,919 其他 進口 ,240.0
114/09/04,C9 柑橘 進口 ,87.0
114/09/04,E9 甜橙 進口 ,48.7
114/09/04,G39 酪梨 進口 ,153.3
114/09/04,G49 奇異果 進口 ,86.2
114/09/04,N9 李 進口 ,81.7
114/09/04,O9 梨 其他進口 ,69.8
114/09/04,O99 梨 西洋梨進口 ,57.8
114/09/04,S49 葡萄 無子進口 ,117.0
114/09/04,S9 葡萄 進口 ,287.4
114/09/04,W9 洋香瓜 進口 ,74.2
114/09/04,X69 蘋果 富士進口 ,59.7
114/09/04,Y19 桃子 水蜜桃進口 ,205.0
114/09/04,Y39 桃子 甜桃進口 ,112.0
114/09/04,Y9 桃子 進口 ,235.9
114/09/04,Z9 柿子 進口 ,500.0
114/09/05,129 椰子 剝殼進口 ,29.1
114/09/05,459 草莓 進口 ,177.8
114/09/05,469 藍莓 進口 ,260.2
114/09/05,859 榴槤 進口 ,112.8
114/09/05,C9 柑橘 進口 ,89.5
114/09/05,E9 甜橙 進口 ,47.5
114/09/05,G39 酪梨 進口 ,120.0
114/09/05,G49 奇異果 進口 ,95.1
114/09/05,N9 李 進口 ,103.7
114/09/05,O9 梨 其他進口 ,73.1
114/09/05,O99 梨 西洋梨進口 ,40.0
114/09/05,S49 葡萄 無子進口 ,129.0
114/09/05,S9 葡萄 進口 ,267.2
114/09/05,W9 洋香瓜 進口 ,46.3
114/09/05,X69 蘋果 富士進口 ,62.1
114/09/05,Y19 桃子 水蜜桃進口 ,157.8
114/09/05,Y39 桃子 甜桃進口 ,154.8
114/09/05,Y9 桃子 進口 ,226.1
114/09/06,129 椰子 剝殼進口 ,73.3
114/09/06,469 藍莓 進口 ,94.8
114/09/06,919 其他 進口 ,240.0
114/09/06,C9 柑橘 進口 ,79.8
114/09/06,E9 甜橙 進口 ,47.9
114/09/06,G49 奇異果 進口 ,84.4
114/09/06,N9 李 進口 ,78.7
114/09/06,O9 梨 其他進口 ,75.6
114/09/06,S49 葡萄 無子進口 ,128.6
114/09/06,S9 葡萄 進口 ,260.1
114/09/06,W9 洋香瓜 進口 ,92.3
114/09/06,X69 蘋果 富士進口 ,60.6
114/09/06,Y19 桃子 水蜜桃進口 ,131.5
114/09/06,Y39 桃子 甜桃進口 ,147.3
114/09/06,Y9 桃子 進口 ,262.6
114/09/09,129 椰子 剝殼進口 ,26.7
114/09/09,469 藍莓 進口 ,95.0
114/09/09,919 其他 進口 ,216.7
114/09/09,C9 柑橘 進口 ,63.9
114/09/09,E9 甜橙 進口 ,38.8
114/09/09,G39 酪梨 進口 ,186.7
114/09/09,G49 奇異果 進口 ,92.0
114/09/09,N9 李 進口 ,111.4
114/09/09,O9 梨 其他進口 ,82.1
114/09/09,O99 梨 西洋梨進口 ,42.6
114/09/09,S49 葡萄 無子進口 ,112.8
114/09/09,S9 葡萄 進口 ,277.8
114/09/09,W9 洋香瓜 進口 ,69.0
114/09/09,X69 蘋果 富士進口 ,73.7
114/09/09,Y19 桃子 水蜜桃進口 ,166.6
114/09/09,Y39 桃子 甜桃進口 ,95.8
114/09/09,Y9 桃子 進口 ,245.0
114/09/10,459 草莓 進口 ,177.8
114/09/10,469 藍莓 進口 ,266.7
114/09/10,839 櫻桃 進口 ,253.8
114/09/10,859 榴槤 進口 ,147.3
114/09/10,919 其他 進口 ,226.6
114/09/10,C9 柑橘 進口 ,70.0
114/09/10,E9 甜橙 進口 ,42.4
114/09/10,G49 奇異果 進口 ,80.7
114/09/10,H49 葡萄柚 紅肉進口 ,35.6
114/09/10,N9 李 進口 ,119.0
114/09/10,O9 梨 其他進口 ,79.9
114/09/10,S49 葡萄 無子進口 ,124.7
114/09/10,S9 葡萄 進口 ,332.2
114/09/10,W9 洋香瓜 進口 ,64.8
114/09/10,X69 蘋果 富士進口 ,55.1
114/09/10,Y19 桃子 水蜜桃進口 ,141.8
114/09/10,Y39 桃子 甜桃進口 ,85.8
114/09/10,Y9 桃子 進口 ,308.2
114/09/11,129 椰子 剝殼進口 ,34.8
114/09/11,459 草莓 進口 ,177.8
114/09/11,839 櫻桃 進口 ,301.3
114/09/11,919 其他 進口 ,233.4
114/09/11,C9 柑橘 進口 ,76.2
114/09/11,G49 奇異果 進口 ,70.1
114/09/11,N9 李 進口 ,135.9
114/09/11,O9 梨 其他進口 ,77.9
114/09/11,S49 葡萄 無子進口 ,137.6
114/09/11,S9 葡萄 進口 ,359.7
114/09/11,W9 洋香瓜 進口 ,87.7
114/09/11,X69 蘋果 富士進口 ,79.9
114/09/11,Y19 桃子 水蜜桃進口 ,153.3
114/09/11,Y39 桃子 甜桃進口 ,80.0
114/09/11,Y9 桃子 進口 ,224.7
114/09/12,129 椰子 剝殼進口 ,30.6
114/09/12,469 藍莓 進口 ,266.8
114/09/12,919 其他 進口 ,61.4
114/09/12,C9 柑橘 進口 ,76.6
114/09/12,E9 甜橙 進口 ,70.9
114/09/12,G49 奇異果 進口 ,114.8
114/09/12,N9 李 進口 ,103.5
114/09/12,O9 梨 其他進口 ,119.1
114/09/12,S49 葡萄 無子進口 ,123.2
114/09/12,S9 葡萄 進口 ,399.5
114/09/12,W9 洋香瓜 進口 ,55.8
114/09/12,X69 蘋果 富士進口 ,59.9
114/09/12,Y19 桃子 水蜜桃進口 ,103.3
114/09/12,Y39 桃子 甜桃進口 ,154.1
114/09/12,Y9 桃子 進口 ,229.3
114/09/13,129 椰子 剝殼進口 ,21.3
114/09/13,469 藍莓 進口 ,200.0
114/09/13,839 櫻桃 進口 ,310.8
114/09/13,919 其他 進口 ,226.7
114/09/13,C9 柑橘 進口 ,75.4
114/09/13,E9 甜橙 進口 ,50.0
114/09/13,G39 酪梨 進口 ,153.3
114/09/13,G49 奇異果 進口 ,96.1
114/09/13,N9 李 進口 ,108.1
114/09/13,O9 梨 其他進口 ,142.9
114/09/13,S49 葡萄 無子進口 ,112.2
114/09/13,S9 葡萄 進口 ,283.3
114/09/13,W9 洋香瓜 進口 ,103.7
114/09/13,X69 蘋果 富士進口 ,76.5
114/09/13,Y19 桃子 水蜜桃進口 ,134.0
114/09/13,Y39 桃子 甜桃進口 ,100.2
114/09/13,Y9 桃子 進口 ,239.6
114/09/14,129 椰子 剝殼進口 ,30.0
114/09/14,839 櫻桃 進口 ,311.1
114/09/14,859 榴槤 進口 ,120.0
114/09/14,919 其他 進口 ,226.7
114/09/14,C9 柑橘 進口 ,92.5
114/09/14,E9 甜橙 進口 ,39.5
114/09/14,G49 奇異果 進口 ,100.8
114/09/14,N9 李 進口 ,94.7
114/09/14,O9 梨 其他進口 ,95.4
114/09/14,S49 葡萄 無子進口 ,111.7
114/09/14,S9 葡萄 進口 ,291.0
114/09/14,W9 洋香瓜 進口 ,241.4
114/09/14,X69 蘋果 富士進口 ,68.9
114/09/14,Y19 桃子 水蜜桃進口 ,139.3
114/09/14,Y39 桃子 甜桃進口 ,10.0
114/09/14,Y9 桃子 進口 ,227.3
114/09/16,129 椰子 剝殼進口 ,26.6
114/09/16,459 草莓 進口 ,177.8
114/09/16,469 藍莓 進口 ,278.7
114/09/16,C9 柑橘 進口 ,64.8
114/09/16,E9 甜橙 進口 ,66.7
114/09/16,G49 奇異果 進口 ,79.0
114/09/16,N9 李 進口 ,92.3
114/09/16,O9 梨 其他進口 ,231.1
114/09/16,O99 梨 西洋梨進口 ,43.1
114/09/16,S49 葡萄 無子進口 ,137.1
114/09/16,S9 葡萄 進口 ,323.6
114/09/16,W9 洋香瓜 進口 ,68.3
114/09/16,X69 蘋果 富士進口 ,57.2
114/09/16,Y19 桃子 水蜜桃進口 ,170.0
114/09/16,Y39 桃子 甜桃進口 ,8.0
114/09/16,Y9 桃子 進口 ,298.9
114/09/17,469 藍莓 進口 ,306.9
114/09/17,919 其他 進口 ,186.7
114/09/17,C9 柑橘 進口 ,69.2
114/09/17,E9 甜橙 進口 ,135.0
114/09/17,G39 酪梨 進口 ,133.3
114/09/17,G49 奇異果 進口 ,82.8
114/09/17,N9 李 進口 ,117.1
114/09/17,O9 梨 其他進口 ,124.9
114/09/17,S49 葡萄 無子進口 ,110.3
114/09/17,S9 葡萄 進口 ,321.0
114/09/17,W9 洋香瓜 進口 ,55.7
114/09/17,X39 蘋果 惠進口 ,43.3
114/09/17,X69 蘋果 富士進口 ,60.1
114/09/17,Y19 桃子 水蜜桃進口 ,195.0
114/09/17,Y39 桃子 甜桃進口 ,137.7
114/09/17,Y9 桃子 進口 ,269.4
114/09/18,129 椰子 剝殼進口 ,41.6
114/09/18,459 草莓 進口 ,177.8
114/09/18,469 藍莓 進口 ,193.3
114/09/18,C9 柑橘 進口 ,69.6
114/09/18,E9 甜橙 進口 ,130.0
114/09/18,G49 奇異果 進口 ,100.7
114/09/18,N9 李 進口 ,111.9
114/09/18,O9 梨 其他進口 ,85.8
114/09/18,S49 葡萄 無子進口 ,116.0
114/09/18,S9 葡萄 進口 ,407.2
114/09/18,W9 洋香瓜 進口 ,102.9
114/09/18,X69 蘋果 富士進口 ,57.0
114/09/18,Y39 桃子 甜桃進口 ,8.0
114/09/18,Y9 桃子 進口 ,340.9
114/09/19,129 椰子 剝殼進口 ,26.7
114/09/19,469 藍莓 進口 ,149.0
114/09/19,839 櫻桃 進口 ,244.8
114/09/19,C9 柑橘 進口 ,68.9
114/09/19,E9 甜橙 進口 ,48.1
114/09/19,G39 酪梨 進口 ,66.7
114/09/19,G49 奇異果 進口 ,77.1
114/09/19,N9 李 進口 ,104.8
114/09/19,O9 梨 其他進口 ,109.5
114/09/19,S49 葡萄 無子進口 ,121.9
114/09/19,S9 葡萄 進口 ,252.0
114/09/19,W9 洋香瓜 進口 ,122.5
114/09/19,X69 蘋果 富士進口 ,61.0
114/09/19,Y19 桃子 水蜜桃進口 ,240.0
114/09/19,Y9 桃子 進口 ,248.6
114/09/20,129 椰子 剝殼進口 ,46.6
114/09/20,469 藍莓 進口 ,254.6
114/09/20,839 櫻桃 進口 ,240.0
114/09/20,C9 柑橘 進口 ,82.4
114/09/20,E9 甜橙 進口 ,45.6
114/09/20,G39 酪梨 進口 ,133.3
114/09/20,G49 奇異果 進口 ,82.0
114/09/20,N9 李 進口 ,128.4
114/09/20,O9 梨 其他進口 ,119.2
114/09/20,S49 葡萄 無子進口 ,111.0
114/09/20,S9 葡萄 進口 ,301.6
114/09/20,W9 洋香瓜 進口 ,81.2
114/09/20,X69 蘋果 富士進口 ,64.8
114/09/20,Y19 桃子 水蜜桃進口 ,233.3
114/09/20,Y9 桃子 進口 ,292.6
114/09/21,129 椰子 剝殼進口 ,42.4
114/09/21,469 藍莓 進口 ,167.0
114/09/21,919 其他 進口 ,367.4
114/09/21,C9 柑橘 進口 ,56.1
114/09/21,E9 甜橙 進口 ,44.4
114/09/21,G49 奇異果 進口 ,83.6
114/09/21,N9 李 進口 ,102.5
114/09/21,O9 梨 其他進口 ,159.5
114/09/21,O99 梨 西洋梨進口 ,22.2
114/09/21,S49 葡萄 無子進口 ,96.5
114/09/21,S9 葡萄 進口 ,309.0
114/09/21,X69 蘋果 富士進口 ,64.8
114/09/21,Y19 桃子 水蜜桃進口 ,240.0
114/09/21,Y9 桃子 進口 ,186.7
114/09/23,129 椰子 剝殼進口 ,24.5
114/09/23,459 草莓 進口 ,177.8
114/09/23,469 藍莓 進口 ,90.0
114/09/23,859 榴槤 進口 ,100.0
114/09/23,919 其他 進口 ,186.6
114/09/23,C9 柑橘 進口 ,60.4
114/09/23,E9 甜橙 進口 ,46.6
114/09/23,G49 奇異果 進口 ,79.4
114/09/23,N9 李 進口 ,88.2
114/09/23,O9 梨 其他進口 ,78.8
114/09/23,O99 梨 西洋梨進口 ,26.7
114/09/23,S49 葡萄 無子進口 ,87.6
114/09/23,S9 葡萄 進口 ,297.9
114/09/23,W9 洋香瓜 進口 ,329.4
114/09/23,X49 蘋果 金冠進口 ,245.5
114/09/23,X69 蘋果 富士進口 ,50.6
114/09/23,Y9 桃子 進口 ,289.6
114/09/24,469 藍莓 進口 ,215.1
114/09/24,859 榴槤 進口 ,120.0
114/09/24,919 其他 進口 ,112.3
114/09/24,C9 柑橘 進口 ,79.6
114/09/24,E9 甜橙 進口 ,53.7
114/09/24,G49 奇異果 進口 ,95.5
114/09/24,N9 李 進口 ,100.7
114/09/24,O9 梨 其他進口 ,162.0
114/09/24,S49 葡萄 無子進口 ,115.7
114/09/24,S9 葡萄 進口 ,340.3
114/09/24,W9 洋香瓜 進口 ,74.1
114/09/24,X69 蘋果 富士進口 ,56.0
114/09/24,Y9 桃子 進口 ,262.9
114/09/24,Z9 柿子 進口 ,233.4
114/09/26,129 椰子 剝殼進口 ,48.4
114/09/26,459 草莓 進口 ,133.3
114/09/26,469 藍莓 進口 ,148.6
114/09/26,859 榴槤 進口 ,106.7
114/09/26,919 其他 進口 ,595.5
114/09/26,C9 柑橘 進口 ,57.2
114/09/26,E9 甜橙 進口 ,49.0
114/09/26,G39 酪梨 進口 ,100.0
114/09/26,G49 奇異果 進口 ,110.5
114/09/26,H49 葡萄柚 紅肉進口 ,43.5
114/09/26,N9 李 進口 ,104.9
114/09/26,O9 梨 其他進口 ,164.8
114/09/26,S49 葡萄 無子進口 ,111.0
114/09/26,S9 葡萄 進口 ,445.7
114/09/26,W9 洋香瓜 進口 ,105.5
114/09/26,X69 蘋果 富士進口 ,65.3
114/09/26,Y19 桃子 水蜜桃進口 ,178.0
114/09/26,Y9 桃子 進口 ,276.0
114/09/27,129 椰子 剝殼進口 ,26.5
114/09/27,469 藍莓 進口 ,138.9
114/09/27,919 其他 進口 ,186.7
114/09/27,C9 柑橘 進口 ,54.6
114/09/27,E9 甜橙 進口 ,49.1
114/09/27,F9 雜柑 進口 ,83.3
114/09/27,G49 奇異果 進口 ,81.0
114/09/27,H49 葡萄柚 紅肉進口 ,40.0
114/09/27,N9 李 進口 ,125.0
114/09/27,O9 梨 其他進口 ,141.9
114/09/27,S49 葡萄 無子進口 ,113.9
114/09/27,S9 葡萄 進口 ,416.8
114/09/27,W9 洋香瓜 進口 ,71.6
114/09/27,X49 蘋果 金冠進口 ,144.0
114/09/27,X69 蘋果 富士進口 ,59.2
114/09/27,Y19 桃子 水蜜桃進口 ,170.0
114/09/27,Y9 桃子 進口 ,285.5
114/09/28,129 椰子 剝殼進口 ,35.6
114/09/28,459 草莓 進口 ,177.8
114/09/28,469 藍莓 進口 ,253.6
114/09/28,839 櫻桃 進口 ,285.2
114/09/28,859 榴槤 進口 ,106.7
114/09/28,C9 柑橘 進口 ,55.9
114/09/28,G49 奇異果 進口 ,111.3
114/09/28,H49 葡萄柚 紅肉進口 ,40.0
114/09/28,N9 李 進口 ,128.4
114/09/28,O9 梨 其他進口 ,86.1
114/09/28,O99 梨 西洋梨進口 ,46.7
114/09/28,S49 葡萄 無子進口 ,102.7
114/09/28,S9 葡萄 進口 ,277.9
114/09/28,W9 洋香瓜 進口 ,295.6
114/09/28,X49 蘋果 金冠進口 ,113.3
114/09/28,X69 蘋果 富士進口 ,51.0
114/09/30,129 椰子 剝殼進口 ,77.4
114/09/30,459 草莓 進口 ,177.8
114/09/30,469 藍莓 進口 ,224.5
114/09/30,859 榴槤 進口 ,93.3
114/09/30,919 其他 進口 ,186.6
114/09/30,C9 柑橘 進口 ,45.1
114/09/30,E9 甜橙 進口 ,151.2
114/09/30,G49 奇異果 進口 ,87.6
114/09/30,N9 李 進口 ,115.2
114/09/30,O9 梨 其他進口 ,92.5
114/09/30,O99 梨 西洋梨進口 ,40.0
114/09/30,S49 葡萄 無子進口 ,94.5
114/09/30,S9 葡萄 進口 ,375.3
114/09/30,W9 洋香瓜 進口 ,335.3
114/09/30,X49 蘋果 金冠進口 ,135.9
114/09/30,X69 蘋果 富士進口 ,61.1
114/10/01,119 椰子 進口 ,79.1
114/10/01,129 椰子 剝殼進口 ,26.7
114/10/01,469 藍莓 進口 ,206.0
114/10/01,C9 柑橘 進口 ,52.8
114/10/01,E9 甜橙 進口 ,44.3
114/10/01,G49 奇異果 進口 ,79.2
114/10/01,N9 李 進口 ,112.7
114/10/01,O9 梨 其他進口 ,82.7
114/10/01,O99 梨 西洋梨進口 ,46.4
114/10/01,S49 葡萄 無子進口 ,108.0
114/10/01,S9 葡萄 進口 ,339.2
114/10/01,W9 洋香瓜 進口 ,105.3
114/10/01,X49 蘋果 金冠進口 ,135.3
114/10/01,X69 蘋果 富士進口 ,54.4
114/10/01,Z9 柿子 進口 ,233.3
114/10/02,129 椰子 剝殼進口 ,27.0
114/10/02,459 草莓 進口 ,177.8
114/10/02,469 藍莓 進口 ,100.5
114/10/02,919 其他 進口 ,66.7
114/10/02,C9 柑橘 進口 ,42.5
114/10/02,E9 甜橙 進口 ,45.6
114/10/02,G39 酪梨 進口 ,133.3
114/10/02,G49 奇異果 進口 ,96.0
114/10/02,N9 李 進口 ,87.9
114/10/02,O9 梨 其他進口 ,85.0
114/10/02,S49 葡萄 無子進口 ,112.3
114/10/02,S9 葡萄 進口 ,398.0
114/10/02,W9 洋香瓜 進口 ,323.6
114/10/02,X49 蘋果 金冠進口 ,144.3
114/10/02,X69 蘋果 富士進口 ,55.7
114/10/03,119 椰子 進口 ,79.0
114/10/03,129 椰子 剝殼進口 ,28.2
114/10/03,469 藍莓 進口 ,235.0
114/10/03,859 榴槤 進口 ,106.7
114/10/03,919 其他 進口 ,66.7
114/10/03,C9 柑橘 進口 ,44.5
114/10/03,E9 甜橙 進口 ,70.3
114/10/03,G49 奇異果 進口 ,82.1
114/10/03,N9 李 進口 ,74.7
114/10/03,O9 梨 其他進口 ,70.1
114/10/03,S49 葡萄 無子進口 ,106.5
114/10/03,S9 葡萄 進口 ,254.7
114/10/03,W9 洋香瓜 進口 ,71.9
114/10/03,X49 蘋果 金冠進口 ,134.8
114/10/03,X69 蘋果 富士進口 ,55.9
114/10/03,Z9 柿子 進口 ,222.2
114/10/04,119 椰子 進口 ,73.3
114/10/04,129 椰子 剝殼進口 ,26.7
114/10/04,469 藍莓 進口 ,219.0
114/10/04,849 石榴 進口 ,333.4
114/10/04,919 其他 進口 ,173.3
114/10/04,C9 柑橘 進口 ,36.2
114/10/04,E9 甜橙 進口 ,50.1
114/10/04,G39 酪梨 進口 ,373.4
114/10/04,G49 奇異果 進口 ,83.0
114/10/04,N9 李 進口 ,69.8
114/10/04,O9 梨 其他進口 ,61.0
114/10/04,S49 葡萄 無子進口 ,101.1
114/10/04,S9 葡萄 進口 ,362.4
114/10/04,W9 洋香瓜 進口 ,84.8
114/10/04,X49 蘋果 金冠進口 ,133.3
114/10/04,X69 蘋果 富士進口 ,72.7
114/10/04,Z9 柿子 進口 ,233.4
114/10/05,129 椰子 剝殼進口 ,28.3
114/10/05,459 草莓 進口 ,177.8
114/10/05,469 藍莓 進口 ,232.7
114/10/05,C9 柑橘 進口 ,50.0
114/10/05,E9 甜橙 進口 ,49.6
114/10/05,G49 奇異果 進口 ,91.4
114/10/05,N9 李 進口 ,74.0
114/10/05,O9 梨 其他進口 ,78.1
114/10/05,S49 葡萄 無子進口 ,108.7
114/10/05,S9 葡萄 進口 ,301.5
114/10/05,W9 洋香瓜 進口 ,92.8
114/10/05,X49 蘋果 金冠進口 ,133.1
114/10/05,X69 蘋果 富士進口 ,63.1
114/10/06,129 椰子 剝殼進口 ,70.0
114/10/06,469 藍莓 進口 ,186.5
114/10/06,839 櫻桃 進口 ,150.0
114/10/06,C9 柑橘 進口 ,45.4
114/10/06,E9 甜橙 進口 ,46.4
114/10/06,G49 奇異果 進口 ,86.8
114/10/06,N9 李 進口 ,74.5
114/10/06,O9 梨 其他進口 ,74.6
114/10/06,O99 梨 西洋梨進口 ,40.0
114/10/06,S49 葡萄 無子進口 ,99.2
114/10/06,S9 葡萄 進口 ,291.5
114/10/06,W9 洋香瓜 進口 ,291.7
114/10/06,X49 蘋果 金冠進口 ,163.5
114/10/06,X69 蘋果 富士進口 ,52.8
114/10/06,Z9 柿子 進口 ,263.9
114/10/09,459 草莓 進口 ,177.8
114/10/09,469 藍莓 進口 ,218.6
114/10/09,919 其他 進口 ,173.3
114/10/09,C9 柑橘 進口 ,47.9
114/10/09,E9 甜橙 進口 ,40.3
114/10/09,G49 奇異果 進口 ,100.6
114/10/09,H49 葡萄柚 紅肉進口 ,40.0
114/10/09,H9 柚子 進口 ,110.0
114/10/09,N9 李 進口 ,93.6
114/10/09,O9 梨 其他進口 ,116.2
114/10/09,S49 葡萄 無子進口 ,105.3
114/10/09,S9 葡萄 進口 ,154.3
114/10/09,X49 蘋果 金冠進口 ,126.4
114/10/09,X69 蘋果 富士進口 ,47.1
114/10/10,129 椰子 剝殼進口 ,20.0
114/10/10,459 草莓 進口 ,177.8
114/10/10,469 藍莓 進口 ,125.1
114/10/10,849 石榴 進口 ,1066.5
114/10/10,919 其他 進口 ,166.7
114/10/10,C9 柑橘 進口 ,49.6
114/10/10,E9 甜橙 進口 ,125.8
114/10/10,G49 奇異果 進口 ,80.6
114/10/10,N9 李 進口 ,78.4
114/10/10,O9 梨 其他進口 ,71.1
114/10/10,S49 葡萄 無子進口 ,104.3
114/10/10,S9 葡萄 進口 ,184.9
114/10/10,W9 洋香瓜 進口 ,221.8
114/10/10,X49 蘋果 金冠進口 ,129.6
114/10/10,X69 蘋果 富士進口 ,58.1
114/10/10,Z9 柿子 進口 ,248.9
114/10/11,469 藍莓 進口 ,158.5
114/10/11,919 其他 進口 ,171.7
114/10/11,C9 柑橘 進口 ,39.4
114/10/11,G49 奇異果 進口 ,97.1
114/10/11,N9 李 進口 ,87.3
114/10/11,O9 梨 其他進口 ,65.2
114/10/11,S49 葡萄 無子進口 ,101.3
114/10/11,S9 葡萄 進口 ,278.5
114/10/11,W9 洋香瓜 進口 ,275.0
114/10/11,X49 蘋果 金冠進口 ,133.3
114/10/11,X69 蘋果 富士進口 ,58.6
114/10/12,459 草莓 進口 ,177.8
114/10/12,469 藍莓 進口 ,89.7
114/10/12,919 其他 進口 ,167.1
114/10/12,C9 柑橘 進口 ,49.1
114/10/12,E9 甜橙 進口 ,42.4
114/10/12,G49 奇異果 進口 ,81.9
114/10/12,N9 李 進口 ,72.1
114/10/12,O9 梨 其他進口 ,71.1
114/10/12,O99 梨 西洋梨進口 ,40.0
114/10/12,S49 葡萄 無子進口 ,112.7
114/10/12,S9 葡萄 進口 ,117.6
114/10/12,X49 蘋果 金冠進口 ,115.8
114/10/12,X69 蘋果 富士進口 ,58.7
114/10/12,Z9 柿子 進口 ,208.3
114/10/14,129 椰子 剝殼進口 ,28.5
114/10/14,469 藍莓 進口 ,107.3
114/10/14,859 榴槤 進口 ,113.3
114/10/14,919 其他 進口 ,183.4
114/10/14,C9 柑橘 進口 ,42.0
114/10/14,E9 甜橙 進口 ,57.7
114/10/14,G49 奇異果 進口 ,89.0
114/10/14,H49 葡萄柚 紅肉進口 ,33.3
114/10/14,N9 李 進口 ,62.2
114/10/14,O9 梨 其他進口 ,153.7
114/10/14,O99 梨 西洋梨進口 ,43.0
114/10/14,S49 葡萄 無子進口 ,102.4
114/10/14,S9 葡萄 進口 ,172.2
114/10/14,W9 洋香瓜 進口 ,240.5
114/10/14,X39 蘋果 惠進口 ,44.4
114/10/14,X49 蘋果 金冠進口 ,106.5
114/10/14,X69 蘋果 富士進口 ,67.4
114/10/15,469 藍莓 進口 ,124.5
114/10/15,859 榴槤 進口 ,113.3
114/10/15,C9 柑橘 進口 ,47.8
114/10/15,E9 甜橙 進口 ,39.4
114/10/15,G49 奇異果 進口 ,78.1
114/10/15,N9 李 進口 ,86.1
114/10/15,O9 梨 其他進口 ,80.0
114/10/15,S49 葡萄 無子進口 ,109.7
114/10/15,S9 葡萄 進口 ,217.3
114/10/15,W9 洋香瓜 進口 ,68.6
114/10/15,X49 蘋果 金冠進口 ,121.6
114/10/15,X69 蘋果 富士進口 ,61.9
114/10/15,Y9 桃子 進口 ,583.3
114/10/15,Z9 柿子 進口 ,395.5
114/10/16,459 草莓 進口 ,177.8
114/10/16,469 藍莓 進口 ,159.1
114/10/16,C9 柑橘 進口 ,42.9
114/10/16,E9 甜橙 進口 ,37.4
114/10/16,G49 奇異果 進口 ,81.4
114/10/16,H49 葡萄柚 紅肉進口 ,44.4
114/10/16,N9 李 進口 ,95.0
114/10/16,O9 梨 其他進口 ,75.0
114/10/16,S49 葡萄 無子進口 ,101.4
114/10/16,S9 葡萄 進口 ,314.8
114/10/16,W9 洋香瓜 進口 ,74.5
114/10/16,X49 蘋果 金冠進口 ,119.5
114/10/16,X69 蘋果 富士進口 ,44.8
114/10/16,Z9 柿子 進口 ,233.3
114/10/17,469 藍莓 進口 ,161.2
114/10/17,919 其他 進口 ,75.0
114/10/17,C9 柑橘 進口 ,48.6
114/10/17,E9 甜橙 進口 ,52.3
114/10/17,G49 奇異果 進口 ,102.4
114/10/17,H49 葡萄柚 紅肉進口 ,35.6
114/10/17,N9 李 進口 ,89.7
114/10/17,O9 梨 其他進口 ,67.3
114/10/17,S49 葡萄 無子進口 ,95.8
114/10/17,S9 葡萄 進口 ,246.1
114/10/17,W9 洋香瓜 進口 ,104.2
114/10/17,X49 蘋果 金冠進口 ,116.3
114/10/17,X69 蘋果 富士進口 ,59.5
114/10/17,Z9 柿子 進口 ,183.4
114/10/18,459 草莓 進口 ,177.8
114/10/18,469 藍莓 進口 ,113.5
114/10/18,859 榴槤 進口 ,80.0
114/10/18,919 其他 進口 ,200.0
114/10/18,C9 柑橘 進口 ,39.1
114/10/18,E9 甜橙 進口 ,38.8
114/10/18,F9 雜柑 進口 ,83.3
114/10/18,G49 奇異果 進口 ,99.2
114/10/18,N9 李 進口 ,93.2
114/10/18,O99 梨 西洋梨進口 ,46.7
114/10/18,S49 葡萄 無子進口 ,114.7
114/10/18,S9 葡萄 進口 ,202.0
114/10/18,W9 洋香瓜 進口 ,95.9
114/10/18,X49 蘋果 金冠進口 ,115.2
114/10/18,X69 蘋果 富士進口 ,63.2
114/10/18,Z9 柿子 進口 ,153.0
114/10/19,469 藍莓 進口 ,80.3
114/10/19,C9 柑橘 進口 ,49.7
114/10/19,E9 甜橙 進口 ,47.5
114/10/19,G49 奇異果 進口 ,86.6
114/10/19,N9 李 進口 ,72.3
114/10/19,O9 梨 其他進口 ,67.5
114/10/19,S49 葡萄 無子進口 ,99.0
114/10/19,S9 葡萄 進口 ,212.2
114/10/19,W9 洋香瓜 進口 ,67.1
114/10/19,X49 蘋果 金冠進口 ,104.6
114/10/19,X59 蘋果 紅玉進口 ,132.7
114/10/19,X69 蘋果 富士進口 ,57.8
114/10/19,Z9 柿子 進口 ,124.5
114/10/21,459 草莓 進口 ,177.8
114/10/21,469 藍莓 進口 ,122.4
114/10/21,849 石榴 進口 ,133.3
114/10/21,919 其他 進口 ,123.1
114/10/21,C9 柑橘 進口 ,48.8
114/10/21,E9 甜橙 進口 ,39.5
114/10/21,G39 酪梨 進口 ,120.0
114/10/21,G49 奇異果 進口 ,91.2
114/10/21,N9 李 進口 ,92.5
114/10/21,S49 葡萄 無子進口 ,100.3
114/10/21,S9 葡萄 進口 ,279.3
114/10/21,W9 洋香瓜 進口 ,244.5
114/10/21,X49 蘋果 金冠進口 ,120.0
114/10/21,X59 蘋果 紅玉進口 ,168.2
114/10/21,X69 蘋果 富士進口 ,46.9
114/10/21,Z39 柿子 柿餅進口 ,533.3
114/10/21,Z9 柿子 進口 ,227.7
114/10/22,129 椰子 剝殼進口 ,21.6
114/10/22,469 藍莓 進口 ,123.8
114/10/22,919 其他 進口 ,186.7
114/10/22,C9 柑橘 進口 ,48.0
114/10/22,E9 甜橙 進口 ,29.5
114/10/22,F9 雜柑 進口 ,83.3
114/10/22,G49 奇異果 進口 ,78.3
114/10/22,N9 李 進口 ,70.3
114/10/22,S49 葡萄 無子進口 ,109.7
114/10/22,S9 葡萄 進口 ,218.3
114/10/22,W9 洋香瓜 進口 ,71.8
114/10/22,X39 蘋果 惠進口 ,44.4
114/10/22,X49 蘋果 金冠進口 ,109.1
114/10/22,X59 蘋果 紅玉進口 ,191.8
114/10/22,X69 蘋果 富士進口 ,69.0
114/10/22,Z9 柿子 進口 ,316.7
114/10/23,129 椰子 剝殼進口 ,26.7
114/10/23,459 草莓 進口 ,177.8
114/10/23,469 藍莓 進口 ,131.4
114/10/23,919 其他 進口 ,166.7
114/10/23,C9 柑橘 進口 ,47.6
114/10/23,E9 甜橙 進口 ,47.3
114/10/23,G49 奇異果 進口 ,62.3
114/10/23,N9 李 進口 ,89.9
114/10/23,O9 梨 其他進口 ,57.8
114/10/23,S49 葡萄 無子進口 ,92.9
114/10/23,S9 葡萄 進口 ,274.5
114/10/23,W9 洋香瓜 進口 ,288.9
114/10/23,X49 蘋果 金冠進口 ,103.5
114/10/23,X59 蘋果 紅玉進口 ,186.2
114/10/23,X69 蘋果 富士進口 ,53.4
114/10/23,Z9 柿子 進口 ,308.5
114/10/24,459 草莓 進口 ,177.8
114/10/24,469 藍莓 進口 ,75.0
114/10/24,919 其他 進口 ,40.0
114/10/24,C9 柑橘 進口 ,56.2
114/10/24,E9 甜橙 進口 ,29.6
114/10/24,F9 雜柑 進口 ,83.3
114/10/24,G49 奇異果 進口 ,102.9
114/10/24,N9 李 進口 ,99.3
114/10/24,O9 梨 其他進口 ,158.1
114/10/24,S49 葡萄 無子進口 ,115.3
114/10/24,S9 葡萄 進口 ,182.9
114/10/24,W9 洋香瓜 進口 ,90.0
114/10/24,X49 蘋果 金冠進口 ,77.7
114/10/24,X59 蘋果 紅玉進口 ,128.0
114/10/24,X69 蘋果 富士進口 ,60.6
114/10/24,Z39 柿子 柿餅進口 ,633.3
114/10/25,469 藍莓 進口 ,103.0
114/10/25,919 其他 進口 ,144.4
114/10/25,C9 柑橘 進口 ,56.2
114/10/25,E9 甜橙 進口 ,34.9
114/10/25,G49 奇異果 進口 ,98.5
114/10/25,N9 李 進口 ,86.2
114/10/25,O9 梨 其他進口 ,76.9
114/10/25,O99 梨 西洋梨進口 ,46.7
114/10/25,S49 葡萄 無子進口 ,100.5
114/10/25,S9 葡萄 進口 ,219.5
114/10/25,W9 洋香瓜 進口 ,170.8
114/10/25,X49 蘋果 金冠進口 ,111.5
114/10/25,X59 蘋果 紅玉進口 ,143.1
114/10/25,X69 蘋果 富士進口 ,51.7
114/10/25,Z9 柿子 進口 ,297.6
114/10/26,469 藍莓 進口 ,87.9
114/10/26,919 其他 進口 ,166.7
114/10/26,C9 柑橘 進口 ,45.3
114/10/26,E9 甜橙 進口 ,41.9
114/10/26,G39 酪梨 進口 ,133.3
114/10/26,G49 奇異果 進口 ,75.6
114/10/26,N9 李 進口 ,74.6
114/10/26,O9 梨 其他進口 ,240.0
114/10/26,O99 梨 西洋梨進口 ,40.0
114/10/26,S49 葡萄 無子進口 ,96.8
114/10/26,S9 葡萄 進口 ,233.6
114/10/26,W9 洋香瓜 進口 ,179.6
114/10/26,X49 蘋果 金冠進口 ,89.2
114/10/26,X59 蘋果 紅玉進口 ,196.9
114/10/26,X69 蘋果 富士進口 ,48.1
114/10/26,Z9 柿子 進口 ,279.7
114/10/28,129 椰子 剝殼進口 ,20.0
114/10/28,469 藍莓 進口 ,112.8
114/10/28,849 石榴 進口 ,182.5
114/10/28,919 其他 進口 ,75.0
114/10/28,C9 柑橘 進口 ,51.1
114/10/28,E9 甜橙 進口 ,28.7
114/10/28,G49 奇異果 進口 ,111.1
114/10/28,N9 李 進口 ,99.6
114/10/28,O9 梨 其他進口 ,62.9
114/10/28,S49 葡萄 無子進口 ,107.6
114/10/28,S9 葡萄 進口 ,186.0
114/10/28,W9 洋香瓜 進口 ,90.0
114/10/28,X49 蘋果 金冠進口 ,110.5
114/10/28,X59 蘋果 紅玉進口 ,185.0
114/10/28,X69 蘋果 富士進口 ,60.6
114/10/28,Z39 柿子 柿餅進口 ,1000.0
114/10/28,Z9 柿子 進口 ,254.4
114/10/29,129 椰子 剝殼進口 ,37.8
114/10/29,459 草莓 進口 ,177.8
114/10/29,469 藍莓 進口 ,125.8
114/10/29,849 石榴 進口 ,170.0
114/10/29,919 其他 進口 ,59.7
114/10/29,C9 柑橘 進口 ,42.6
114/10/29,E9 甜橙 進口 ,40.6
114/10/29,G49 奇異果 進口 ,82.6
114/10/29,O9 梨 其他進口 ,66.2
114/10/29,S49 葡萄 無子進口 ,108.5
114/10/29,S9 葡萄 進口 ,219.3
114/10/29,W9 洋香瓜 進口 ,266.6
114/10/29,X49 蘋果 金冠進口 ,111.6
114/10/29,X59 蘋果 紅玉進口 ,149.2
114/10/29,X69 蘋果 富士進口 ,56.4
114/10/29,Z39 柿子 柿餅進口 ,933.5
114/10/29,Z9 柿子 進口 ,432.2
114/10/31,129 椰子 剝殼進口 ,40.0
114/10/31,459 草莓 進口 ,133.3
114/10/31,469 藍莓 進口 ,112.0
114/10/31,839 櫻桃 進口 ,399.1
114/10/31,919 其他 進口 ,222.0
114/10/31,C9 柑橘 進口 ,64.0
114/10/31,E9 甜橙 進口 ,26.4
114/10/31,G39 酪梨 進口 ,106.7
114/10/31,G49 奇異果 進口 ,107.8
114/10/31,O9 梨 其他進口 ,163.2
114/10/31,S49 葡萄 無子進口 ,92.9
114/10/31,S9 葡萄 進口 ,142.7
114/10/31,W9 洋香瓜 進口 ,300.0
114/10/31,X39 蘋果 惠進口 ,45.9
114/10/31,X49 蘋果 金冠進口 ,80.8
114/10/31,X59 蘋果 紅玉進口 ,184.1
114/10/31,X69 蘋果 富士進口 ,31.4
114/10/31,Z39 柿子 柿餅進口 ,966.6
114/10/31,Z9 柿子 進口 ,262.2
114/11/01,129 椰子 剝殼進口 ,42.6
114/11/01,459 草莓 進口 ,177.8
114/11/01,469 藍莓 進口 ,144.4
114/11/01,839 櫻桃 進口 ,463.3
114/11/01,919 其他 進口 ,204.6
114/11/01,C9 柑橘 進口 ,66.7
114/11/01,E9 甜橙 進口 ,26.1
114/11/01,G39 酪梨 進口 ,106.7
114/11/01,G49 奇異果 進口 ,97.1
114/11/01,O9 梨 其他進口 ,81.5
114/11/01,S49 葡萄 無子進口 ,119.6
114/11/01,S9 葡萄 進口 ,202.3
114/11/01,W9 洋香瓜 進口 ,266.6
114/11/01,X39 蘋果 惠進口 ,40.7
114/11/01,X49 蘋果 金冠進口 ,104.3
114/11/01,X59 蘋果 紅玉進口 ,198.3
114/11/01,X69 蘋果 富士進口 ,68.9
114/11/01,Z39 柿子 柿餅進口 ,441.6
114/11/01,Z9 柿子 進口 ,325.5
114/11/02,469 藍莓 進口 ,120.1
114/11/02,919 其他 進口 ,200.0
114/11/02,C9 柑橘 進口 ,71.9
114/11/02,E9 甜橙 進口 ,28.3
114/11/02,G39 酪梨 進口 ,106.7
114/11/02,G49 奇異果 進口 ,81.9
114/11/02,N9 李 進口 ,80.0
114/11/02,O9 梨 其他進口 ,60.0
114/11/02,S49 葡萄 無子進口 ,106.9
114/11/02,S9 葡萄 進口 ,199.4
114/11/02,W9 洋香瓜 進口 ,60.9
114/11/02,X49 蘋果 金冠進口 ,106.7
114/11/02,X59 蘋果 紅玉進口 ,157.2
114/11/02,X69 蘋果 富士進口 ,58.5
114/11/02,Z39 柿子 柿餅進口 ,666.6
114/11/02,Z9 柿子 進口 ,316.3
114/11/04,459 草莓 進口 ,177.8
114/11/04,469 藍莓 進口 ,158.8
114/11/04,839 櫻桃 進口 ,359.8
114/11/04,849 石榴 進口 ,179.3
114/11/04,919 其他 進口 ,160.0
114/11/04,C9 柑橘 進口 ,46.6
114/11/04,E9 甜橙 進口 ,32.2
114/11/04,G39 酪梨 進口 ,92.9
114/11/04,G49 奇異果 進口 ,100.1
114/11/04,N9 李 進口 ,91.9
114/11/04,O9 梨 其他進口 ,59.4
114/11/04,S49 葡萄 無子進口 ,117.0
114/11/04,S9 葡萄 進口 ,202.3
114/11/04,W9 洋香瓜 進口 ,275.0
114/11/04,X49 蘋果 金冠進口 ,118.7
114/11/04,X59 蘋果 紅玉進口 ,166.8
114/11/04,X69 蘋果 富士進口 ,71.6
114/11/04,Z39 柿子 柿餅進口 ,666.7
114/11/04,Z9 柿子 進口 ,290.3
114/11/05,469 藍莓 進口 ,153.6
114/11/05,839 櫻桃 進口 ,406.4
114/11/05,919 其他 進口 ,266.7
114/11/05,C9 柑橘 進口 ,51.4
114/11/05,E9 甜橙 進口 ,25.9
114/11/05,G39 酪梨 進口 ,90.0
114/11/05,G49 奇異果 進口 ,90.3
114/11/05,O9 梨 其他進口 ,56.3
114/11/05,S49 葡萄 無子進口 ,102.1
114/11/05,S9 葡萄 進口 ,169.1
114/11/05,X49 蘋果 金冠進口 ,100.1
114/11/05,X59 蘋果 紅玉進口 ,165.7
114/11/05,X69 蘋果 富士進口 ,83.6
114/11/05,Z39 柿子 柿餅進口 ,886.3
114/11/05,Z9 柿子 進口 ,409.6
114/11/06,129 椰子 剝殼進口 ,50.0
114/11/06,469 藍莓 進口 ,138.8
114/11/06,839 櫻桃 進口 ,219.0
114/11/06,849 石榴 進口 ,200.0
114/11/06,919 其他 進口 ,200.0
114/11/06,C9 柑橘 進口 ,43.4
114/11/06,E9 甜橙 進口 ,82.2
114/11/06,G39 酪梨 進口 ,55.9
114/11/06,G49 奇異果 進口 ,108.2
114/11/06,O9 梨 其他進口 ,57.7
114/11/06,S49 葡萄 無子進口 ,107.7
114/11/06,S9 葡萄 進口 ,150.9
114/11/06,W9 洋香瓜 進口 ,286.4
114/11/06,X49 蘋果 金冠進口 ,93.3
114/11/06,X59 蘋果 紅玉進口 ,150.0
114/11/06,X69 蘋果 富士進口 ,48.2
114/11/06,Z39 柿子 柿餅進口 ,810.0
114/11/06,Z9 柿子 進口 ,476.1
114/11/07,129 椰子 剝殼進口 ,29.3
114/11/07,459 草莓 進口 ,177.8
114/11/07,469 藍莓 進口 ,127.2
114/11/07,839 櫻桃 進口 ,316.7
114/11/07,C9 柑橘 進口 ,51.6
114/11/07,E9 甜橙 進口 ,30.0
114/11/07,G39 酪梨 進口 ,63.3
114/11/07,G49 奇異果 進口 ,78.2
114/11/07,O9 梨 其他進口 ,49.8
114/11/07,S49 葡萄 無子進口 ,129.2
114/11/07,S9 葡萄 進口 ,142.2
114/11/07,X49 蘋果 金冠進口 ,137.3
114/11/07,X59 蘋果 紅玉進口 ,195.0
114/11/07,X69 蘋果 富士進口 ,87.9
114/11/07,Z39 柿子 柿餅進口 ,509.8
114/11/07,Z9 柿子 進口 ,407.6
114/11/08,129 椰子 剝殼進口 ,34.2
114/11/08,469 藍莓 進口 ,140.5
114/11/08,839 櫻桃 進口 ,246.3
114/11/08,849 石榴 進口 ,180.0
114/11/08,919 其他 進口 ,166.6
114/11/08,C9 柑橘 進口 ,65.9
114/11/08,E9 甜橙 進口 ,26.7
114/11/08,G39 酪梨 進口 ,48.0
114/11/08,G49 奇異果 進口 ,90.9
114/11/08,O9 梨 其他進口 ,57.8
114/11/08,S49 葡萄 無子進口 ,110.8
114/11/08,S9 葡萄 進口 ,189.0
114/11/08,X49 蘋果 金冠進口 ,108.4
114/11/08,X59 蘋果 紅玉進口 ,146.8
114/11/08,X69 蘋果 富士進口 ,84.0
114/11/08,Z39 柿子 柿餅進口 ,657.3
114/11/08,Z9 柿子 進口 ,330.5
114/11/09,129 椰子 剝殼進口 ,77.3
114/11/09,469 藍莓 進口 ,130.5
114/11/09,839 櫻桃 進口 ,295.9
114/11/09,849 石榴 進口 ,173.5
114/11/09,919 其他 進口 ,188.9
114/11/09,C9 柑橘 進口 ,37.7
114/11/09,E9 甜橙 進口 ,27.3
114/11/09,G39 酪梨 進口 ,106.7
114/11/09,G49 奇異果 進口 ,96.2
114/11/09,O9 梨 其他進口 ,87.7
114/11/09,S49 葡萄 無子進口 ,89.9
114/11/09,S9 葡萄 進口 ,194.9
114/11/09,W9 洋香瓜 進口 ,308.3
114/11/09,X49 蘋果 金冠進口 ,114.4
114/11/09,X59 蘋果 紅玉進口 ,160.9
114/11/09,X69 蘋果 富士進口 ,48.4
114/11/09,Z39 柿子 柿餅進口 ,704.1
114/11/09,Z9 柿子 進口 ,464.2
114/11/11,459 草莓 進口 ,177.8
114/11/11,469 藍莓 進口 ,142.7
114/11/11,839 櫻桃 進口 ,335.4
114/11/11,849 石榴 進口 ,190.0
114/11/11,919 其他 進口 ,181.0
114/11/11,C9 柑橘 進口 ,53.2
114/11/11,E9 甜橙 進口 ,37.7
114/11/11,G49 奇異果 進口 ,86.0
114/11/11,O9 梨 其他進口 ,50.1
114/11/11,S49 葡萄 無子進口 ,100.0
114/11/11,S9 葡萄 進口 ,175.9
114/11/11,W9 洋香瓜 進口 ,320.9
114/11/11,X49 蘋果 金冠進口 ,91.2
114/11/11,X59 蘋果 紅玉進口 ,220.8
114/11/11,X69 蘋果 富士進口 ,56.4
114/11/11,Z39 柿子 柿餅進口 ,500.0
114/11/11,Z9 柿子 進口 ,517.7
114/11/12,129 椰子 剝殼進口 ,46.6
114/11/12,469 藍莓 進口 ,53.9
114/11/12,839 櫻桃 進口 ,367.0
114/11/12,919 其他 進口 ,59.0
114/11/12,C9 柑橘 進口 ,151.5
114/11/12,E9 甜橙 進口 ,27.9
114/11/12,G39 酪梨 進口 ,88.5
114/11/12,G49 奇異果 進口 ,85.5
114/11/12,O9 梨 其他進口 ,59.3
114/11/12,S49 葡萄 無子進口 ,100.0
114/11/12,S9 葡萄 進口 ,183.9
114/11/12,X49 蘋果 金冠進口 ,121.8
114/11/12,X59 蘋果 紅玉進口 ,170.0
114/11/12,X69 蘋果 富士進口 ,50.0
114/11/12,Z39 柿子 柿餅進口 ,672.9
114/11/12,Z9 柿子 進口 ,306.8
114/11/14,129 椰子 剝殼進口 ,40.7
114/11/14,459 草莓 進口 ,177.8
114/11/14,469 藍莓 進口 ,184.2
114/11/14,839 櫻桃 進口 ,227.8
114/11/14,849 石榴 進口 ,200.0
114/11/14,859 榴槤 進口 ,100.0
114/11/14,919 其他 進口 ,162.2
114/11/14,C9 柑橘 進口 ,43.4
114/11/14,E9 甜橙 進口 ,33.5
114/11/14,G39 酪梨 進口 ,106.7
114/11/14,G49 奇異果 進口 ,92.2
114/11/14,O9 梨 其他進口 ,46.4
114/11/14,S49 葡萄 無子進口 ,100.0
114/11/14,S9 葡萄 進口 ,195.2
114/11/14,X49 蘋果 金冠進口 ,88.3
114/11/14,X59 蘋果 紅玉進口 ,221.4
114/11/14,X69 蘋果 富士進口 ,59.5
114/11/14,Z39 柿子 柿餅進口 ,640.0
114/11/14,Z9 柿子 進口 ,334.1
114/11/15,129 椰子 剝殼進口 ,39.5
114/11/15,469 藍莓 進口 ,144.8
114/11/15,839 櫻桃 進口 ,322.1
114/11/15,849 石榴 進口 ,150.0
114/11/15,859 榴槤 進口 ,120.0
114/11/15,919 其他 進口 ,165.9
114/11/15,C9 柑橘 進口 ,64.9
114/11/15,F9 雜柑 進口 ,511.1
114/11/15,G49 奇異果 進口 ,90.4
114/11/15,O9 梨 其他進口 ,55.0
114/11/15,S49 葡萄 無子進口 ,107.6
114/11/15,S9 葡萄 進口 ,187.1
114/11/15,W9 洋香瓜 進口 ,333.3
114/11/15,X49 蘋果 金冠進口 ,151.9
114/11/15,X59 蘋果 紅玉進口 ,183.3
114/11/15,X69 蘋果 富士進口 ,59.3
114/11/15,Z39 柿子 柿餅進口 ,583.8
114/11/15,Z9 柿子 進口 ,373.8
114/11/16,129 椰子 剝殼進口 ,75.0
114/11/16,469 藍莓 進口 ,162.0
114/11/16,839 櫻桃 進口 ,318.7
114/11/16,849 石榴 進口 ,150.0
114/11/16,919 其他 進口 ,200.0
114/11/16,C9 柑橘 進口 ,78.5
114/11/16,E9 甜橙 進口 ,22.5
114/11/16,F9 雜柑 進口 ,383.2
114/11/16,G49 奇異果 進口 ,85.3
114/11/16,O9 梨 其他進口 ,72.4
114/11/16,S49 葡萄 無子進口 ,116.7
114/11/16,S9 葡萄 進口 ,171.7
114/11/16,W9 洋香瓜 進口 ,325.0
114/11/16,X49 蘋果 金冠進口 ,77.3
114/11/16,X59 蘋果 紅玉進口 ,313.7
114/11/16,X69 蘋果 富士進口 ,50.5
114/11/16,Z39 柿子 柿餅進口 ,396.5
114/11/16,Z9 柿子 進口 ,312.4
114/11/18,129 椰子 剝殼進口 ,75.0
114/11/18,459 草莓 進口 ,177.8
114/11/18,469 藍莓 進口 ,141.7
114/11/18,839 櫻桃 進口 ,289.8
114/11/18,849 石榴 進口 ,132.3
114/11/18,919 其他 進口 ,193.3
114/11/18,C9 柑橘 進口 ,56.0
114/11/18,E9 甜橙 進口 ,70.3
114/11/18,F9 雜柑 進口 ,372.2
114/11/18,G49 奇異果 進口 ,90.6
114/11/18,O9 梨 其他進口 ,54.1
114/11/18,S49 葡萄 無子進口 ,120.6
114/11/18,S9 葡萄 進口 ,164.6
114/11/18,W9 洋香瓜 進口 ,300.0
114/11/18,X39 蘋果 惠進口 ,44.4
114/11/18,X49 蘋果 金冠進口 ,80.0
114/11/18,X59 蘋果 紅玉進口 ,233.3
114/11/18,X69 蘋果 富士進口 ,54.8
114/11/18,Z39 柿子 柿餅進口 ,511.1
114/11/18,Z9 柿子 進口 ,800.0
114/11/19,129 椰子 剝殼進口 ,27.5
114/11/19,469 藍莓 進口 ,159.6
114/11/19,839 櫻桃 進口 ,435.7
114/11/19,849 石榴 進口 ,123.0
114/11/19,C9 柑橘 進口 ,60.6
114/11/19,E9 甜橙 進口 ,28.4
114/11/19,F9 雜柑 進口 ,233.4
114/11/19,G49 奇異果 進口 ,78.1
114/11/19,O9 梨 其他進口 ,46.8
114/11/19,S49 葡萄 無子進口 ,121.8
114/11/19,S9 葡萄 進口 ,138.0
114/11/19,W9 洋香瓜 進口 ,266.6
114/11/19,X49 蘋果 金冠進口 ,130.8
114/11/19,X59 蘋果 紅玉進口 ,197.3
114/11/19,X69 蘋果 富士進口 ,60.8
114/11/19,Z39 柿子 柿餅進口 ,473.6
114/11/19,Z9 柿子 進口 ,283.3
114/11/20,129 椰子 剝殼進口 ,55.0
114/11/20,459 草莓 進口 ,177.8
114/11/20,469 藍莓 進口 ,176.1
114/11/20,839 櫻桃 進口 ,303.3
114/11/20,849 石榴 進口 ,143.8
114/11/20,919 其他 進口 ,213.3
114/11/20,C9 柑橘 進口 ,184.8
114/11/20,E9 甜橙 進口 ,42.0
114/11/20,G39 酪梨 進口 ,98.2
114/11/20,G49 奇異果 進口 ,67.6
114/11/20,O9 梨 其他進口 ,124.4
114/11/20,S49 葡萄 無子進口 ,116.7
114/11/20,S9 葡萄 進口 ,134.7
114/11/20,W9 洋香瓜 進口 ,150.0
114/11/20,X49 蘋果 金冠進口 ,117.2
114/11/20,X59 蘋果 紅玉進口 ,173.3
114/11/20,X69 蘋果 富士進口 ,77.2
114/11/20,Z39 柿子 柿餅進口 ,520.7
114/11/20,Z9 柿子 進口 ,386.1
114/11/21,129 椰子 剝殼進口 ,70.0
114/11/21,469 藍莓 進口 ,152.4
114/11/21,839 櫻桃 進口 ,287.5
114/11/21,849 石榴 進口 ,120.0
114/11/21,859 榴槤 進口 ,100.0
114/11/21,C9 柑橘 進口 ,72.9
114/11/21,E9 甜橙 進口 ,22.1
114/11/21,F9 雜柑 進口 ,460.0
114/11/21,G49 奇異果 進口 ,100.9
114/11/21,O9 梨 其他進口 ,49.6
114/11/21,S49 葡萄 無子進口 ,111.5
114/11/21,S9 葡萄 進口 ,163.2
114/11/21,W9 洋香瓜 進口 ,223.4
114/11/21,X49 蘋果 金冠進口 ,80.0
114/11/21,X59 蘋果 紅玉進口 ,257.5
114/11/21,X69 蘋果 富士進口 ,69.9
114/11/21,Z39 柿子 柿餅進口 ,544.5
114/11/21,Z9 柿子 進口 ,224.3
114/11/22,129 椰子 剝殼進口 ,71.7
114/11/22,469 藍莓 進口 ,153.0
114/11/22,839 櫻桃 進口 ,420.5
114/11/22,849 石榴 進口 ,128.4
114/11/22,919 其他 進口 ,143.2
114/11/22,C9 柑橘 進口 ,147.8
114/11/22,E9 甜橙 進口 ,36.7
114/11/22,F9 雜柑 進口 ,511.2
114/11/22,G49 奇異果 進口 ,103.4
114/11/22,O9 梨 其他進口 ,62.2
114/11/22,S49 葡萄 無子進口 ,118.3
114/11/22,S9 葡萄 進口 ,163.7
114/11/22,W9 洋香瓜 進口 ,150.0
114/11/22,X39 蘋果 惠進口 ,33.3
114/11/22,X49 蘋果 金冠進口 ,116.6
114/11/22,X59 蘋果 紅玉進口 ,342.3
114/11/22,X69 蘋果 富士進口 ,68.9
114/11/22,Z39 柿子 柿餅進口 ,357.7
114/11/22,Z9 柿子 進口 ,346.0
114/11/23,129 椰子 剝殼進口 ,68.9
114/11/23,459 草莓 進口 ,177.8
114/11/23,469 藍莓 進口 ,202.7
114/11/23,839 櫻桃 進口 ,328.0
114/11/23,849 石榴 進口 ,172.9
114/11/23,919 其他 進口 ,200.0
114/11/23,C9 柑橘 進口 ,226.7
114/11/23,E9 甜橙 進口 ,40.0
114/11/23,F9 雜柑 進口 ,383.4
114/11/23,G49 奇異果 進口 ,98.4
114/11/23,O9 梨 其他進口 ,62.9
114/11/23,S49 葡萄 無子進口 ,112.5
114/11/23,S9 葡萄 進口 ,190.2
114/11/23,W9 洋香瓜 進口 ,162.5
114/11/23,X39 蘋果 惠進口 ,40.0
114/11/23,X49 蘋果 金冠進口 ,49.8
114/11/23,X59 蘋果 紅玉進口 ,400.0
114/11/23,X69 蘋果 富士進口 ,83.1
114/11/23,Z39 柿子 柿餅進口 ,600.0
114/11/23,Z9 柿子 進口 ,485.9
114/11/25,129 椰子 剝殼進口 ,57.2
114/11/25,459 草莓 進口 ,177.8
114/11/25,469 藍莓 進口 ,147.9
114/11/25,839 櫻桃 進口 ,510.3
114/11/25,849 石榴 進口 ,128.3
114/11/25,859 榴槤 進口 ,100.0
114/11/25,919 其他 進口 ,206.6
114/11/25,C9 柑橘 進口 ,83.3
114/11/25,E9 甜橙 進口 ,41.2
114/11/25,F9 雜柑 進口 ,383.4
114/11/25,G49 奇異果 進口 ,92.9
114/11/25,O9 梨 其他進口 ,50.2
114/11/25,S49 葡萄 無子進口 ,120.1
114/11/25,S9 葡萄 進口 ,164.3
114/11/25,W9 洋香瓜 進口 ,175.0
114/11/25,X39 蘋果 惠進口 ,37.0
114/11/25,X59 蘋果 紅玉進口 ,257.8
114/11/25,X69 蘋果 富士進口 ,56.2
114/11/25,Z39 柿子 柿餅進口 ,755.6
114/11/25,Z9 柿子 進口 ,380.3
114/11/26,129 椰子 剝殼進口 ,63.2
114/11/26,469 藍莓 進口 ,147.1
114/11/26,839 櫻桃 進口 ,380.8
114/11/26,849 石榴 進口 ,118.3
114/11/26,C9 柑橘 進口 ,57.2
114/11/26,E9 甜橙 進口 ,8.0
114/11/26,F9 雜柑 進口 ,80.0
114/11/26,G49 奇異果 進口 ,79.8
114/11/26,O9 梨 其他進口 ,43.2
114/11/26,S49 葡萄 無子進口 ,109.7
114/11/26,S9 葡萄 進口 ,159.7
114/11/26,X09 蘋果 其他進口 ,43.3
114/11/26,X49 蘋果 金冠進口 ,118.8
114/11/26,X59 蘋果 紅玉進口 ,287.5
114/11/26,X69 蘋果 富士進口 ,67.7
114/11/26,Z39 柿子 柿餅進口 ,833.3
114/11/26,Z9 柿子 進口 ,422.2
114/11/27,129 椰子 剝殼進口 ,55.0
114/11/27,469 藍莓 進口 ,156.7
114/11/27,839 櫻桃 進口 ,301.6
114/11/27,849 石榴 進口 ,131.7
114/11/27,919 其他 進口 ,152.7
114/11/27,C9 柑橘 進口 ,241.8
114/11/27,E9 甜橙 進口 ,8.0
114/11/27,F9 雜柑 進口 ,459.9
114/11/27,G49 奇異果 進口 ,61.0
114/11/27,S9 葡萄 進口 ,160.9
114/11/27,W9 洋香瓜 進口 ,305.5
114/11/27,X49 蘋果 金冠進口 ,116.7
114/11/27,X59 蘋果 紅玉進口 ,250.0
114/11/27,X69 蘋果 富士進口 ,54.7
114/11/27,Z39 柿子 柿餅進口 ,400.0
114/11/27,Z9 柿子 進口 ,352.6
114/11/28,129 椰子 剝殼進口 ,23.3
114/11/28,469 藍莓 進口 ,186.5
114/11/28,839 櫻桃 進口 ,376.9
114/11/28,849 石榴 進口 ,131.9
114/11/28,919 其他 進口 ,933.3
114/11/28,C9 柑橘 進口 ,53.3
114/11/28,E9 甜橙 進口 ,34.5
114/11/28,G49 奇異果 進口 ,80.5
114/11/28,O9 梨 其他進口 ,93.3
114/11/28,S49 葡萄 無子進口 ,114.9
114/11/28,S9 葡萄 進口 ,186.1
114/11/28,W9 洋香瓜 進口 ,150.0
114/11/28,X49 蘋果 金冠進口 ,120.8
114/11/28,X59 蘋果 紅玉進口 ,290.0
114/11/28,X69 蘋果 富士進口 ,59.3
114/11/28,Z39 柿子 柿餅進口 ,906.2
114/11/28,Z9 柿子 進口 ,138.7
114/11/29,129 椰子 剝殼進口 ,25.4
114/11/29,469 藍莓 進口 ,132.3
114/11/29,839 櫻桃 進口 ,290.0
114/11/29,849 石榴 進口 ,124.0
114/11/29,859 榴槤 進口 ,133.3
114/11/29,919 其他 進口 ,188.9
114/11/29,C9 柑橘 進口 ,85.8
114/11/29,E9 甜橙 進口 ,22.2
114/11/29,G49 奇異果 進口 ,69.7
114/11/29,O9 梨 其他進口 ,129.0
114/11/29,S9 葡萄 進口 ,166.6
114/11/29,W9 洋香瓜 進口 ,197.2
114/11/29,X49 蘋果 金冠進口 ,115.0
114/11/29,X59 蘋果 紅玉進口 ,224.2
114/11/29,X69 蘋果 富士進口 ,66.7
114/11/29,Z39 柿子 柿餅進口 ,450.0
114/11/29,Z9 柿子 進口 ,482.5
114/11/30,129 椰子 剝殼進口 ,53.0
114/11/30,459 草莓 進口 ,177.8
114/11/30,469 藍莓 進口 ,165.9
114/11/30,839 櫻桃 進口 ,307.3
114/11/30,849 石榴 進口 ,133.3
114/11/30,859 榴槤 進口 ,147.5
114/11/30,919 其他 進口 ,189.8
114/11/30,C9 柑橘 進口 ,218.0
114/11/30,F9 雜柑 進口 ,333.4
114/11/30,G49 奇異果 進口 ,77.2
114/11/30,O9 梨 其他進口 ,44.4
114/11/30,S9 葡萄 進口 ,181.1
114/11/30,X59 蘋果 紅玉進口 ,245.0
114/11/30,X69 蘋果 富士進口 ,70.1
114/11/30,Z39 柿子 柿餅進口 ,372.4
114/11/30,Z9 柿子 進口 ,306.8
114/12/02,129 椰子 剝殼進口 ,36.3
114/12/02,459 草莓 進口 ,602.4
114/12/02,469 藍莓 進口 ,143.2
114/12/02,839 櫻桃 進口 ,327.9
114/12/02,849 石榴 進口 ,132.5
114/12/02,859 榴槤 進口 ,149.0
114/12/02,919 其他 進口 ,162.3
114/12/02,C9 柑橘 進口 ,148.3
114/12/02,E9 甜橙 進口 ,14.9
114/12/02,F9 雜柑 進口 ,383.2
114/12/02,G49 奇異果 進口 ,82.8
114/12/02,O9 梨 其他進口 ,50.6
114/12/02,S9 葡萄 進口 ,129.6
114/12/02,W9 洋香瓜 進口 ,257.1
114/12/02,X39 蘋果 惠進口 ,33.3
114/12/02,X49 蘋果 金冠進口 ,120.0
114/12/02,X59 蘋果 紅玉進口 ,257.9
114/12/02,X69 蘋果 富士進口 ,72.6
114/12/02,Z39 柿子 柿餅進口 ,495.3
114/12/02,Z9 柿子 進口 ,457.1
114/12/03,459 草莓 進口 ,548.7
114/12/03,469 藍莓 進口 ,45.5
114/12/03,839 櫻桃 進口 ,337.5
114/12/03,859 榴槤 進口 ,150.0
114/12/03,919 其他 進口 ,46.7
114/12/03,C9 柑橘 進口 ,78.1
114/12/03,E9 甜橙 進口 ,23.1
114/12/03,F9 雜柑 進口 ,466.7
114/12/03,G49 奇異果 進口 ,76.2
114/12/03,O9 梨 其他進口 ,56.6
114/12/03,S49 葡萄 無子進口 ,137.1
114/12/03,S9 葡萄 進口 ,132.6
114/12/03,W9 洋香瓜 進口 ,150.0
114/12/03,X49 蘋果 金冠進口 ,106.7
114/12/03,X59 蘋果 紅玉進口 ,275.0
114/12/03,X69 蘋果 富士進口 ,70.8
114/12/03,Z39 柿子 柿餅進口 ,772.6
114/12/03,Z9 柿子 進口 ,717.4
114/12/04,459 草莓 進口 ,390.8
114/12/04,469 藍莓 進口 ,186.2
114/12/04,839 櫻桃 進口 ,347.5
114/12/04,849 石榴 進口 ,100.0
114/12/04,859 榴槤 進口 ,150.0
114/12/04,919 其他 進口 ,165.1
114/12/04,C9 柑橘 進口 ,233.8
114/12/04,F9 雜柑 進口 ,86.5
114/12/04,G49 奇異果 進口 ,89.4
114/12/04,O9 梨 其他進口 ,106.7
114/12/04,S9 葡萄 進口 ,163.0
114/12/04,W9 洋香瓜 進口 ,231.7
114/12/04,X49 蘋果 金冠進口 ,152.1
114/12/04,X59 蘋果 紅玉進口 ,213.0
114/12/04,X69 蘋果 富士進口 ,84.2
114/12/04,Z39 柿子 柿餅進口 ,414.8
114/12/04,Z9 柿子 進口 ,501.6
114/12/05,459 草莓 進口 ,501.2
114/12/05,469 藍莓 進口 ,138.9
114/12/05,839 櫻桃 進口 ,368.2
114/12/05,849 石榴 進口 ,156.5
114/12/05,859 榴槤 進口 ,106.7
114/12/05,919 其他 進口 ,166.7
114/12/05,C9 柑橘 進口 ,106.9
114/12/05,E9 甜橙 進口 ,8.0
114/12/05,G49 奇異果 進口 ,88.0
114/12/05,O9 梨 其他進口 ,56.7
114/12/05,S49 葡萄 無子進口 ,157.1
114/12/05,S9 葡萄 進口 ,164.3
114/12/05,W9 洋香瓜 進口 ,187.5
114/12/05,X49 蘋果 金冠進口 ,133.3
114/12/05,X59 蘋果 紅玉進口 ,283.3
114/12/05,X69 蘋果 富士進口 ,42.1
114/12/05,Z39 柿子 柿餅進口 ,477.8
114/12/05,Z9 柿子 進口 ,666.6
114/12/06,459 草莓 進口 ,611.1
114/12/06,469 藍莓 進口 ,156.7
114/12/06,839 櫻桃 進口 ,376.0
114/12/06,849 石榴 進口 ,148.1
114/12/06,859 榴槤 進口 ,118.5
114/12/06,919 其他 進口 ,186.7
114/12/06,C9 柑橘 進口 ,454.0
114/12/06,E9 甜橙 進口 ,33.7
114/12/06,F9 雜柑 進口 ,445.6
114/12/06,G49 奇異果 進口 ,93.8
114/12/06,O9 梨 其他進口 ,57.1
114/12/06,S9 葡萄 進口 ,120.6
114/12/06,W9 洋香瓜 進口 ,300.0
114/12/06,X69 蘋果 富士進口 ,66.0
114/12/06,Z39 柿子 柿餅進口 ,557.4
114/12/06,Z9 柿子 進口 ,446.9
114/12/07,459 草莓 進口 ,452.6
114/12/07,469 藍莓 進口 ,154.4
114/12/07,839 櫻桃 進口 ,329.4
114/12/07,849 石榴 進口 ,105.0
114/12/07,919 其他 進口 ,200.0
114/12/07,C9 柑橘 進口 ,242.9
114/12/07,E9 甜橙 進口 ,30.5
114/12/07,F9 雜柑 進口 ,444.3
114/12/07,G49 奇異果 進口 ,88.1
114/12/07,O9 梨 其他進口 ,51.6
114/12/07,S49 葡萄 無子進口 ,133.3
114/12/07,S9 葡萄 進口 ,152.2
114/12/07,W9 洋香瓜 進口 ,300.0
114/12/07,X49 蘋果 金冠進口 ,33.3
114/12/07,X59 蘋果 紅玉進口 ,266.0
114/12/07,X69 蘋果 富士進口 ,70.4
114/12/07,Z39 柿子 柿餅進口 ,491.0
114/12/09,459 草莓 進口 ,459.1
114/12/09,469 藍莓 進口 ,149.5
114/12/09,839 櫻桃 進口 ,450.8
114/12/09,849 石榴 進口 ,133.8
114/12/09,859 榴槤 進口 ,111.1
114/12/09,919 其他 進口 ,200.0
114/12/09,C9 柑橘 進口 ,283.3
114/12/09,E9 甜橙 進口 ,60.6
114/12/09,G39 酪梨 進口 ,50.0
114/12/09,G49 奇異果 進口 ,78.2
114/12/09,O9 梨 其他進口 ,57.4
114/12/09,S9 葡萄 進口 ,143.4
114/12/09,X59 蘋果 紅玉進口 ,221.0
114/12/09,X69 蘋果 富士進口 ,60.8
114/12/09,Z39 柿子 柿餅進口 ,439.0
114/12/10,129 椰子 剝殼進口 ,50.0
114/12/10,459 草莓 進口 ,452.6
114/12/10,469 藍莓 進口 ,167.5
114/12/10,839 櫻桃 進口 ,153.8
114/12/10,849 石榴 進口 ,130.7
114/12/10,859 榴槤 進口 ,106.7
114/12/10,919 其他 進口 ,112.1
114/12/10,C9 柑橘 進口 ,124.4
114/12/10,E9 甜橙 進口 ,23.7
114/12/10,F9 雜柑 進口 ,283.3
114/12/10,G39 酪梨 進口 ,40.0
114/12/10,O9 梨 其他進口 ,44.4
114/12/10,S49 葡萄 無子進口 ,145.3
114/12/10,S9 葡萄 進口 ,158.4
114/12/10,W9 洋香瓜 進口 ,360.0
114/12/10,X09 蘋果 其他進口 ,112.4
114/12/10,X49 蘋果 金冠進口 ,110.6
114/12/10,X59 蘋果 紅玉進口 ,210.0
114/12/10,X69 蘋果 富士進口 ,69.8
114/12/10,Z39 柿子 柿餅進口 ,420.2
114/12/10,Z9 柿子 進口 ,573.6
114/12/12,459 草莓 進口 ,460.0
114/12/12,469 藍莓 進口 ,189.4
114/12/12,839 櫻桃 進口 ,478.0
114/12/12,849 石榴 進口 ,116.2
114/12/12,919 其他 進口 ,279.9
114/12/12,C9 柑橘 進口 ,264.2
114/12/12,E9 甜橙 進口 ,22.0
114/12/12,F9 雜柑 進口 ,350.0
114/12/12,G39 酪梨 進口 ,76.6
114/12/12,G49 奇異果 進口 ,83.0
114/12/12,O9 梨 其他進口 ,62.3
114/12/12,S49 葡萄 無子進口 ,152.4
114/12/12,S9 葡萄 進口 ,139.9
114/12/12,W9 洋香瓜 進口 ,225.0
114/12/12,X09 蘋果 其他進口 ,224.8
114/12/12,X49 蘋果 金冠進口 ,137.4
114/12/12,X59 蘋果 紅玉進口 ,237.3
114/12/12,X69 蘋果 富士進口 ,61.8
114/12/12,Z39 柿子 柿餅進口 ,505.1
114/12/12,Z9 柿子 進口 ,473.1
114/12/13,459 草莓 進口 ,428.7
114/12/13,469 藍莓 進口 ,164.2
114/12/13,839 櫻桃 進口 ,343.7
114/12/13,849 石榴 進口 ,134.4
114/12/13,859 榴槤 進口 ,106.7
114/12/13,919 其他 進口 ,158.8
114/12/13,C9 柑橘 進口 ,260.1
114/12/13,E9 甜橙 進口 ,23.0
114/12/13,F9 雜柑 進口 ,175.0
114/12/13,G39 酪梨 進口 ,31.8
114/12/13,G49 奇異果 進口 ,88.0
114/12/13,O9 梨 其他進口 ,69.8
114/12/13,S49 葡萄 無子進口 ,138.8
114/12/13,S9 葡萄 進口 ,160.1
114/12/13,W9 洋香瓜 進口 ,300.0
114/12/13,X39 蘋果 惠進口 ,40.0
114/12/13,X49 蘋果 金冠進口 ,138.5
114/12/13,X59 蘋果 紅玉進口 ,197.6
114/12/13,X69 蘋果 富士進口 ,54.1
114/12/13,Z39 柿子 柿餅進口 ,422.2
114/12/13,Z9 柿子 進口 ,584.4
114/12/14,129 椰子 剝殼進口 ,70.0
114/12/14,459 草莓 進口 ,471.7
114/12/14,469 藍莓 進口 ,180.6
114/12/14,839 櫻桃 進口 ,387.8
114/12/14,849 石榴 進口 ,120.0
114/12/14,919 其他 進口 ,203.9
114/12/14,C9 柑橘 進口 ,251.1
114/12/14,E9 甜橙 進口 ,41.4
114/12/14,F9 雜柑 進口 ,386.0
114/12/14,G39 酪梨 進口 ,133.3
114/12/14,G49 奇異果 進口 ,99.0
114/12/14,O9 梨 其他進口 ,57.8
114/12/14,S9 葡萄 進口 ,135.6
114/12/14,W9 洋香瓜 進口 ,165.0
114/12/14,X59 蘋果 紅玉進口 ,188.8
114/12/14,X69 蘋果 富士進口 ,57.3
114/12/14,Z39 柿子 柿餅進口 ,709.5
114/12/14,Z9 柿子 進口 ,448.9
114/12/16,459 草莓 進口 ,525.2
114/12/16,469 藍莓 進口 ,143.8
114/12/16,839 櫻桃 進口 ,361.6
114/12/16,859 榴槤 進口 ,104.6
114/12/16,919 其他 進口 ,81.8
114/12/16,C9 柑橘 進口 ,259.1
114/12/16,E9 甜橙 進口 ,57.1
114/12/16,F9 雜柑 進口 ,500.0
114/12/16,G49 奇異果 進口 ,86.9
114/12/16,O9 梨 其他進口 ,86.2
114/12/16,S9 葡萄 進口 ,172.0
114/12/16,X59 蘋果 紅玉進口 ,219.3
114/12/16,X69 蘋果 富士進口 ,50.8
114/12/16,Z39 柿子 柿餅進口 ,549.8
114/12/16,Z9 柿子 進口 ,490.9
114/12/17,459 草莓 進口 ,444.7
114/12/17,469 藍莓 進口 ,127.3
114/12/17,839 櫻桃 進口 ,329.8
114/12/17,C9 柑橘 進口 ,261.4
114/12/17,E9 甜橙 進口 ,46.4
114/12/17,F9 雜柑 進口 ,862.8
114/12/17,G49 奇異果 進口 ,92.1
114/12/17,O9 梨 其他進口 ,50.8
114/12/17,S49 葡萄 無子進口 ,123.8
114/12/17,S9 葡萄 進口 ,162.2
114/12/17,W9 洋香瓜 進口 ,150.0
114/12/17,X49 蘋果 金冠進口 ,121.3
114/12/17,X59 蘋果 紅玉進口 ,204.7
114/12/17,X69 蘋果 富士進口 ,95.9
114/12/17,Z39 柿子 柿餅進口 ,753.3
114/12/17,Z9 柿子 進口 ,516.6
114/12/18,129 椰子 剝殼進口 ,65.0
114/12/18,459 草莓 進口 ,467.4
114/12/18,469 藍莓 進口 ,144.6
114/12/18,839 櫻桃 進口 ,533.2
114/12/18,859 榴槤 進口 ,109.4
114/12/18,919 其他 進口 ,111.1
114/12/18,C9 柑橘 進口 ,146.4
114/12/18,E9 甜橙 進口 ,35.3
114/12/18,F9 雜柑 進口 ,447.6
114/12/18,G49 奇異果 進口 ,73.4
114/12/18,O9 梨 其他進口 ,50.7
114/12/18,S9 葡萄 進口 ,140.4
114/12/18,W9 洋香瓜 進口 ,367.7
114/12/18,X29 蘋果 秋香進口 ,86.3
114/12/18,X49 蘋果 金冠進口 ,118.7
114/12/18,X59 蘋果 紅玉進口 ,254.4
114/12/18,X69 蘋果 富士進口 ,78.7
114/12/18,Z39 柿子 柿餅進口 ,626.9
114/12/19,459 草莓 進口 ,456.7
114/12/19,469 藍莓 進口 ,109.0
114/12/19,839 櫻桃 進口 ,426.6
114/12/19,919 其他 進口 ,75.8
114/12/19,C9 柑橘 進口 ,49.0
114/12/19,E9 甜橙 進口 ,32.5
114/12/19,F9 雜柑 進口 ,450.7
114/12/19,G49 奇異果 進口 ,94.2
114/12/19,O9 梨 其他進口 ,60.1
114/12/19,S9 葡萄 進口 ,144.6
114/12/19,X49 蘋果 金冠進口 ,106.7
114/12/19,X59 蘋果 紅玉進口 ,215.4
114/12/19,X69 蘋果 富士進口 ,79.6
114/12/19,Z39 柿子 柿餅進口 ,576.7
114/12/19,Z9 柿子 進口 ,533.3
114/12/20,459 草莓 進口 ,414.9
114/12/20,469 藍莓 進口 ,181.5
114/12/20,839 櫻桃 進口 ,419.9
114/12/20,919 其他 進口 ,178.2
114/12/20,C9 柑橘 進口 ,113.6
114/12/20,E9 甜橙 進口 ,57.4
114/12/20,F9 雜柑 進口 ,430.1
114/12/20,G49 奇異果 進口 ,88.7
114/12/20,O9 梨 其他進口 ,63.5
114/12/20,S9 葡萄 進口 ,135.6
114/12/20,W9 洋香瓜 進口 ,166.6
114/12/20,X09 蘋果 其他進口 ,162.8
114/12/20,X39 蘋果 惠進口 ,40.0
114/12/20,X49 蘋果 金冠進口 ,80.0
114/12/20,X59 蘋果 紅玉進口 ,213.3
114/12/20,X69 蘋果 富士進口 ,60.2
114/12/20,Z39 柿子 柿餅進口 ,617.9
114/12/20,Z9 柿子 進口 ,883.4
114/12/21,459 草莓 進口 ,468.7
114/12/21,469 藍莓 進口 ,95.9
114/12/21,839 櫻桃 進口 ,156.2
114/12/21,919 其他 進口 ,200.0
114/12/21,C9 柑橘 進口 ,410.7
114/12/21,E9 甜橙 進口 ,54.6
114/12/21,F9 雜柑 進口 ,441.1
114/12/21,G49 奇異果 進口 ,81.3
114/12/21,O9 梨 其他進口 ,64.0
114/12/21,S49 葡萄 無子進口 ,166.1
114/12/21,S9 葡萄 進口 ,127.2
114/12/21,X09 蘋果 其他進口 ,173.3
114/12/21,X59 蘋果 紅玉進口 ,205.8
114/12/21,X69 蘋果 富士進口 ,96.2
114/12/21,Z39 柿子 柿餅進口 ,533.4
114/12/21,Z9 柿子 進口 ,800.0
114/12/23,459 草莓 進口 ,571.1
114/12/23,469 藍莓 進口 ,120.0
114/12/23,839 櫻桃 進口 ,449.1
114/12/23,849 石榴 進口 ,80.0
114/12/23,859 榴槤 進口 ,106.7
114/12/23,919 其他 進口 ,200.0
114/12/23,C9 柑橘 進口 ,148.8
114/12/23,E9 甜橙 進口 ,19.5
114/12/23,F9 雜柑 進口 ,284.8
114/12/23,G49 奇異果 進口 ,61.8
114/12/23,O9 梨 其他進口 ,51.0
114/12/23,S9 葡萄 進口 ,157.6
114/12/23,W9 洋香瓜 進口 ,222.2
114/12/23,X59 蘋果 紅玉進口 ,224.0
114/12/23,X69 蘋果 富士進口 ,69.5
114/12/23,Z39 柿子 柿餅進口 ,784.7
114/12/23,Z9 柿子 進口 ,656.8
114/12/24,459 草莓 進口 ,492.1
114/12/24,469 藍莓 進口 ,88.3
114/12/24,839 櫻桃 進口 ,398.1
114/12/24,C9 柑橘 進口 ,279.1
114/12/24,E9 甜橙 進口 ,23.5
114/12/24,F9 雜柑 進口 ,417.6
114/12/24,G49 奇異果 進口 ,74.6
114/12/24,O9 梨 其他進口 ,56.9
114/12/24,S9 葡萄 進口 ,138.7
114/12/24,W9 洋香瓜 進口 ,166.8
114/12/24,X49 蘋果 金冠進口 ,160.0
114/12/24,X59 蘋果 紅玉進口 ,271.8
114/12/24,X69 蘋果 富士進口 ,78.5
114/12/24,Z39 柿子 柿餅進口 ,400.0
114/12/24,Z9 柿子 進口 ,533.4
114/12/25,459 草莓 進口 ,615.0
114/12/25,469 藍莓 進口 ,68.9
114/12/25,839 櫻桃 進口 ,428.1
114/12/25,859 榴槤 進口 ,117.3
114/12/25,919 其他 進口 ,84.7
114/12/25,C9 柑橘 進口 ,267.2
114/12/25,E9 甜橙 進口 ,31.0
114/12/25,F9 雜柑 進口 ,477.2
114/12/25,G49 奇異果 進口 ,58.1
114/12/25,S49 葡萄 無子進口 ,156.6
114/12/25,S9 葡萄 進口 ,129.7
114/12/25,W9 洋香瓜 進口 ,194.5
114/12/25,X59 蘋果 紅玉進口 ,286.0
114/12/25,X69 蘋果 富士進口 ,60.8
114/12/25,Y9 桃子 進口 ,268.4
114/12/25,Z39 柿子 柿餅進口 ,600.0
114/12/26,459 草莓 進口 ,490.0
114/12/26,469 藍莓 進口 ,91.5
114/12/26,839 櫻桃 進口 ,229.2
114/12/26,859 榴槤 進口 ,153.3
114/12/26,C9 柑橘 進口 ,366.6
114/12/26,E9 甜橙 進口 ,49.3
114/12/26,F9 雜柑 進口 ,129.0
114/12/26,G49 奇異果 進口 ,87.8
114/12/26,O9 梨 其他進口 ,58.6
114/12/26,S9 葡萄 進口 ,159.9
114/12/26,W9 洋香瓜 進口 ,283.2
114/12/26,X59 蘋果 紅玉進口 ,250.0
114/12/26,X69 蘋果 富士進口 ,78.9
114/12/26,Y39 桃子 甜桃進口 ,76.4
114/12/26,Y9 桃子 進口 ,267.5
114/12/26,Z39 柿子 柿餅進口 ,500.0
114/12/26,Z9 柿子 進口 ,570.4
114/12/27,459 草莓 進口 ,558.8
114/12/27,469 藍莓 進口 ,131.4
114/12/27,839 櫻桃 進口 ,223.8
114/12/27,859 榴槤 進口 ,116.1
114/12/27,919 其他 進口 ,170.0
114/12/27,C9 柑橘 進口 ,56.0
114/12/27,E9 甜橙 進口 ,61.1
114/12/27,F9 雜柑 進口 ,452.4
114/12/27,G49 奇異果 進口 ,85.4
114/12/27,N9 李 進口 ,107.9
114/12/27,O9 梨 其他進口 ,54.3
114/12/27,S9 葡萄 進口 ,170.3
114/12/27,W9 洋香瓜 進口 ,283.4
114/12/27,X09 蘋果 其他進口 ,164.7
114/12/27,X59 蘋果 紅玉進口 ,266.0
114/12/27,X69 蘋果 富士進口 ,67.3
114/12/27,Y39 桃子 甜桃進口 ,66.7
114/12/27,Z9 柿子 進口 ,525.9
114/12/28,459 草莓 進口 ,529.0
114/12/28,469 藍莓 進口 ,80.2
114/12/28,839 櫻桃 進口 ,203.9
114/12/28,919 其他 進口 ,191.1
114/12/28,C9 柑橘 進口 ,110.9
114/12/28,E9 甜橙 進口 ,22.8
114/12/28,F9 雜柑 進口 ,461.5
114/12/28,G49 奇異果 進口 ,87.1
114/12/28,N9 李 進口 ,400.0
114/12/28,O9 梨 其他進口 ,50.5
114/12/28,S49 葡萄 無子進口 ,4250.0
114/12/28,S9 葡萄 進口 ,160.6
114/12/28,W9 洋香瓜 進口 ,500.0
114/12/28,X09 蘋果 其他進口 ,67.8
114/12/28,X49 蘋果 金冠進口 ,160.0
114/12/28,X59 蘋果 紅玉進口 ,229.1
114/12/28,X69 蘋果 富士進口 ,65.0
114/12/28,Y19 桃子 水蜜桃進口 ,210.0
114/12/28,Y39 桃子 甜桃進口 ,82.2
114/12/28,Y9 桃子 進口 ,339.6
114/12/28,Z39 柿子 柿餅進口 ,587.6
114/12/28,Z9 柿子 進口 ,570.4
114/12/30,459 草莓 進口 ,401.8
114/12/30,469 藍莓 進口 ,111.2
114/12/30,839 櫻桃 進口 ,170.9
114/12/30,859 榴槤 進口 ,109.5
114/12/30,919 其他 進口 ,51.1
114/12/30,C9 柑橘 進口 ,293.4
114/12/30,E9 甜橙 進口 ,21.8
114/12/30,F9 雜柑 進口 ,453.3
114/12/30,G39 酪梨 進口 ,106.7
114/12/30,G49 奇異果 進口 ,86.5
114/12/30,O9 梨 其他進口 ,48.8
114/12/30,S49 葡萄 無子進口 ,122.8
114/12/30,S9 葡萄 進口 ,160.3
114/12/30,X09 蘋果 其他進口 ,169.3
114/12/30,X59 蘋果 紅玉進口 ,217.8
114/12/30,X69 蘋果 富士進口 ,79.7
114/12/30,Y39 桃子 甜桃進口 ,95.3
114/12/30,Y9 桃子 進口 ,350.0
114/12/30,Z39 柿子 柿餅進口 ,905.6
114/12/30,Z9 柿子 進口 ,533.4
114/12/31,459 草莓 進口 ,912.8
114/12/31,469 藍莓 進口 ,115.4
114/12/31,839 櫻桃 進口 ,283.6
114/12/31,859 榴槤 進口 ,113.3
114/12/31,919 其他 進口 ,200.0
114/12/31,C9 柑橘 進口 ,66.7
114/12/31,E9 甜橙 進口 ,20.4
114/12/31,F9 雜柑 進口 ,442.3
114/12/31,G39 酪梨 進口 ,106.6
114/12/31,G49 奇異果 進口 ,103.4
114/12/31,N9 李 進口 ,400.0
114/12/31,O9 梨 其他進口 ,62.7
114/12/31,S49 葡萄 無子進口 ,117.5
114/12/31,S9 葡萄 進口 ,161.2
114/12/31,W9 洋香瓜 進口 ,166.7
114/12/31,X09 蘋果 其他進口 ,218.0
114/12/31,X49 蘋果 金冠進口 ,117.6
114/12/31,X59 蘋果 紅玉進口 ,196.5
114/12/31,X69 蘋果 富士進口 ,82.4
114/12/31,Y19 桃子 水蜜桃進口 ,180.0
114/12/31,Y39 桃子 甜桃進口 ,74.1
114/12/31,Z39 柿子 柿餅進口 ,700.0
114/12/31,Z9 柿子 進口 ,600.0
